version,entry_mode,exchange,symbol,base,asset_group,signal_time,entry_time,entry,stop,risk_price,stop_pct,ret4_before_entry_pct,ret8_before_entry_pct,volume_ratio,volume_build_3v20,range20_atr,ema20_slope8_atr,prior_resistance_room_r,score,audit_future_8h_gain_pct,audit_became_own_pump_within_8h,audit_own_pump_threshold_pct,rr,tp1,tp2,tp3,exit_time,exit_price,exit_reason,outcome,gross_r,net_r,profit_usdt,bucket,month,walkforward_quality,module,priority_score,垃圾分數,垃圾原因,救援A_低熱穩定,救援B_低熱趨勢,forced_for_core,結果,candidate_id,source_version,candidate_family,slot,direction,tp1_time,tp2_time,tp3_time,selected_ma,ma_reason,risk_usdt,realized_profit_usdt,unrealized_profit_usdt,priority_components,rr1,forced_by_core,replaced_by,entry_time_utc8,exit_time_utc8,統一淨利U,方案,direction_v92,selected_ma_v92,ma_reason_v92,ma_last_reason_v92,ma5_observed_days_v92,ma10_observed_days_v92,ma_exit_period_v92,strong_runner_v92,strong_runner_reason_v92,tp1_weight_v92,tp2_weight_v92,tp3_weight_v92,runner_weight_v92,ma5_history_score,ma10_history_score,tp1_time_v92,tp2_time_v92,tp3_time_v92,ma_exit_time_v92,final_exit_time_v92,final_exit_price_v92,final_exit_reason_v92,remaining_pct_v92,gross_r_v92,realized_net_r_v92,realized_profit_usdt_v92,unrealized_net_r_v92,unrealized_profit_usdt_v92,outcome_v92,last_time_v92,last_price_v92,回測狀態,V96來源,V97類別,V115原進場,V115確認收盤,V98擋下原因,V98原類別,portfolio_kind,priority,V234_source_candidate_id,V234_original_entry_time,V234_original_signal_time,post_tp1_ma_days,post_tp1_ma_reason,V101頂級例外原因,已實現淨利_USDT,source_entry,source_symbol,cross_exchange_ratio,V154原Entry,V154最終Entry,V154原訊號時間,V154回踩成交時間,V154原停損,V154結構點,V154結構點時間,V154進場前ATR,V154結構緩衝ATR,V154結構停損,V154風險增加_pct,V154原TP1不變,V154結構後RR,V154最高可接受Entry,V154模式,V157頂級救援,V157救援原停損_pct,V157救援量能堆積,V157救援進場前8根漲幅_pct
V84,均線假跌破站回,Binance,ETH/USDT:USDT,ETH,ETH,2025-08-05 23:00:00+00:00,2025-08-05 23:15:00+00:00,3607.92,3540.7619142857143,67.15808571428579,0.0186140728492554,0.88556201171055,0.9315649451831388,1.95630682874791,1.1675206700868428,4.5159587006742,0.1496105587147358,inf,33.279172744058165,1.4820132319640411,False,1.5837142961596644,4.0,3876.5523428571432,3943.710428571429,4010.868514285715,2025-08-08 13:45:00+00:00,4010.868514285715,TP3賣全部剩餘,勝,4.0,3.900607843512021,39.00607843512021,2025-08-05 23:15:00+00:00,2025-08,,V88_ETH暴漲前布局,0.3327917274405816,0.0,,False,False,False,,,,,,LONG,,,,,,,,,,4.0,,,,,39.00607843512021,只限BTCETH加大尾單,LONG,10,歷史不足，保守使用10日均線,短線轉弱或趨勢不夠順（效率0.22），使用5日線,4,5,5.0,True,ETH核心資產,0.25,0.2,0.15,0.4,,,2025-08-07 20:45:00+00:00,2025-08-08 03:15:00+00:00,2025-08-08 13:45:00+00:00,2025-08-16 00:00:00+00:00,2025-08-08 13:45:00+00:00,4010.868514285715,TP3賣全部剩餘,0.0,7.838973415816746,4.649023970914257,77.36157491248035,0.0,0.0,WIN,2026-07-29 17:15:00+00:00,1894.78,已平倉,保留V94核心,核心,,,,,CORE,0.3327917274405816,e90fdd4ab988eaa78691c6620eae5b453e040d9df5f5138e5ec8511e87581568,2025-08-05 23:15:00+00:00,2025-08-05 23:00:00+00:00,5.0,日K不足，先用5日線保護,,46.49023970914257,,,,,,,,,,,,,,,,,,,,,,
V84,壓縮早突破,Binance,BTC/USDT:USDT,BTC,BTC,2025-08-10 22:45:00+00:00,2025-08-10 23:00:00+00:00,119046.7,117975.68514285714,1071.014857142858,0.0089965942537076,0.3105883145991805,0.6505908582472797,1.5586066370024974,1.4800316544171646,3.286856172253581,0.3557524802788709,inf,41.92397735995563,2.8588804720168337,True,1.2,4.0,123330.75942857144,124401.77428571427,125472.78914285716,2025-08-14 12:30:00+00:00,119261.17708938044,含成本保本,勝,4.0,3.7981698850485945,37.98169885048595,2025-08-10 23:00:00+00:00,2025-08,,V85暴漲前布局,41.92397735995563,0.0,,False,False,False,,,,,,LONG,,,,,,,,,,4.000000000000013,,,,,37.98169885048595,只限BTCETH加大尾單,LONG,10,歷史不足，保守使用10日均線,趨勢完整且順暢（效率0.80），使用10日線,0,1,,True,BTC核心資產,0.25,0.2,0.15,0.4,,,2025-08-13 22:30:00+00:00,2025-08-14 00:30:00+00:00,,,2025-08-14 12:30:00+00:00,119261.17708938044,含成本保本,0.0,2.000000000000001,3.0970182160738355,17.999535744415066,0.0,0.0,WIN,2026-07-29 17:00:00+00:00,63849.9,已平倉,保留V94核心,核心,,,,,CORE,41.92397735995563,7db3790362bf16222b44ffd1af3b7e6eba2e8cd4329818cc92bd61c4b47f4d53,2025-08-10 23:00:00+00:00,2025-08-10 22:45:00+00:00,10.0,趨勢完整且順暢（效率0.45），使用10日線,,32.4099933532269,,,,,,,,,,,,,,,,,,,,,,
V84,壓縮早突破,Binance,DEXE/USDT:USDT,DEXE,小幣,2025-08-16 11:00:00+00:00,2025-08-16 11:15:00+00:00,7.351,7.252974285714286,0.0980257142857139,0.0133350175875001,0.5883157750718349,0.6296194908294694,2.3093071014705857,1.608512358416952,3.767705382436263,0.8632758981410296,15.210294674866711,46.700439455748295,0.6256800870511281,False,2.287695020368172,4.0,7.743102857142856,7.84112857142857,7.939154285714284,2025-08-18 08:15:00+00:00,7.252974285714286,原停損,敗,-1.0,-1.1328679633583612,-11.328679633583612,2025-08-16 11:15:00+00:00,,,V96強勢突破延續_驗證型,46.700439455748295,,,,,,,,,,,LONG,,,,,,10.0,,,,4.0,,,,,,只限BTCETH加大尾單,LONG,10,歷史不足，保守使用10日均線,歷史不足，保守使用10日均線,0,0,,False,一般配置,0.5,0.2,0.15,0.15,,,,,,,2025-08-18 08:15:00+00:00,7.252974285714286,原停損,0.0,-1.0,-1.1340829490804167,-11.32867963358361,0.0,0.0,LOSS,2026-07-29 23:45:00+00:00,2.748,已平倉,,新增,,,,,CORE,46.700439455748295,73d2fc7ab32c3e9244e43b0ae198067145f51a93afe54dfe6fda8eed7454cf40,2025-08-16 11:15:00+00:00,2025-08-16 11:00:00+00:00,0.0,,,-12.235623580749207,,,,,,,,,,,,,,,,,,,,,,
V84,壓縮早突破,Binance,IDOL/USDT:USDT,IDOL,小幣,2025-08-26 07:45:00+00:00,2025-08-26 08:00:00+00:00,0.01301,0.0125270571428571,0.0004829428571428,0.0371208960140584,1.5600624024961096,3.2513877874702724,2.702055847633241,1.7010195389002485,4.0794701986754935,0.8776249688633742,10.622374726379938,47.10746048327631,0.7680491551459223,False,4.624217621569563,4.0,0.0149417714285714,0.0154247142857142,0.0159076571428571,2025-08-27 09:00:00+00:00,0.0159076571428571,TP3賣全部剩餘,勝,4.0,3.9483818038999536,39.48381803899954,2025-08-26 08:00:00+00:00,,,V96強勢突破延續_驗證型,47.10746048327631,,,,,,,,,,,LONG,,,,,,10.0,,,,3.999999999999584,,,,,,只限BTCETH加大尾單,LONG,5,進場前歷史：5日均線持有品質較高,短線轉弱或趨勢不夠順（效率0.35），使用5日線,11,1,5.0,False,一般配置,0.5,0.2,0.15,0.15,0.1112326055991958,-0.2030208041055464,2025-08-27 08:45:00+00:00,2025-08-27 08:45:00+00:00,2025-08-27 09:00:00+00:00,2025-09-08 00:00:00+00:00,2025-08-27 09:00:00+00:00,0.0159076571428571,TP3賣全部剩餘,0.0,9.416180559663047,4.697234791160816,93.5973197165582,0.0,0.0,WIN,2026-07-29 23:45:00+00:00,0.01529,已平倉,,新增,,,,,CORE,47.10746048327631,5b758520abacdb8838e12abeaf5a1b17aaed8f3cd3d2b3c37f28f96eeef902e3,2025-08-26 08:00:00+00:00,2025-08-26 07:45:00+00:00,5.0,短線轉弱或趨勢不夠順（效率0.10），使用5日線,,50.10374114157032,,,,,,,,,,,,,,,,,,,,,,
V84,壓縮早突破,Binance,CHR/USDT:USDT,CHR,小幣,2025-08-28 00:00:00+00:00,2025-08-28 00:15:00+00:00,0.1005,0.0966091428571428,0.0038908571428571,0.0387149964463403,1.617795753286155,2.9713114754098324,2.580207149343176,1.6627702047404902,4.22641509433964,0.534731550101318,5.320164488177396,45.383229317067375,8.059701492537318,True,3.2091315136476326,4.0,0.1160634285714286,0.1199542857142857,0.1238451428571429,2025-08-29 06:30:00+00:00,0.0966091428571428,原停損,敗,-1.0,-1.0451804672404412,-10.451804672404412,2025-08-28 00:15:00+00:00,,,V96強勢突破延續_驗證型,45.383229317067375,,,,,,,,,,,LONG,,,,,,10.0,,,,3.999999999999936,,,,,,只限BTCETH加大尾單,LONG,10,進場前歷史：10日均線持有品質較高,進場前歷史：10日均線持有品質較高,0,0,,False,一般配置,0.5,0.2,0.15,0.15,-0.2833912849416634,-0.2691867875637009,,,,,2025-08-29 06:30:00+00:00,0.0966091428571428,原停損,0.0,-1.0,-1.0455936113966802,-10.451804672404403,0.0,0.0,LOSS,2026-07-29 23:45:00+00:00,0.01233,已平倉,,新增,,,,,CORE,45.383229317067375,9296dfb1c69e9080c2d3a340551ab1f742a18e33d39413f4bba87465d44651a8,2025-08-28 00:15:00+00:00,2025-08-28 00:00:00+00:00,0.0,,,-11.67685852821616,,,,,,,,,,,,,,,,,,,,,,
V84,壓縮早突破,Binance,MOVR/USDT:USDT,MOVR,小幣,2025-08-30 14:00:00+00:00,2025-08-30 14:15:00+00:00,6.566,6.401268571428571,0.1647314285714287,0.025088551412036,2.067143301212316,0.8136321768498656,2.757198365366762,1.6201964762376746,3.4746376811594404,0.50357418625272,8.091959206327175,47.087644718576605,2.923709456372769,False,3.333753660917666,4.0,7.224925714285715,7.389657142857144,7.554388571428572,2025-08-31 22:45:00+00:00,6.401268571428571,原停損,敗,-1.0,-1.0702039058559625,-10.702039058559622,2025-08-30 14:15:00+00:00,,,V96強勢突破延續_驗證型,47.087644718576605,,,,,,,,,,,LONG,,,,,,10.0,,,,4.0,,,,,,只限BTCETH加大尾單,LONG,5,進場前歷史：5日均線持有品質較高,進場前歷史：5日均線持有品質較高,0,0,,False,一般配置,0.5,0.2,0.15,0.15,-0.1142048537968329,-0.2513143830870195,,,,,2025-08-31 22:45:00+00:00,6.401268571428571,原停損,0.0,-1.0,-1.070845872068822,-10.702039058559622,0.0,0.0,LOSS,2026-07-29 23:45:00+00:00,1.136,已平倉,,新增,,,,,CORE,47.087644718576605,e239604307bc8fc15e1142b4659e1795c7b219015df7eb785c4244d9bd19f1c0,2025-08-30 14:15:00+00:00,2025-08-30 14:00:00+00:00,0.0,,,-11.833826625682788,,,,,,,,,,,,,,,,,,,,,,
V84,壓縮早突破,Binance,BTCDOM/USDT:USDT,BTCDOM,小幣,2025-08-31 23:15:00+00:00,2025-08-31 23:30:00+00:00,3831.0,3797.484,33.51599999999962,0.0087486296006264,0.477289415713833,0.5141927698200321,3.400425985090522,1.749230860253217,4.485294117647067,0.8301506786749691,26.945339539324817,48.30612551237495,0.9552643942162042,False,1.261458090924593,4.0,3965.064,3998.579999999998,4032.0959999999977,2025-09-04 00:15:00+00:00,3882.5,5日線弱化退出,勝,4.0,3.792550473456552,37.92550473456552,2025-08-31 23:30:00+00:00,,,V96強勢突破延續_驗證型,48.30612551237495,,,,,,,,,,,LONG,,,,,,10.0,,,,3.999999999999986,,,,,,只限BTCETH加大尾單,LONG,10,進場前歷史：10日均線持有品質較高,短線轉弱或趨勢不夠順（效率-0.03），使用5日線,3,4,5.0,False,一般配置,0.5,0.2,0.15,0.15,-0.3746739495697709,-0.2290998604197346,2025-09-01 14:00:00+00:00,,,2025-09-08 00:00:00+00:00,2025-09-04 00:15:00+00:00,3882.5,5日線弱化退出,0.0,3.3307077216851457,2.5600518021243506,31.238550999104948,0.0,0.0,WIN,2026-07-29 23:45:00+00:00,5505.4,已平倉,,新增,,,,,CORE,48.30612551237495,4778b08d0982dd251aa35e404dcd72d6859a360982bd50d522a6b236349c8038,2025-08-31 23:30:00+00:00,2025-08-31 23:15:00+00:00,5.0,短線轉弱或趨勢不夠順（效率0.76），使用5日線,低追價窄停損早期趨勢,27.98796256670921,,,,,,,,,,,,,,,,,,,,,,
V84,均線假跌破站回,Binance,ETH/USDT:USDT,ETH,ETH,2025-09-09 12:15:00+00:00,2025-09-09 12:30:00+00:00,4365.09,4324.990657142857,40.0993428571428,0.0091863725277469,0.277279399771646,0.4764776561902994,1.330708290491775,2.09490758298872,4.404658439075276,0.2345633868085342,14.777798282408638,38.86879343319094,0.0309272682287753,False,2.0824747230869405,4.0,4525.487371428571,4565.586714285714,4605.686057142857,2025-09-09 13:15:00+00:00,4324.990657142857,原停損,敗,-1.0,-1.193275046263398,-11.93275046263398,2025-09-09 12:30:00+00:00,2025-09,,V88_ETH暴漲前布局,0.3886879343319094,0.0,,False,False,False,,,,,,LONG,,,,,,,,,,4.0,,,,,-11.93275046263398,只限BTCETH加大尾單,LONG,5,進場前歷史：5日均線持有品質較高,進場前歷史：5日均線持有品質較高,0,0,,False,一般配置,0.5,0.2,0.15,0.15,0.0091254571770571,-0.1021189286717676,,,,,2025-09-09 13:15:00+00:00,4324.990657142857,原停損,0.0,-1.0,-1.195042413021375,-11.93275046263398,0.0,0.0,LOSS,2026-07-29 17:15:00+00:00,1894.78,已平倉,保留V94核心,核心,,,,,CORE,0.3886879343319094,27de39589b92850f2fdf5f4b045bf0998bc2619d3e5a16845d8c808c8d8fcb79,2025-09-09 12:30:00+00:00,2025-09-09 12:15:00+00:00,0.0,,,-13.399360809178104,,,,,,,,,,,,,,,,,,,,,,
V84,壓縮早突破,Binance,AVAAI/USDT:USDT,AVAAI,小幣,2025-09-13 23:45:00+00:00,2025-09-14 00:00:00+00:00,0.02562,0.0249123428571428,0.0007076571428571,0.0276212780194066,0.7072691552062915,0.7864726700747005,2.965150249891521,1.7985674935572151,4.281553398058244,0.8309478941698129,10.570090439276475,48.45810159065553,0.3901677721420249,False,3.747301498646991,4.0,0.0284506285714285,0.0291582857142857,0.0298659428571428,2025-09-14 01:15:00+00:00,0.0249123428571428,原停損,敗,-1.0,-1.0636847976898434,-10.636847976898434,2025-09-14 00:00:00+00:00,,,V96強勢突破延續_驗證型,48.45810159065553,,,,,,,,,,,LONG,,,,,,10.0,,,,3.999999999999584,,,,,,只限BTCETH加大尾單,LONG,5,進場前歷史：5日均線持有品質較高,進場前歷史：5日均線持有品質較高,0,0,,False,一般配置,0.5,0.2,0.15,0.15,0.0348443867302945,0.0023811648353251,,,,,2025-09-14 01:15:00+00:00,0.0249123428571428,原停損,0.0,-1.0,-1.0642671511627857,-10.636847976898382,0.0,0.0,LOSS,2026-07-29 23:45:00+00:00,0.007222,已平倉,,新增,,,,,CORE,48.45810159065553,b6972d4585adaa2c617313077091d35a3bf8bb6934e8af18a17e8bbbfec63ca5,2025-09-14 00:00:00+00:00,2025-09-13 23:45:00+00:00,0.0,,,-11.790443907478172,,,,,,,,,,,,,,,,,,,,,,
V84,壓縮早突破,Binance,USUAL/USDT:USDT,USUAL,小幣,2025-09-21 14:30:00+00:00,2025-09-21 14:45:00+00:00,0.0684,0.0660026285714285,0.0023973714285714,0.0350492898913963,2.120035831591527,2.1047917599641863,2.489164519929861,1.739075094038927,4.150127226463106,0.5823442039123936,4.930399961863001,46.89838119475422,0.2631578947368318,False,3.3200992631051154,4.0,0.0779894857142857,0.0803868571428571,0.0827842285714285,2025-09-21 17:00:00+00:00,0.0660026285714285,原停損,敗,-1.0,-1.0499990406378443,-10.499990406378444,2025-09-21 14:45:00+00:00,,,V96強勢突破延續_驗證型,46.89838119475422,,,,,,,,,,,LONG,,,,,,10.0,,,,3.999999999999861,,,,,,只限BTCETH加大尾單,LONG,5,進場前歷史：5日均線持有品質較高,進場前歷史：5日均線持有品質較高,0,0,,False,一般配置,0.5,0.2,0.15,0.15,-0.1825960362428537,-0.2108998243329866,,,,,2025-09-21 17:00:00+00:00,0.0660026285714285,原停損,0.0,-1.0,-1.05045624731849,-10.499990406378426,0.0,0.0,LOSS,2026-07-29 23:45:00+00:00,0.00769,已平倉,,新增,,,,,CORE,46.89838119475422,186ebdc7be411d963d6ac0605caa2b902194234e72157817148d9ef4289292a3,2025-09-21 14:45:00+00:00,2025-09-21 14:30:00+00:00,0.0,,,-11.513586870156171,,,,,,,,,,,,,,,,,,,,,,
V84,壓縮早突破,Binance,PROM/USDT:USDT,PROM,小幣,2025-09-25 15:45:00+00:00,2025-09-25 16:00:00+00:00,9.785,9.571971428571429,0.2130285714285715,0.021770932184831,0.6169665809768743,1.2939958592132594,2.404491228070176,1.4919547758284488,2.8682926829268154,0.5196568390052004,12.040638412017158,46.16926751196621,0.9095554420030628,False,2.854161710858645,4.0,10.637114285714286,10.850142857142858,11.06317142857143,2025-09-25 19:00:00+00:00,9.571971428571429,原停損,敗,-1.0,-1.081038013784957,-10.810380137849569,2025-09-25 16:00:00+00:00,,,V96強勢突破延續_驗證型,46.16926751196621,,,,,,,,,,,LONG,,,,,,10.0,,,,4.0,,,,,,只限BTCETH加大尾單,LONG,5,進場前歷史：5日均線持有品質較高,進場前歷史：5日均線持有品質較高,0,0,,False,一般配置,0.5,0.2,0.15,0.15,-0.0195676401513937,-0.1284522944959745,,,,,2025-09-25 19:00:00+00:00,9.571971428571429,原停損,0.0,-1.0,-1.0817790504291844,-10.810380137849563,0.0,0.0,LOSS,2026-07-29 23:45:00+00:00,1.998,已平倉,,新增,,,,,CORE,46.16926751196621,20ad79aacd0fc22546d4db7e992af634cb00f1898419021b2373a5c25719e697,2025-09-25 16:00:00+00:00,2025-09-25 15:45:00+00:00,0.0,,,-11.732350706963476,,,,,,,,,,,,,,,,,,,,,,
V84,壓縮早突破,Binance,GPS/USDT:USDT,GPS,小幣,2025-09-30 12:45:00+00:00,2025-09-30 13:00:00+00:00,0.01075,0.0104508285714285,0.0002991714285714,0.0278299003322324,1.3195098963242111,1.5108593012275628,2.8023145946153467,1.6296885897651918,2.6168224299065352,0.2115639075571476,34.09416483621443,47.32379195758071,8.093023255813957,True,5.769466790791951,4.0,0.0119466857142857,0.0122458571428571,0.0125450285714285,2025-10-02 05:00:00+00:00,0.0125450285714285,TP3賣全部剩餘,勝,4.0,3.9323400671044446,39.323400671044446,2025-09-30 13:00:00+00:00,,,V96強勢突破延續_驗證型,47.32379195758071,,,,,,,,,,,LONG,,,,,,10.0,,,,3.99999999999902,,,,,,只限BTCETH加大尾單,LONG,10,進場前歷史：10日均線持有品質較高,短線轉弱或趨勢不夠順（效率0.48），使用5日線,2,2,5.0,False,一般配置,0.5,0.2,0.15,0.15,-0.0209482161745805,0.0518454633003791,2025-10-02 02:00:00+00:00,2025-10-02 03:15:00+00:00,2025-10-02 05:00:00+00:00,2025-10-06 00:00:00+00:00,2025-10-02 05:00:00+00:00,0.0125450285714285,TP3賣全部剩餘,0.0,4.611966383343311,4.681046363765383,45.437606714743765,0.0,0.0,WIN,2026-07-29 23:45:00+00:00,0.009653,已平倉,,新增,,,,,CORE,47.32379195758071,ed96ca4b3153342e051374558c325be1ef89da6f710e7ef2ad2e9095d2ab4f31,2025-09-30 13:00:00+00:00,2025-09-30 12:45:00+00:00,5.0,短線轉弱或趨勢不夠順（效率0.58），使用5日線,,50.218728146652,,,,,,,,,,,,,,,,,,,,,,
V84,壓縮早突破,Binance,THETA/USDT:USDT,THETA,小幣,2025-10-01 08:15:00+00:00,2025-10-01 08:30:00+00:00,0.7008,0.6853031428571428,0.0154968571428572,0.0221130952380953,0.6608245941674973,0.878203282464729,3.0425583367198983,1.6118511383039729,3.658747300215973,0.5878581806757693,11.666881764044284,48.92874722870292,3.653489367775076,True,1.8934138972809675,4.0,0.7627874285714288,0.778284285714286,0.7937811428571432,2025-10-05 00:45:00+00:00,0.7277,5日線弱化退出,勝,4.0,3.915770489852359,39.15770489852359,2025-10-01 08:30:00+00:00,,,V96強勢突破延續_驗證型,48.92874722870292,,,,,,,,,,,LONG,,,,,,10.0,,,,4.0,,,,,,只限BTCETH加大尾單,LONG,5,進場前歷史：5日均線持有品質較高,短線轉弱或趨勢不夠順（效率0.50），使用5日線,3,0,5.0,False,一般配置,0.5,0.2,0.15,0.15,-0.1458071616492618,-0.158314067475701,2025-10-03 16:30:00+00:00,2025-10-03 21:30:00+00:00,,2025-10-06 00:00:00+00:00,2025-10-05 00:45:00+00:00,0.7277,5日線弱化退出,0.0,3.6620697284241945,3.599243665535868,35.781415995970306,0.0,0.0,WIN,2026-07-29 20:45:00+00:00,0.121,已平倉,,新增,,,,,CORE,48.92874722870292,877978e9ed72b7608b5cc8edc360ebe1e970ac337f742183ed9628057be38d85,2025-10-01 08:30:00+00:00,2025-10-01 08:15:00+00:00,5.0,短線轉弱或趨勢不夠順（效率0.50），使用5日線,,38.60055466137936,,,,,,,,,,,,,,,,,,,,,,
V84,壓縮早突破,Binance,SIGN/USDT:USDT,SIGN,小幣,2025-10-03 19:00:00+00:00,2025-10-03 19:15:00+00:00,0.06921,0.0661600857142857,0.0030499142857142,0.0440675377216341,2.9906263948817013,2.5785417901600605,2.5526687916102944,1.5187539863925474,3.122974261201121,0.6474839301894458,21.069444574554883,46.28951880241074,0.4334007512279525,False,3.982990321923653,4.0,0.081409657142857,0.0844595714285713,0.0875094857142856,2025-10-04 10:45:00+00:00,0.0661600857142857,原停損,敗,-1.0,-1.039584421624092,-10.39584421624092,2025-10-03 19:15:00+00:00,,,V96強勢突破延續_驗證型,46.28951880241074,,,,,,,,,,,LONG,,,,,,10.0,,,,3.999999999999937,,,,,,只限BTCETH加大尾單,LONG,10,進場前歷史：10日均線持有品質較高,進場前歷史：10日均線持有品質較高,0,0,,False,一般配置,0.5,0.2,0.15,0.15,-0.2392322021829356,-0.0242369879290717,,,,,2025-10-04 10:45:00+00:00,0.0661600857142857,原停損,0.0,-1.0,-1.0399463938096618,-10.395844216240915,0.0,0.0,LOSS,2026-07-29 23:45:00+00:00,0.00702,已平倉,,,,,新增模組已滿兩倉,新增,CORE,46.28951880241074,46f7228100c69168331f71cd388d412cd05bff6faaef0274ed2c024686618511,2025-10-03 19:15:00+00:00,2025-10-03 19:00:00+00:00,0.0,,,-11.894946703338793,,,,,,,,,,,,,,,,,,,,,,
V84,壓縮早突破,Binance,BNT/USDT:USDT,BNT,小幣,2025-10-05 23:00:00+00:00,2025-10-05 23:15:00+00:00,0.69794,0.6877798857142857,0.0101601142857142,0.0145572890015105,0.73182349629759,0.6315971621387861,3.385942516730494,1.583510631439145,3.068546158098385,0.1644914420215687,9.462491985466984,47.62348231292656,1.2395036253689762,False,1.5544938528149204,4.0,0.7385804571428571,0.7487405714285714,0.7589006857142857,2025-10-07 16:00:00+00:00,0.6877798857142857,原停損,敗,-1.0,-1.1216371091991868,-11.216371091991869,2025-10-05 23:15:00+00:00,,,V96強勢突破延續_驗證型,47.62348231292656,,,,,,,,,,,LONG,,,,,,10.0,,,,4.0,,,,,,只限BTCETH加大尾單,LONG,10,進場前歷史：10日均線持有品質較高,進場前歷史：10日均線持有品質較高,0,0,,False,一般配置,0.5,0.2,0.15,0.15,-0.2049680312015276,-0.1553318103896734,,,,,2025-10-07 16:00:00+00:00,0.6877798857142857,原停損,0.0,-1.0,-1.1227493965197242,-11.216371091991869,0.0,0.0,LOSS,2026-07-29 23:45:00+00:00,0.2725,已平倉,,,,,新增模組已滿兩倉,新增,CORE,47.62348231292656,97fc15ba4b02d3b4dc3a1f4f47c454a0f3e1459aae78f5ff4c30dd534dd03ba4,2025-10-05 23:15:00+00:00,2025-10-05 23:00:00+00:00,0.0,,,-12.908634037367024,,,,,,,,,,,,,,,,,,,,,,
V84,壓縮早突破,Bitget,H/USDT:USDT,H,小幣,2025-10-07 17:00:00+00:00,2025-10-07 17:15:00+00:00,0.06811,0.0655797427228667,0.0025295142857142,0.0371495709460169,2.1605401350337505,1.8853808169983388,2.815583377651277,1.7243612026355064,2.7372954349698446,0.6381681212835214,7.048784069217137,49.33870917614525,2.14422088412396,False,12.062828377442385,4.0,0.0782310291085327,0.080761286385666,0.0832915436627991,2025-10-08 12:30:00+00:00,0.0655797427228667,原停損,勝,4.0,3.948418893262821,39.48418893262821,2025-10-07 17:15:00+00:00,,,V96強勢突破延續_驗證型,49.33870917614525,,,,,,,,,,,LONG,,,,,,10.0,,,,3.999999999999973,,,,,,只限BTCETH加大尾單,LONG,10,歷史不足，保守使用10日均線,短線轉弱或趨勢不夠順（效率0.72），使用5日線,6,0,,False,一般配置,0.5,0.2,0.15,0.15,,,,,,,2025-10-08 12:30:00+00:00,0.0655797427228667,原停損,0.0,16.763339093897102,-1.0475527803192028,167.00375070879966,0.0,0.0,LOSS,2026-07-29 23:45:00+00:00,0.06632,已平倉,,新增,,,,,CORE,47.33870917614525,1370f620797eeb983c64564fbdfcf638f2c32ed09c33381ba36e70fd71e6212c,2025-10-07 17:15:00+00:00,2025-10-07 17:00:00+00:00,0.0,,,-11.908848052479073,0.06809,H/USDT:USDT,1.0002937288882363,,,,,,,,,,,,,,,,,,,
V84,壓縮早突破,Binance,GPS/USDT:USDT,GPS,小幣,2025-10-08 02:00:00+00:00,2025-10-08 02:15:00+00:00,0.01281,0.0122428571428571,0.0005671428571428,0.0442734470837548,3.3898305084745672,2.071713147410348,2.3922238094125423,1.5191629838850436,3.220000000000011,0.4847244648074461,14.352644836272017,45.084733331596645,1.3270882123341154,False,4.367746544876272,4.0,0.0150785714285714,0.0156457142857142,0.0162128571428571,2025-10-09 02:30:00+00:00,0.0162128571428571,TP3賣全部剩餘,勝,4.0,3.956144604120377,39.561446041203766,2025-10-08 02:15:00+00:00,,,V96強勢突破延續_驗證型,45.084733331596645,,,,,,,,,,,LONG,,,,,,10.0,,,,3.999999999999648,,,,,,只限BTCETH加大尾單,LONG,10,進場前歷史：10日均線持有品質較高,進場前歷史：10日均線持有品質較高,0,0,,False,一般配置,0.5,0.2,0.15,0.15,-0.002418990704164,0.0669376925047426,2025-10-09 02:30:00+00:00,2025-10-09 02:30:00+00:00,2025-10-09 02:30:00+00:00,,2025-10-09 02:30:00+00:00,0.0162128571428571,TP3賣全部剩餘,0.0,3.8999999999996393,4.705068576825761,38.56233788589665,0.0,0.0,WIN,2026-07-29 23:45:00+00:00,0.009653,已平倉,,新增,,,,,CORE,45.084733331596645,3a5aa1b361df47666bf16e1ed2b4cb602254102e06c60907d4e73005ff73f9d8,2025-10-08 02:15:00+00:00,2025-10-08 02:00:00+00:00,5.0,短線轉弱或趨勢不夠順（效率0.69），使用5日線,,53.4754651911733,,,,,,,,,,,,,,,,,,,,,,
V84,壓縮早突破,Binance,IDOL/USDT:USDT,IDOL,小幣,2025-10-21 04:00:00+00:00,2025-10-21 04:15:00+00:00,0.02669,0.0255016571428571,0.0011883428571428,0.0445238987314686,0.8308157099697899,1.7142857142857348,2.747924626071666,1.2876407739567914,2.8546099290780105,0.4785723479638045,12.05039430659744,45.22497123065337,21.08614232209736,True,4.774558912283503,4.0,0.0314433714285714,0.0326317142857142,0.0338200571428571,2025-10-21 13:00:00+00:00,0.0338200571428571,TP3賣全部剩餘,勝,4.0,3.956371228485085,39.56371228485085,2025-10-21 04:15:00+00:00,,,V96強勢突破延續_驗證型,45.22497123065337,,,,,,,,,,,LONG,,,,,,10.0,,,,3.9999999999998415,,,,,,只限BTCETH加大尾單,LONG,5,進場前歷史：5日均線持有品質較高,短線轉弱或趨勢不夠順（效率0.27），使用5日線,5,0,5.0,False,一般配置,0.5,0.2,0.15,0.15,0.0899062411165723,0.0381878340537795,2025-10-21 11:45:00+00:00,2025-10-21 12:15:00+00:00,2025-10-21 13:00:00+00:00,2025-10-26 00:00:00+00:00,2025-10-21 13:00:00+00:00,0.0338200571428571,TP3賣全部剩餘,0.0,4.492000865550886,4.705297273513942,44.47933305673379,0.0,0.0,WIN,2026-07-29 23:45:00+00:00,0.01529,已平倉,,新增,,,,,CORE,45.22497123065337,d0e08e8eb5f2e481cd24ac16a2b23562fbdf4041438f0158f1413260c358d3df,2025-10-21 04:15:00+00:00,2025-10-21 04:00:00+00:00,5.0,短線轉弱或趨勢不夠順（效率-0.65），使用5日線,,55.44685629073062,,,,,,,,,,,,,,,,,,,,,,
V84,壓縮早突破,Binance,SKYAI/USDT:USDT,SKYAI,小幣,2025-10-23 03:30:00+00:00,2025-10-23 03:45:00+00:00,0.02411,0.0230368285714285,0.0010731714285714,0.0445114653078182,2.203389830508473,3.3419023136246784,2.294818383753664,1.7381471380069426,2.677002583979328,0.2346070830016488,51.03564867815017,45.54267878511168,5.306799336650081,False,11.547694763445492,4.0,0.0284026857142857,0.0294758571428571,0.0305490285714285,2025-10-23 12:45:00+00:00,0.0230368285714285,原停損,敗,-1.0,-1.039180738413911,-10.39180738413911,2025-10-23 03:45:00+00:00,,,V96強勢突破延續_驗證型,45.54267878511168,,,,,,,,,,,LONG,,,,,,10.0,,,,3.999999999999725,,,,,,只限BTCETH加大尾單,LONG,5,進場前歷史：5日均線持有品質較高,進場前歷史：5日均線持有品質較高,0,0,,False,一般配置,0.5,0.2,0.15,0.15,-0.2935652252784839,-0.3632585863445879,,,,,2025-10-23 12:45:00+00:00,0.0230368285714285,原停損,0.0,-1.0,-1.0395390191954397,-10.39180738413908,0.0,0.0,LOSS,2026-07-29 23:45:00+00:00,0.02701,已平倉,,,,,新增模組已滿兩倉,新增,CORE,45.54267878511168,d4e12d10a8cfa6e104871d6707937ca4478dc7ae07b3094216f902d8f1986e62,2025-10-23 03:45:00+00:00,2025-10-23 03:30:00+00:00,0.0,,,-12.826238475653868,,,,,,,,,,,,,,,,,,,,,,
,,Binance,STG/USDT:USDT,STG,,,2025-10-28 20:00:00+00:00,0.1485,0.1549321428571428,,0.0433140933140929,,,,,,,,,,,,,0.0983,0.0918678571428572,0.0790035714285715,2025-11-07 07:15:00+00:00,0.1549321428571428,原停損,LOSS,,,,,,,V72.8S核心,1078.62111781,,,,,False,❌,C0007,V62_BASE,V65_CORE,CORE_PROTECTED,SHORT,,,,,TP1_NOT_HIT,9.584491372820448,-9.987731931225412,0.0,,7.804553026096678,False,,2025-10-29 04:00:00+08:00,2025-11-07 15:15:00+08:00,-9.987731931225412,只限BTCETH加大尾單,SHORT,10,進場前歷史：10日均線持有品質較高,進場前歷史：10日均線持有品質較高,0,0,,False,一般配置,0.5,0.2,0.15,0.15,-0.1341257423526928,-0.0686746065982835,,,,,2025-11-07 07:15:00+00:00,0.1549321428571428,原停損,0.0,-1.0,-1.042456912826208,-9.987731931225412,0.0,0.0,LOSS,2026-07-29 23:45:00+00:00,0.1208,已平倉,保留V94核心,核心,,,,,CORE,1078.62111781,767df347d686c509186b0ac6e03cc56d96fcafd27da6b37d3de0933a36f2dac4,2025-10-28 20:00:00+00:00,,0.0,,核心反彈失敗空單,-12.728532577390665,,,,,,,,,,,,,,,,,,,,,,
,,Binance,2Z/USDT:USDT,2Z,,,2025-10-29 08:15:00+00:00,0.22114,0.2371233928571428,,0.0722772581041095,,,,,,,,,,,,,0.14456,0.1252396428571432,0.0932728571428577,2025-11-21 16:15:00+00:00,0.17676,10日線弱化退出,WIN,,,,,,,V72.8S核心,57.63064245315361,,,,,False,✅,C0008,V52,V52_FLEX,FLEX_V52,SHORT,,,,,NOT_USED,9.91440446360439,1.0590923131289651,0.0,"{""chase_penalty"": 0, ""freshness"": 14.0, ""own_volume"": 8.256973354647336, ""room"": 2.3736690985062765, ""side_bonus"": 8, ""structure"": 25}",4.791223032835442,True,C0009,2025-10-29 16:15:00+08:00,2025-10-30 08:00:00+08:00,1.0590923131289651,只限BTCETH加大尾單,SHORT,5,進場前歷史：5日均線持有品質較高,進場前歷史：5日均線持有品質較高,0,0,,False,一般配置,0.5,0.2,0.15,0.15,0.2599441387941117,-0.1124218323303828,2025-11-16 16:45:00+00:00,2025-11-19 17:00:00+00:00,,,2025-11-21 16:15:00+00:00,0.17676,10日線弱化退出,0.0,0.1313863720155965,4.568996208676432,1.0591074102923237,0.0,0.0,WIN,2026-07-29 23:45:00+00:00,0.05547,已平倉,保留V94核心,核心,,,,,CORE,57.63064245315361,0be8f58900c85d3968ae89fea9364976760431c3a45231b341c4e5fa5b4652a5,2025-10-29 08:15:00+00:00,,10.0,趨勢完整且順暢（效率0.69），使用10日線,核心反彈失敗空單,55.776437688099335,,,,,,,,,,,,,,,,,,,,,,
,,Binance,MAV/USDT:USDT,MAV,,,2025-10-30 00:00:00+00:00,0.03514,0.0371791071428571,,0.0580280917147723,,,,,,,,,,,,,0.01074,0.0087008928571429,0.0046226785714287,2025-11-09 12:00:00+00:00,0.0371791071428571,原停損,LOSS,,,,,,,V72.8S核心,1076.80795772,,,,,False,❌,C0011,V62_BASE,V65_CORE,CORE_PROTECTED,SHORT,,,,,TP1_NOT_HIT,9.584491372820448,-9.887650965272908,0.0,,11.966021543042553,False,,2025-10-30 08:00:00+08:00,2025-11-09 20:00:00+08:00,-9.887650965272908,只限BTCETH加大尾單,SHORT,10,進場前歷史：10日均線持有品質較高,進場前歷史：10日均線持有品質較高,0,0,,False,一般配置,0.5,0.2,0.15,0.15,-0.1642135759096218,-0.0085001441228179,,,,,2025-11-09 12:00:00+00:00,0.0371791071428571,原停損,0.0,-1.0,-1.0319194587967429,-9.887650965272908,0.0,0.0,LOSS,2026-07-29 23:45:00+00:00,0.00798,已平倉,保留V94核心,核心,,,,,CORE,1076.80795772,cb0f6848f204eee4e87a094b2726ef6f38eec7968a3aa38cbdaa53b115612820,2025-10-30 00:00:00+00:00,,0.0,,核心反彈失敗空單,-12.5956822383084,,,,,,,,,,,,,,,,,,,,,,
,,Binance,INIT/USDT:USDT,INIT,,,2025-10-30 00:00:00+00:00,0.1546,0.1645678571428571,,0.0644751432267601,,,,,,,,,,,,,0.0623,0.0523321428571428,0.0323964285714286,2026-02-11 10:15:00+00:00,0.072,10日線弱化退出,WIN,,,,,,,V72.8S核心,1074.39601069,,,,,False,✅,C0010,V62_BASE,V65_CORE,CORE_PROTECTED,SHORT,2026-02-05T20:15:00+00:00,,,,NOT_USED,9.584491372820448,88.56412229476133,0.0,,9.259763525618084,False,,2025-10-30 08:00:00+08:00,2026-02-06 04:15:00+08:00,88.56412229476133,只限BTCETH加大尾單,SHORT,10,進場前歷史：10日均線持有品質較高,短線轉弱或趨勢不夠順（效率0.35），使用5日線,2,1,5.0,False,一般配置,0.5,0.2,0.15,0.15,0.0046260644302248,0.0844977448115923,2026-02-05 20:15:00+00:00,,,2026-02-08 00:00:00+00:00,2026-02-11 10:15:00+00:00,0.072,10日線弱化退出,0.0,8.848441418846317,8.753177714081001,84.61829317985224,0.0,0.0,WIN,2026-07-29 23:45:00+00:00,0.04799,已平倉,保留V94核心,核心,,,,,CORE,1074.39601069,bcb73c45275054bc8b9b3fb9eac9777ab1a639fb4c2be78ca69a6b5e9d1e048f,2025-10-30 00:00:00+00:00,,10.0,趨勢完整且順暢（效率1.00），使用10日線,核心反彈失敗空單,106.84190914527892,,,,,,,,,,,,,,,,,,,,,,
,,Binance,G/USDT:USDT,G,,,2025-10-30 08:15:00+00:00,0.006976,0.0073684464285714,,0.0562566554718175,,,,,,,,,,,,,0.00524,0.0046213214285716,0.0038364285714288,2025-11-20 12:45:00+00:00,0.00551,5日線弱化退出,WIN,,,,,,,V72.8S核心,53.81272584557961,,,,,False,✅,C0012,V52,V52_FLEX,FLEX_V52,SHORT,,,,,NOT_USED,9.920752718572462,39.56105944041166,0.0,"{""chase_penalty"": 0, ""freshness"": 14.0, ""own_volume"": 5.5421247626292205, ""room"": 1.270601082950388, ""side_bonus"": 8, ""structure"": 25}",4.423533694317119,True,C0016,2025-10-30 16:15:00+08:00,2025-11-17 00:00:00+08:00,39.56105944041166,只限BTCETH加大尾單,SHORT,10,進場前歷史：10日均線持有品質較高,進場前歷史：10日均線持有品質較高,0,0,,False,一般配置,0.5,0.2,0.15,0.15,-0.0271167816235389,0.0531835581994239,2025-11-19 17:00:00+00:00,,,,2025-11-20 12:45:00+00:00,0.00551,5日線弱化退出,0.0,4.01583473631554,4.051213068207977,39.56108437740728,0.0,0.0,WIN,2026-07-29 23:45:00+00:00,0.003305,已平倉,保留V94核心,核心,,,,,CORE,53.81272584557961,35be6ec84c2a298f4749b0c0a8919bfe37f5cd7b1b2ca4cdadbd6e5867da2a0d,2025-10-30 08:15:00+00:00,,5.0,短線轉弱或趨勢不夠順（效率0.20），使用5日線,核心反彈失敗空單,49.43482253129636,,,,,,,,,,,,,,,,,,,,,,
V84,壓縮早突破,Binance,BNB/USDT:USDT,BNB,小幣,2025-11-07 17:15:00+00:00,2025-11-07 17:30:00+00:00,966.99,924.7688,42.22119999999995,0.0436624990951302,1.314893394101313,2.1853072956293795,2.761582698654256,1.5911701993745972,3.723744292237448,0.5947670296625738,9.654391632639536,47.11148823909628,3.012409513960712,True,2.960824062477501,4.0,1135.8747999999998,1178.0959999999998,1220.3171999999995,2025-11-13 18:15:00+00:00,924.7688,原停損,敗,-1.0,-1.039959902910235,-10.399599029102353,2025-11-07 17:30:00+00:00,,,V96強勢突破延續_驗證型,47.11148823909628,,,,,,,,,,,LONG,,,,,,10.0,,,,4.0,,,,,,只限BTCETH加大尾單,LONG,5,進場前歷史：5日均線持有品質較高,進場前歷史：5日均線持有品質較高,0,0,,False,一般配置,0.5,0.2,0.15,0.15,-0.0239067277574044,-0.0497879050797863,,,,,2025-11-13 18:15:00+00:00,924.7688,原停損,0.0,0.7770977613142208,-1.0403253086127349,7.355529631904741,0.0,0.0,LOSS,2026-07-29 19:45:00+00:00,568.85,已平倉,,新增,,,,,CORE,47.11148823909628,6b7f4e184a9e0ad282d7ecb5e4ddc46527545983acf718f880c1baa99c47babf,2025-11-07 17:30:00+00:00,2025-11-07 17:15:00+00:00,0.0,,,-12.562732984306058,,,,,,,,,,,,,,,,,,,,,,
V84,壓縮早突破,Binance,ASTER/USDT:USDT,ASTER,小幣,2025-11-11 01:00:00+00:00,2025-11-11 01:15:00+00:00,1.1056,1.059358,0.0462419999999998,0.0418252532561504,2.180944459846579,1.4403669724770474,2.5198535395058883,1.6740369786555047,2.7704280155642054,0.4749089786022711,10.54020154837596,47.75731081395735,3.1111513068644348,False,6.327496301432885,4.0,1.2905679999999995,1.3368099999999994,1.3830519999999993,2025-11-11 13:45:00+00:00,1.059358,原停損,敗,-1.0,-1.0417543858472729,-10.41754385847273,2025-11-11 01:15:00+00:00,,,V96強勢突破延續_驗證型,47.75731081395735,,,,,,,,,,,LONG,,,,,,10.0,,,,4.0,,,,,,只限BTCETH加大尾單,LONG,5,進場前歷史：5日均線持有品質較高,進場前歷史：5日均線持有品質較高,0,0,,False,一般配置,0.5,0.2,0.15,0.15,-0.2150847872015713,-0.4019473753442608,,,,,2025-11-11 13:45:00+00:00,1.059358,原停損,0.0,-1.0,-1.0421362008563644,-10.417543858472731,0.0,0.0,LOSS,2026-07-29 23:45:00+00:00,0.5988,已平倉,,新增,,,,,CORE,47.75731081395735,a5940765fcd56d590a62d6d0360dd4baf64ac62f0f427760ba4df8b12f9fbdc4,2025-11-11 01:15:00+00:00,2025-11-11 01:00:00+00:00,0.0,,,-12.452715622411862,,,,,,,,,,,,,,,,,,,,,,
V84,壓縮早突破,Binance,TRX/USDT:USDT,TRX,小幣,2025-11-12 02:00:00+00:00,2025-11-12 02:15:00+00:00,0.2992680228571429,0.2957626428571429,0.00350538,0.0117131792649738,0.4936033041200716,0.903573836817273,1.7718683365534866,1.1968827267157052,3.254290171606888,0.1780033141236723,7.425956765935202,38.45182665907906,0.5012028869286311,False,1.2,4.0,0.3132895428571429,0.3167894285714286,0.3202893142857143,2025-11-12 15:45:00+00:00,0.2957626428571429,原停損,敗,-1.0,-1.151638964016957,-11.516389640169573,2025-11-12 02:15:00+00:00,2025-11,0.2469393999505606,V85暴漲前布局,0.2469393999505606,0.0,,False,False,False,,,,,,LONG,,,,,,,,,,4.0,,,,,-11.516389640169573,只限BTCETH加大尾單,LONG,10,進場前歷史：10日均線持有品質較高,進場前歷史：10日均線持有品質較高,0,0,,False,一般配置,0.5,0.2,0.15,0.15,-0.1490459660435295,-0.1145281792346739,,,,,2025-11-12 15:45:00+00:00,0.2957626428571429,原停損,0.0,-1.0,-1.152773051464565,-11.516389640169573,0.0,0.0,LOSS,2026-07-29 18:00:00+00:00,0.32572,已平倉,保留V94核心,,,,LONG連敗冷卻中,核心,CORE,0.2469393999505606,83132ffecf5d1783e9132b56cda836f222146667e99aef8b74dfff7b61534d0f,2025-11-12 02:15:00+00:00,2025-11-12 02:00:00+00:00,0.0,,,-13.631188234882968,,,,0.29929,0.2992680228571429,2025-11-12 02:15:00+00:00,2025-11-12 02:15:00+00:00,0.2957901142857143,0.2959,2025-11-12 00:00:00+00:00,0.0009157142857142,0.15,0.2957626428571429,0.1569847178681804,0.3132895428571429,4.0,0.2992680228571429,等回踩重新定價,,,,
,,Binance,SOPH/USDT:USDT,SOPH,,,2025-11-16 13:45:00+00:00,0.019017,0.0200397142857142,,0.0537789496615764,,,,,,,,,,,,,0.012095,0.0110722857142858,0.0090268571428574,2025-12-19 18:45:00+00:00,0.014429,10日線弱化退出,WIN,,,,,,,V72.8S核心,69.74010003626856,,,,,False,✅,C0014,V52,V52_FLEX,FLEX_V52,SHORT,2025-12-18T05:30:00+00:00,,,,NOT_USED,9.72383258965892,65.54962112425723,0.0,"{""chase_penalty"": 0, ""freshness"": 14.0, ""own_volume"": 3.4353088643171823, ""room"": 8.304791171951372, ""side_bonus"": 8, ""structure"": 36}",6.768263723984365,False,,2025-11-16 21:45:00+08:00,2025-12-18 13:30:00+08:00,65.54962112425723,只限BTCETH加大尾單,SHORT,10,進場前歷史：10日均線持有品質較高,短線轉弱或趨勢不夠順（效率-0.43），使用5日線,1,1,5.0,False,一般配置,0.5,0.2,0.15,0.15,-0.1128102717369782,0.0205242571227885,2025-12-18 05:30:00+00:00,,,2025-12-20 00:00:00+00:00,2025-12-19 18:45:00+00:00,0.014429,10日線弱化退出,0.0,4.290054476882607,5.598776686688554,41.430464630906805,0.0,0.0,WIN,2026-07-29 23:45:00+00:00,0.003929,已平倉,保留V94核心,核心,,,,,CORE,69.74010003626856,1d0912a0c56c0a8d3ffd0a38473f092fb98c6d1f177427248eb7d190e4acf3df,2025-11-16 13:45:00+00:00,,10.0,趨勢完整且順暢（效率0.79），使用10日線,核心反彈失敗空單,64.75121636427683,,,,,,,,,,,,,,,,,,,,,,
,,Binance,SOLV/USDT:USDT,SOLV,,,2025-11-16 16:00:00+00:00,0.01411,0.0149926785714285,,0.0625569504910348,,,,,,,,,,,,,0.00278,0.0018973214285714,0.0001319642857144,2025-11-18 10:15:00+00:00,0.0149926785714285,原停損,LOSS,,,,,,,V72.8S核心,1077.10846397,,,,,False,❌,C0015,V62_BASE,V65_CORE,CORE_PROTECTED,SHORT,,,,,TP1_NOT_HIT,9.38567294844242,-9.661657663501538,0.0,,12.835929597411498,False,,2025-11-17 00:00:00+08:00,2025-11-18 18:15:00+08:00,-9.661657663501538,只限BTCETH加大尾單,SHORT,10,進場前歷史：10日均線持有品質較高,進場前歷史：10日均線持有品質較高,0,0,,False,一般配置,0.5,0.2,0.15,0.15,-0.0808343006945015,-0.0005270192535655,,,,,2025-11-18 10:15:00+00:00,0.0149926785714285,原停損,0.0,-1.0,-1.0296737811045946,-9.66165766350154,0.0,0.0,LOSS,2026-07-29 23:45:00+00:00,0.002279,已平倉,保留V94核心,核心,,,,,CORE,1077.10846397,581e868cd5361feb832216eaa3d402c2f8c60d4630a47ba6f4dbcc927568ca8a,2025-11-16 16:00:00+00:00,,0.0,,核心反彈失敗空單,-11.90643523321924,,,,,,,,,,,,,,,,,,,,,,
,,Binance,DIA/USDT:USDT,DIA,,,2025-11-18 13:30:00+00:00,0.3783,0.4057821428571428,,0.072646425739209,,,,,,,,,,,,,0.2161,0.1886178571428572,0.1336535714285716,2026-02-07 18:15:00+00:00,0.2061,5日線弱化退出,WIN,,,,,,,V72.8S核心,60.67754886828224,,,,,False,✅,C0018,V52,V52_FLEX,FLEX_V52,SHORT,,,,,NOT_USED,10.437150324853905,9.58877825073336,0.0,"{""chase_penalty"": 0, ""freshness"": 14.0, ""own_volume"": 1.9715059832919388, ""room"": 5.706042884990301, ""side_bonus"": 8, ""structure"": 31}",5.902014294996767,True,C0019,2025-11-18 21:30:00+08:00,2025-11-21 04:00:00+08:00,9.58877825073336,只限BTCETH加大尾單,SHORT,5,進場前歷史：5日均線持有品質較高,進場前歷史：5日均線持有品質較高,0,0,,False,一般配置,0.5,0.2,0.15,0.15,0.0150426812635081,-0.054268651704628,2026-01-31 17:00:00+00:00,2026-02-05 15:30:00+00:00,,,2026-02-07 18:15:00+00:00,0.2061,5日線弱化退出,0.0,0.9424301494476968,6.223823596491245,9.588793982779922,0.0,0.0,WIN,2026-07-29 23:45:00+00:00,0.1171,已平倉,保留V94核心,核心,,,,,CORE,60.67754886828224,e9a702ef3f0a442231ab083515af4600fe7ae4c74d9c192f1f41b58db75d3871,2025-11-18 13:30:00+00:00,,5.0,短線轉弱或趨勢不夠順（效率0.30），使用5日線,核心反彈失敗空單,73.0439975367956,,,,,,,,,,,,,,,,,,,,,,
,,Binance,XRP/USDT:USDT,XRP,,,2025-11-20 20:00:00+00:00,2.0058,2.163332142857143,,0.0785383103286186,,,,,,,,,,,,,1.1792,1.0216678571428568,0.7066035714285703,2025-11-24 17:15:00+00:00,2.163332142857143,原停損,LOSS,,,,,,,V72.8S核心,1056.98734904,,,,,False,❌,C0019,V62_BASE,V65_CORE,FLEX_CORE,SHORT,,,,,TP1_NOT_HIT,9.7044379124456,-9.93349097336644,0.0,,5.247183114557106,False,,2025-11-21 04:00:00+08:00,2025-11-25 01:15:00+08:00,-9.93349097336644,只限BTCETH加大尾單,SHORT,10,進場前歷史：10日均線持有品質較高,進場前歷史：10日均線持有品質較高,0,0,,False,一般配置,0.5,0.2,0.15,0.15,-0.096053284423799,-0.007074875165094,,,,,2025-11-24 17:15:00+00:00,2.163332142857143,原停損,0.0,-1.0,-1.02381875127525,-9.933490973366435,0.0,0.0,LOSS,2026-07-29 17:30:00+00:00,1.0747,已平倉,保留V94核心,核心,,,,,CORE,1056.98734904,ce01ea2f135a0f4fc26c379e03912e612553437469d668dfd9e6c741b13761a3,2025-11-20 20:00:00+00:00,,0.0,,核心反彈失敗空單,-12.709622998432536,,,,,,,,,,,,,,,,,,,,,,
V84,壓縮早突破,Binance,KNC/USDT:USDT,KNC,小幣,2025-11-21 20:00:00+00:00,2025-11-21 20:15:00+00:00,0.2777,0.2659948571428571,0.0117051428571428,0.0421503163742992,0.6159420289854944,2.3212969786293502,3.241443331813613,1.780285011709173,4.443820224719091,0.8199346568445898,6.082796328842021,49.02831766555295,0.0360100828231901,False,2.6059809050218177,4.0,0.3245205714285714,0.3362257142857143,0.3479308571428571,2025-11-24 14:45:00+00:00,0.2659948571428571,原停損,敗,-1.0,-1.0414254982404818,-10.41425498240482,2025-11-21 20:15:00+00:00,,,V96強勢突破延續_驗證型,49.02831766555295,,,,,,,,,,,LONG,,,,,,10.0,,,,3.999999999999977,,,,,,只限BTCETH加大尾單,LONG,10,進場前歷史：10日均線持有品質較高,進場前歷史：10日均線持有品質較高,0,0,,False,一般配置,0.5,0.2,0.15,0.15,-0.2588840804776812,-0.1791642918437221,,,,,2025-11-24 14:45:00+00:00,0.2659948571428571,原停損,0.0,-1.0,-1.0418043057996482,-10.414254982404817,0.0,0.0,LOSS,2026-07-29 21:15:00+00:00,0.1019,已平倉,,,,,當下已滿五倉,新增,CORE,49.02831766555295,f2c56ee8894efe950d0741f17546659fa6a6d0771db2f8a3fa103bf62941796c,2025-11-21 20:15:00+00:00,2025-11-21 20:00:00+00:00,0.0,,,-13.019378546793927,,,,,,,,,,,,,,,,,,,,,,
V84,壓縮早突破,Binance,1000CHEEMS/USDT:USDT,CHEEMS,小幣,2025-11-27 09:00:00+00:00,2025-11-27 09:15:00+00:00,0.0011333,0.0011164917142857,1.680828571428588e-05,0.0148312765501632,0.8632965468138298,0.701972631953085,3.229267081422667,1.801902309697497,3.4940978077572145,0.345868704744418,20.680276734263508,49.34538140197345,5.761934174534544,True,1.894922201303767,4.0,0.0012005331428571,0.0012173414285714,0.0012341497142857,2025-11-28 03:00:00+00:00,0.0012341497142857,TP3賣全部剩餘,勝,4.0,3.876167222151579,38.76167222151579,2025-11-27 09:15:00+00:00,2025-11,0.2377589057152838,V85暴漲前布局,0.2377589057152838,2.0,成交量瞬間過熱、空間數值異常,False,False,False,,,,,,LONG,,,,,,,,,,3.9999999999940528,,,,,38.76167222151579,只限BTCETH加大尾單,LONG,10,進場前歷史：10日均線持有品質較高,短線轉弱或趨勢不夠順（效率0.30），使用5日線,3,2,5.0,False,一般配置,0.5,0.2,0.15,0.15,-0.024452240009211,-0.0035919277086407,2025-11-27 23:00:00+00:00,2025-11-28 01:15:00+00:00,2025-11-28 03:00:00+00:00,2025-12-02 00:00:00+00:00,2025-11-28 03:00:00+00:00,0.0012341497142857,TP3賣全部剩餘,0.0,4.459545462266478,4.624359856952465,43.35302841234856,0.0,0.0,WIN,2026-07-29 23:45:00+00:00,0.0004696,已平倉,保留V94核心,核心,,,,,CORE,0.2377589057152838,213e5d9157a3a409875d88a399d2cc461c1d0531c188e9b92822e619d1f87d70,2025-11-27 09:15:00+00:00,2025-11-27 09:00:00+00:00,5.0,短線轉弱或趨勢不夠順（效率0.46），使用5日線,,56.60718061103797,,,,,,,,,,,,,,,,,,,,,,
V84,壓縮早突破,Binance,STORJ/USDT:USDT,STORJ,小幣,2025-11-28 08:00:00+00:00,2025-11-28 08:15:00+00:00,0.1559864571428571,0.1536153571428571,0.0023710999999999,0.0152006785937093,1.1010362694300335,1.1010362694300335,2.745616236393864,1.8998034233612515,3.544303797468337,0.1467202443297141,34.80149631953673,47.96488000056182,0.8327994875080291,False,3.0529039977221544,4.0,0.1654708571428571,0.1678385714285714,0.1702062857142856,2025-11-28 16:15:00+00:00,0.1536153571428571,原停損,敗,-1.0,-1.1166288996657687,-11.166288996657688,2025-11-28 08:15:00+00:00,2025-11,0.2393905232843475,V85暴漲前布局,0.2393905232843475,1.0,空間數值異常,False,False,False,,,,,,LONG,,,,,,,,,,4.0,,,,,-11.166288996657688,只限BTCETH加大尾單,LONG,10,進場前歷史：10日均線持有品質較高,進場前歷史：10日均線持有品質較高,0,0,,False,一般配置,0.5,0.2,0.15,0.15,-0.2177528586032853,-0.1862359377705966,,,,,2025-11-28 16:15:00+00:00,0.1536153571428571,原停損,0.0,-1.0,-1.1175157660398736,-11.166288996657672,0.0,0.0,LOSS,2026-07-29 23:00:00+00:00,0.04952,已平倉,保留V94核心,核心,,,,,CORE,0.2393905232843475,435081995b354757b81822a347a3e82f4949a05deda50b78856660d78d2845ae,2025-11-28 08:15:00+00:00,2025-11-28 08:00:00+00:00,0.0,,,-14.312199294096542,,,,0.156,0.1559864571428571,2025-11-28 08:15:00+00:00,2025-11-28 08:15:00+00:00,0.1536322857142857,0.1537,2025-11-28 06:30:00+00:00,0.0005642857142857,0.15,0.1536153571428571,0.1429950524904466,0.1654708571428571,4.0,0.1559864571428571,等回踩重新定價,,,,
V84,壓縮早突破,Binance,FIDA/USDT:USDT,FIDA,小幣,2025-11-29 11:30:00+00:00,2025-11-29 11:45:00+00:00,0.04834,0.0475782857142857,0.0007617142857142,0.0157574324723687,0.960133583802958,0.8969545264914558,2.972652798558857,1.6725178818882849,2.951351351351335,0.4363238975965312,18.07764441110269,48.477588301266366,0.5168492867479779,False,3.720660653873936,4.0,0.0513868571428571,0.0521485714285714,0.0529102857142857,2025-11-29 16:15:00+00:00,0.0475782857142857,原停損,敗,-1.0,-1.1123048576241434,-11.123048576241434,2025-11-29 11:45:00+00:00,,,V96強勢突破延續_驗證型,48.477588301266366,,,,,,,,,,,LONG,,,,,,10.0,,,,3.9999999999998543,,,,,,只限BTCETH加大尾單,LONG,10,進場前歷史：10日均線持有品質較高,進場前歷史：10日均線持有品質較高,0,0,,False,一般配置,0.5,0.2,0.15,0.15,-0.281239980410182,-0.1880935036489689,,,,,2025-11-29 16:15:00+00:00,0.0475782857142857,原停損,0.0,-1.0,-1.1133318079519854,-11.123048576241414,0.0,0.0,LOSS,2026-07-29 23:45:00+00:00,0.01724,已平倉,,,,,當下已滿五倉,新增,CORE,48.477588301266366,092fcea97befb61b3d27caa084ca917608ea83471f11535f09cd98083e0dc5c5,2025-11-29 11:45:00+00:00,2025-11-29 11:30:00+00:00,0.0,,,-14.09927242096476,,,,,,,,,,,,,,,,,,,,,,
,,Binance,GMT/USDT:USDT,GMT,,,2025-11-30 20:00:00+00:00,0.01715,0.0181558928571428,,0.0586526447313587,,,,,,,,,,,,,0.01099,0.0099841071428571,0.0079723214285715,2025-12-05 13:00:00+00:00,0.0181558928571428,原停損,LOSS,,,,,,,V72.8S核心,1065.07497211,,,,,False,❌,C0020,V62_BASE,V65_CORE,FLEX_CORE,SHORT,,,,,TP1_NOT_HIT,9.605082057392115,-9.905749073917892,0.0,,6.123912657554033,False,,2025-12-01 04:00:00+08:00,2025-12-05 21:00:00+08:00,-9.905749073917892,只限BTCETH加大尾單,SHORT,10,進場前歷史：10日均線持有品質較高,進場前歷史：10日均線持有品質較高,0,0,,False,一般配置,0.5,0.2,0.15,0.15,-0.0927010815233767,0.0091152850752569,,,,,2025-12-05 13:00:00+00:00,0.0181558928571428,原停損,0.0,-1.0,-1.0315891532043333,-9.905749073917894,0.0,0.0,LOSS,2026-07-29 23:45:00+00:00,0.006325,已平倉,保留V94核心,核心,,,,,CORE,1065.07497211,d63950eac31d7ed80b4ff6ad6c798207f9d73f5d7b2f3ccc8abfa1c750f4e020,2025-11-30 20:00:00+00:00,,0.0,,核心反彈失敗空單,-12.91863405650228,,,,,,,,,,,,,,,,,,,,,,
,,Binance,FLOW/USDT:USDT,FLOW,,,2025-12-08 16:00:00+00:00,0.211,0.2261964285714285,,0.0720209884901824,,,,,,,,,,,,,0.118,0.1028035714285715,0.0724107142857145,2026-01-03 12:15:00+00:00,0.092,5日線弱化退出,WIN,,,,,,,V72.8S核心,1069.44006229,,,,,False,✅,C0021,V62_BASE,V65_CORE,FLEX_CORE,SHORT,2025-12-27T10:30:00+00:00,,,,NOT_USED,9.505997072731684,57.99181718128603,0.0,,6.119858989424236,False,,2025-12-09 00:00:00+08:00,2025-12-27 18:30:00+08:00,57.99181718128603,只限BTCETH加大尾單,SHORT,10,進場前歷史：10日均線持有品質較高,短線轉弱或趨勢不夠順（效率0.11），使用5日線,8,0,5.0,False,一般配置,0.5,0.2,0.15,0.15,-0.1787442623474855,-0.0697608113797457,2025-12-27 10:30:00+00:00,2025-12-27 11:00:00+00:00,,2026-01-04 00:00:00+00:00,2026-01-03 12:15:00+00:00,0.092,5日線弱化退出,0.0,6.773913043478292,6.778716186839043,64.21479809178588,0.0,0.0,WIN,2026-07-29 23:45:00+00:00,0.02791,已平倉,保留V94核心,核心,,,,,CORE,1069.44006229,1234edd2dfb470a9dcc9a6b8edd0be1a9016edca7611694829389a8fcd261ae3,2025-12-08 16:00:00+00:00,,5.0,短線轉弱或趨勢不夠順（效率-0.11），使用5日線,核心反彈失敗空單,84.01442842635232,,,,,,,,,,,,,,,,,,,,,,
V84,壓縮早突破,Binance,SIGN/USDT:USDT,SIGN,小幣,2025-12-10 13:00:00+00:00,2025-12-10 13:15:00+00:00,0.0392955942857142,0.0386524642857142,0.00064313,0.0163664658008191,0.8983572895277181,0.8983572895277181,2.2975747482770106,1.7027716430529578,3.322957198443564,0.21358523859611,9.392105380267864,45.52089869502904,2.2894937674891924,False,2.771901847605956,3.999999999999978,0.0418681142857143,0.0425101428571428,0.0431521714285714,2025-12-10 22:15:00+00:00,0.0386524642857142,原停損,敗,-1.0,-1.1082917590572685,-11.082917590572684,2025-12-10 13:15:00+00:00,,,V96強勢突破延續_驗證型,45.52089869502904,,,,,,,,,,,LONG,,,,,,10.0,,,,3.999999999999978,,,,,,只限BTCETH加大尾單,LONG,10,進場前歷史：10日均線持有品質較高,進場前歷史：10日均線持有品質較高,0,0,,False,一般配置,0.5,0.2,0.15,0.15,-0.2677298607868382,-0.1129894210339659,,,,,2025-12-10 22:15:00+00:00,0.0386524642857142,原停損,0.0,-1.0,-1.1090809831826929,-11.082917590572638,0.0,0.0,LOSS,2026-07-29 23:45:00+00:00,0.00702,已平倉,,,,,當下已滿五倉,新增,CORE,45.52089869502904,6b233fb7f623e8724b3704b67994e0fd1afeb4cc072633cf26fea05fb1536655,2025-12-10 13:15:00+00:00,2025-12-10 13:00:00+00:00,0.0,,,-13.744071643713069,,,,0.0393,0.0392955942857142,2025-12-10 13:15:00+00:00,2025-12-10 13:15:00+00:00,0.0386579714285714,0.03868,2025-12-10 10:30:00+00:00,0.0001835714285714,0.15,0.0386524642857142,0.1715544479512942,0.0418681142857143,3.999999999999978,0.0392955942857142,等回踩重新定價,,,,
V84,壓縮早突破,Binance,TRADOOR/USDT:USDT,TRADOOR,小幣,2025-12-18 02:30:00+00:00,2025-12-18 02:45:00+00:00,1.221,1.1682514285714285,0.0527485714285715,0.0432011232011233,2.518891687657443,1.4119601328903777,2.2251627328434176,1.5650689722711884,2.9509803921568705,0.712916076283477,103.45303867403284,46.22023543572972,6.060606060606055,False,14.902179411590266,4.0,1.4319942857142864,1.484742857142858,1.5374914285714296,2025-12-18 04:00:00+00:00,1.1682514285714285,原停損,敗,-1.0,-1.040396188131016,-10.40396188131016,2025-12-18 02:45:00+00:00,,,V96強勢突破延續_驗證型,46.22023543572972,,,,,,,,,,,LONG,,,,,,10.0,,,,4.0,,,,,,只限BTCETH加大尾單,LONG,5,進場前歷史：5日均線持有品質較高,進場前歷史：5日均線持有品質較高,0,0,,False,一般配置,0.5,0.2,0.15,0.15,0.0137257143987001,-0.0619791421995113,,,,,2025-12-18 04:00:00+00:00,1.1682514285714285,原停損,0.0,-1.0,-1.040765583360416,-10.40396188131016,0.0,0.0,LOSS,2026-07-29 23:45:00+00:00,0.5212,已平倉,,,,,當下已滿五倉,新增,CORE,46.22023543572972,0441dbfa8609c8d9a877a0f87592eb27ca0745141f0c020cfccef079d20e229a,2025-12-18 02:45:00+00:00,2025-12-18 02:30:00+00:00,0.0,,,-12.754442692751429,,,,,,,,,,,,,,,,,,,,,,
V84,壓縮早突破,Binance,PROVE/USDT:USDT,PROVE,小幣,2025-12-26 13:45:00+00:00,2025-12-26 14:00:00+00:00,0.3941,0.3875805714285714,0.0065194285714286,0.016542574400986,0.6641123882503264,1.337104654152732,2.98260940415697,2.2074470939162376,3.609374999999972,0.3430062849492179,18.16110088526588,50.94841771288291,1.4717076884039448,False,2.674253591595679,4.0,0.4201777142857145,0.4266971428571431,0.4332165714285717,2026-01-02 22:00:00+00:00,0.4332165714285717,TP3賣全部剩餘,勝,4.0,3.888608448889142,38.88608448889142,2025-12-26 14:00:00+00:00,2025-12,0.2226874792424081,V85暴漲前布局,0.2226874792424081,2.0,成交量瞬間過熱、量能堆積過頭,False,False,False,,,,,,LONG,,,,,,,,,,4.0,,,,,38.88608448889142,只限BTCETH加大尾單,LONG,10,進場前歷史：10日均線持有品質較高,短線轉弱或趨勢不夠順（效率0.19），使用5日線,1,5,5.0,False,一般配置,0.5,0.2,0.15,0.15,-0.3169307019649556,-0.1808311863270049,2026-01-02 12:30:00+00:00,2026-01-02 16:45:00+00:00,2026-01-02 22:00:00+00:00,2026-01-08 00:00:00+00:00,2026-01-02 22:00:00+00:00,0.4332165714285717,TP3賣全部剩餘,0.0,4.992887194320264,4.636914850118326,48.80610142030973,0.0,0.0,WIN,2026-07-29 23:45:00+00:00,0.1654,已平倉,保留V94核心,核心,,,,,CORE,0.2226874792424081,afd88d9b5a42c0e57c9268bc9114432a988bf6cbe98c2df6ce1eca5fffe48184,2025-12-26 14:00:00+00:00,2025-12-26 13:45:00+00:00,5.0,短線轉弱或趨勢不夠順（效率0.25），使用5日線,單標的量能堆積加高結構分,59.24479053461239,,,,,,,,,,,,,,,,,,,,,,
,,Binance,LQTY/USDT:USDT,LQTY,,,2025-12-29 12:00:00+00:00,0.3586,0.3787571428571428,,0.0562106605051389,,,,,,,,,,,,,0.2124,0.1922428571428572,0.1519285714285715,2025-12-31 21:00:00+00:00,0.3787571428571428,原停損,LOSS,,,,,,,V72.8S核心,1066.62260713,,,,,False,❌,C0023,V62_BASE,V65_CORE,FLEX_CORE,SHORT,,,,,TP1_NOT_HIT,10.085898460672052,-10.4149415269121,0.0,,7.253012048192784,False,,2025-12-29 20:00:00+08:00,2026-01-01 05:00:00+08:00,-10.4149415269121,只限BTCETH加大尾單,SHORT,5,進場前歷史：5日均線持有品質較高,進場前歷史：5日均線持有品質較高,0,0,,False,一般配置,0.5,0.2,0.15,0.15,-0.0533477461667946,-0.0749545021220741,,,,,2025-12-31 21:00:00+00:00,0.3787571428571428,原停損,0.0,-1.0,-1.0329223954642095,-10.4149415269121,0.0,0.0,LOSS,2026-07-29 23:45:00+00:00,0.1936,已平倉,保留V94核心,核心,,,,,CORE,1066.62260713,64ad5f607b0d737ad67c16fc29da26947e4b043f8934cd49b4e5a28006e96fff,2025-12-29 12:00:00+00:00,,0.0,,核心反彈失敗空單,-13.809186707335927,,,,,,,,,,,,,,,,,,,,,,
,,Binance,DOGS/USDT:USDT,DOGS,,,2026-01-01 00:00:00+00:00,3.82e-05,4.093928571428572e-05,,0.0717090501121916,,,,,,,,,,,,,2.22e-05,1.946071428571428e-05,1.3982142857142835e-05,2026-01-01 10:00:00+00:00,4.093928571428572e-05,原停損,LOSS,,,,,,,V72.8S核心,1064.37844183,,,,,False,❌,C0024,V62_BASE,V65_CORE,FLEX_CORE,SHORT,,,,,TP1_NOT_HIT,9.981718956687992,-10.238906165608116,0.0,,5.840938722294638,False,,2026-01-01 08:00:00+08:00,2026-01-01 18:00:00+08:00,-10.238906165608116,只限BTCETH加大尾單,SHORT,10,進場前歷史：10日均線持有品質較高,進場前歷史：10日均線持有品質較高,0,0,,False,一般配置,0.5,0.2,0.15,0.15,-0.0515200702093359,0.0152809248903311,,,,,2026-01-01 10:00:00+00:00,4.093928571428572e-05,原停損,0.0,-1.0,-1.0260014341590613,-10.238906165608116,0.0,0.0,LOSS,2026-07-29 23:45:00+00:00,3.379e-05,已平倉,保留V94核心,核心,,,,,CORE,1064.37844183,c6ce58e2653e5ee65a11bc82cf90cea9e19e8c515c5e27348ab6a444d4f395ae,2026-01-01 00:00:00+00:00,,0.0,,核心反彈失敗空單,-13.574977605711094,,,,,,,,,,,,,,,,,,,,,,
V84,壓縮早突破,Binance,LIT/USDT:USDT,LIT,小幣,2026-01-04 19:15:00+00:00,2026-01-04 19:30:00+00:00,2.67,2.575854285714286,0.0941457142857138,0.0352605671482074,2.024446142093206,1.7523809523809497,3.062215675859897,1.7855164102451593,2.899182561307891,0.4185464405490557,18.258929926254226,49.708317044157454,4.455260202171485,False,5.473204104903084,4.0,3.046582857142856,3.140728571428569,3.234874285714283,2026-01-05 19:00:00+00:00,3.234874285714283,TP3賣全部剩餘,勝,4.0,3.9458466682028592,39.45846668202859,2026-01-04 19:30:00+00:00,,,V96強勢突破延續_驗證型,49.708317044157454,,,,,,,,,,,LONG,,,,,,10.0,,,,4.00000000000001,,,,,,只限BTCETH加大尾單,LONG,10,歷史不足，保守使用10日均線,短線轉弱或趨勢不夠順（效率0.51），使用5日線,5,0,5.0,False,一般配置,0.5,0.2,0.15,0.15,,,2026-01-05 16:00:00+00:00,2026-01-05 19:00:00+00:00,2026-01-05 19:00:00+00:00,2026-01-10 00:00:00+00:00,2026-01-05 19:00:00+00:00,3.234874285714283,TP3賣全部剩餘,0.0,4.382762283390493,4.694676473399902,43.28267587080908,0.0,0.0,WIN,2026-07-29 23:45:00+00:00,2.1794,已平倉,,,,,當下已滿五倉,新增,CORE,49.708317044157454,abd8be1ff181ea638de61c1d50f41baf7326ed5916b6052a6e3bbef6c04cd74f,2026-01-04 19:30:00+00:00,2026-01-04 19:15:00+00:00,5.0,短線轉弱或趨勢不夠順（效率0.05），使用5日線,,65.43002741232463,,,,,,,,,,,,,,,,,,,,,,
V84,均線假跌破站回,Binance,IN/USDT:USDT,IN,小幣,2026-01-07 23:45:00+00:00,2026-01-08 00:00:00+00:00,0.07578,0.0742873999999999,0.0014926,0.0196964898390088,1.1074049366244232,1.6090104585679832,3.397072499738349,1.9757447084211728,3.206611570247917,0.2113424439978432,12.03269462682559,46.157023221783874,1.7286883082607618,False,2.72004600565486,4.0,0.0817504,0.083243,0.0847356,2026-01-08 07:00:00+00:00,0.0742873999999999,原停損,敗,-1.0,-1.089666899906815,-10.896668999068153,2026-01-08 00:00:00+00:00,2026-01,0.2000026499194896,V85暴漲前布局,0.2000026499194896,2.0,成交量瞬間過熱、八根已追高,False,False,False,,,,,,LONG,,,,,,,,,,3.999999999999749,,,,,-10.896668999068153,只限BTCETH加大尾單,LONG,10,進場前歷史：10日均線持有品質較高,進場前歷史：10日均線持有品質較高,0,0,,False,一般配置,0.5,0.2,0.15,0.15,-0.1676891651985232,-0.0373308962446236,,,,,2026-01-08 07:00:00+00:00,0.0742873999999999,原停損,0.0,-1.0,-1.0904868417526403,-10.896668999068105,0.0,0.0,LOSS,2026-07-29 23:45:00+00:00,0.03386,已平倉,保留V94核心,核心,,,,,CORE,0.2000026499194896,201f993342108d7449d9e1ba2e55e6c97b7b7257f19ba63ebc7f52c66b5ca1f6,2026-01-08 00:00:00+00:00,2026-01-07 23:45:00+00:00,0.0,,,-15.911695608883422,,,,,,,,,,,,,,,,,,,,,,
V84,均線假跌破站回,Binance,LQTY/USDT:USDT,LQTY,小幣,2026-01-11 03:45:00+00:00,2026-01-11 04:00:00+00:00,0.4041,0.4002037142857143,0.0038962857142857,0.0096418849648248,0.5971634735008724,0.4222553402881246,3.333540748988849,1.4655269722226636,3.484716157205225,0.3409797309157674,9.1882378822321,43.118702387033935,5.070492208755884,True,1.976644330985004,4.0,0.419685142857143,0.4235814285714287,0.4274777142857144,2026-01-11 21:00:00+00:00,0.4048280352317085,含成本保本,勝,4.0,3.8114387741169744,38.11438774116974,2026-01-11 04:00:00+00:00,2026-01,0.2134645762140418,V85暴漲前布局,0.2134645762140418,1.0,成交量瞬間過熱,False,False,False,,,,,,LONG,,,,,,,,,,4.0,,,,,38.11438774116974,只限BTCETH加大尾單,LONG,5,進場前歷史：5日均線持有品質較高,進場前歷史：5日均線持有品質較高,0,0,,False,一般配置,0.5,0.2,0.15,0.15,-0.2094156742898117,-0.2409136055156153,2026-01-11 11:00:00+00:00,2026-01-11 11:00:00+00:00,,,2026-01-11 21:00:00+00:00,0.4048280352317085,含成本保本,0.0,3.0,3.1070608839920792,28.1233061881343,0.0,0.0,WIN,2026-07-29 23:45:00+00:00,0.1936,已平倉,保留V94核心,核心,,,,,CORE,0.2134645762140418,d62b50fd788c0cdb5297c6b7543e1d66dbffd44cf999109971602119b0a4579c,2026-01-11 04:00:00+00:00,2026-01-11 03:45:00+00:00,5.0,短線轉弱或趨勢不夠順（效率-0.27），使用5日線,低追價窄停損早期趨勢,44.84188497076422,,,,,,,,,,,,,,,,,,,,,,
V84,壓縮早突破,Binance,ZKC/USDT:USDT,ZKC,小幣,2026-01-11 10:45:00+00:00,2026-01-11 11:00:00+00:00,0.1168,0.1154605714285714,0.0013394285714285,0.0114677103718202,0.6890611541774394,0.6890611541774394,1.7178245736841082,2.6975528290350668,3.956521739130464,0.4137868496658342,23.06953924914694,49.94382484741938,0.4277159965782706,False,4.913665474805794,4.0,0.1221577142857142,0.1234971428571428,0.1248365714285713,2026-01-11 18:30:00+00:00,0.1154605714285714,原停損,敗,-1.0,-1.1546483054362833,-11.546483054362833,2026-01-11 11:00:00+00:00,2026-01,0.2004929283226179,V85暴漲前布局,0.2004929283226179,2.0,量能堆積過頭、空間數值異常,False,False,False,,,,,,LONG,,,,,,,,,,3.999999999999845,,,,,-11.546483054362833,只限BTCETH加大尾單,LONG,10,進場前歷史：10日均線持有品質較高,進場前歷史：10日均線持有品質較高,0,0,,False,一般配置,0.5,0.2,0.15,0.15,-0.1783305365193598,-0.1493096735617826,,,,,2026-01-11 18:30:00+00:00,0.1154605714285714,原停損,0.0,-1.0,-1.1560624573378804,-11.546483054362788,0.0,0.0,LOSS,2026-07-29 23:45:00+00:00,0.03797,已平倉,保留V94核心,核心,,,,,CORE,0.2004929283226179,44047fb3683e698facf145168cd9a26c72e17fe88e7eb9e9c6e5f1092be14e33,2026-01-11 11:00:00+00:00,2026-01-11 10:45:00+00:00,0.0,,單標的量能堆積加高結構分,-16.669010607706685,,,,,,,,,,,,,,,,,,,,,,
V84,壓縮早突破,Binance,ASR/USDT:USDT,ASR,小幣,2026-01-14 03:00:00+00:00,2026-01-14 03:15:00+00:00,1.6188474285714285,1.5980464285714286,0.0208009999999998,0.0128492652444436,0.6840796019900397,0.3097893432465914,2.37885989010989,2.084610805860805,3.617977528089848,0.5306231145881876,22.058621164166844,50.07886340949906,1.6059295861643008,False,5.460360109947804,4.000000000000021,1.7020514285714283,1.7228142857142854,1.7435771428571425,2026-01-15 05:45:00+00:00,1.7435771428571425,TP3賣全部剩餘,勝,4.0,3.857348047869828,38.57348047869828,2026-01-14 03:15:00+00:00,2026-01,0.2017737029373556,V85暴漲前布局,0.2017737029373556,2.0,量能堆積過頭、空間數值異常,False,False,False,,,,,,LONG,,,,,,,,,,4.000000000000021,,,,,38.57348047869828,只限BTCETH加大尾單,LONG,5,進場前歷史：5日均線持有品質較高,趨勢完整且順暢（效率0.42），使用10日線,0,3,,False,一般配置,0.5,0.2,0.15,0.15,-0.1417838349941459,-0.1551279385380225,2026-01-15 05:45:00+00:00,2026-01-15 05:45:00+00:00,2026-01-15 05:45:00+00:00,,2026-01-15 05:45:00+00:00,1.7435771428571425,TP3賣全部剩餘,0.0,3.9,4.604265129423746,37.57437232339474,0.0,0.0,WIN,2026-07-29 23:45:00+00:00,0.817,已平倉,保留V94核心,核心,,,,,CORE,0.2017737029373556,a007152d4835da471e447b0dd2eab21ef196efeeebf8f61e3f7d47757f033dcd,2026-01-14 03:15:00+00:00,2026-01-14 03:00:00+00:00,10.0,趨勢完整且順暢（效率0.59），使用10日線,單標的量能堆積加高結構分,67.74706743582489,,,,1.619,1.6188474285714285,2026-01-14 03:15:00+00:00,2026-01-14 03:15:00+00:00,1.598237142857143,1.599,2026-01-14 02:00:00+00:00,0.0063571428571429,0.15,1.5980464285714286,0.1837071693954639,1.7020514285714283,4.000000000000021,1.6188474285714285,等回踩重新定價,,,,
V84,壓縮早突破,Binance,PARTI/USDT:USDT,PARTI,小幣,2026-01-16 00:00:00+00:00,2026-01-16 00:15:00+00:00,0.10454,0.1018311428571428,0.0027088571428571,0.0259121593921675,1.0438816934080777,0.3262955854126614,3.21075542551949,1.5752017351632523,3.9108695652174017,0.4849930135952573,4.230566395949807,47.36631145171688,1.5209489190740388,False,3.457979352885887,4.0,0.1153754285714285,0.1180842857142856,0.1207931428571428,2026-01-16 04:45:00+00:00,0.1018311428571428,原停損,敗,-1.0,-1.0679441548787407,-10.679441548787407,2026-01-16 00:15:00+00:00,,,V96強勢突破延續_驗證型,47.36631145171688,,,,,,,,,,,LONG,,,,,,10.0,,,,3.999999999999903,,,,,,只限BTCETH加大尾單,LONG,10,進場前歷史：10日均線持有品質較高,進場前歷史：10日均線持有品質較高,0,0,,False,一般配置,0.5,0.2,0.15,0.15,-0.0737388731254144,-0.0607548597632282,,,,,2026-01-16 04:45:00+00:00,0.1018311428571428,原停損,0.0,-1.0,-1.0685654572302488,-10.679441548787391,0.0,0.0,LOSS,2026-07-29 23:45:00+00:00,0.02507,已平倉,,,,,當下已滿五倉,新增,CORE,47.36631145171688,bbd96273b7a3895142e2e7f8632b3c69d155a43207194a92c139b53823382418,2026-01-16 00:15:00+00:00,2026-01-16 00:00:00+00:00,0.0,,,-16.446773085853422,,,,,,,,,,,,,,,,,,,,,,
V84,均線假跌破站回,Binance,EPIC/USDT:USDT,EPIC,小幣,2026-01-21 10:30:00+00:00,2026-01-21 10:45:00+00:00,0.5951,0.5854242857142857,0.0096757142857142,0.0162589720815228,0.4556962025316302,1.0526315789473717,1.21456926588259,1.71964859619055,2.5477477477477475,0.1735116481480543,28.556031300753148,37.49318589503471,0.772849462365599,False,3.6750605189560734,4.0,0.6338028571428569,0.6434785714285711,0.6531542857142854,2026-01-21 12:15:00+00:00,0.5854242857142857,原停損,敗,-1.0,-1.1088130852319664,-11.088130852319663,2026-01-21 10:45:00+00:00,2026-01,0.2075161958230445,V85暴漲前布局,0.2075161958230445,2.0,結構太窄、空間數值異常,False,False,False,,,,,,LONG,,,,,,,,,,4.0,,,,,-11.088130852319663,只限BTCETH加大尾單,LONG,10,進場前歷史：10日均線持有品質較高,進場前歷史：10日均線持有品質較高,0,0,,False,一般配置,0.5,0.2,0.15,0.15,-0.1103659557474004,-0.0948854696226157,,,,,2026-01-21 12:15:00+00:00,0.5854242857142857,原停損,0.0,-1.0,-1.1098081057138645,-11.088130852319662,0.0,0.0,LOSS,2026-07-29 23:45:00+00:00,0.7237,已平倉,保留V94核心,,,,LONG連敗冷卻中,核心,CORE,0.2075161958230445,d11e0cab0c763767e5e7dc5089ecba49aefcc777894e20fccd97cc5327b8b649,2026-01-21 10:45:00+00:00,2026-01-21 10:30:00+00:00,0.0,,,-16.899029676392487,,,,,,,,,,,,,,,,,,,,,,
V84,壓縮早突破,Binance,USTC/USDT:USDT,USTC,小幣,2026-01-25 00:30:00+00:00,2026-01-25 00:45:00+00:00,0.006614,0.0065131885714285,0.0001008114285714,0.0152421270897339,0.4709099194895927,0.8078036884621165,2.5605183367097544,2.628874214598216,3.969512195121958,0.591134792839412,12.76640970411519,54.69858184473848,0.8164499546416737,False,2.7811274907363868,4.0,0.0070172457142857,0.0071180571428571,0.0072188685714285,2026-01-25 08:30:00+00:00,0.0065131885714285,原停損,敗,-0.0198390205192039,-0.1368449802845558,-1.368449802845559,2026-01-25 00:45:00+00:00,2026-01,0.2054669132141631,V85暴漲前布局,0.2054669132141631,1.0,量能堆積過頭,False,False,True,,,,,,LONG,,,,,,,,,,3.999999999997006,,,,,-1.368449802845559,只限BTCETH加大尾單,LONG,10,進場前歷史：10日均線持有品質較高,進場前歷史：10日均線持有品質較高,0,0,,False,一般配置,0.5,0.2,0.15,0.15,-0.1045696432090109,-0.0527392641170884,,,,,2026-01-25 08:30:00+00:00,0.0065131885714285,原停損,0.0,-0.0198390205192039,-1.117193753542598,-1.368449802845559,0.0,0.0,LOSS,2026-07-29 23:45:00+00:00,0.004884,已平倉,保留V94核心,核心,,,,,CORE,0.2054669132141631,e59c9e949798ca1b70e8ca36c2bfbefde75d0fef2e57881ddc5c781807d154b2,2026-01-25 00:45:00+00:00,2026-01-25 00:30:00+00:00,0.0,,單標的量能堆積加高結構分,-16.822695909814037,,,,,,,,,,,,,,,,,,,,,,
,,Binance,KMNO/USDT:USDT,KMNO,,,2026-01-25 01:30:00+00:00,0.04539,0.0479783928571428,,0.0570256192364574,,,,,,,,,,,,,0.02889,0.0263016071428571,0.0211248214285715,2026-02-14 00:45:00+00:00,0.02961,10日線弱化退出,WIN,,,,,,,V72.8S核心,69.85460100820775,,,,,False,✅,C0028,V52,V52_FLEX,FLEX_V52,SHORT,2026-02-05T17:15:00+00:00,,,,NOT_USED,11.744353811646963,74.56508926035121,0.0,"{""chase_penalty"": 0, ""freshness"": 14.0, ""own_volume"": 9.730765202757604, ""room"": 7.123835805450146, ""side_bonus"": 8, ""structure"": 31}",6.3746119351501855,False,,2026-01-25 09:30:00+08:00,2026-02-06 01:15:00+08:00,74.56508926035121,只限BTCETH加大尾單,SHORT,5,進場前歷史：5日均線持有品質較高,短線轉弱或趨勢不夠順（效率0.14），使用5日線,5,4,5.0,False,一般配置,0.5,0.2,0.15,0.15,0.0013485010887926,-0.0212779452210866,2026-02-05 17:15:00+00:00,2026-02-06 00:00:00+00:00,,2026-02-14 00:00:00+00:00,2026-02-14 00:45:00+00:00,0.02961,10日線弱化退出,0.0,6.509706795446845,6.52940551741994,76.15313483023603,0.0,0.0,WIN,2026-07-29 23:45:00+00:00,0.01803,已平倉,保留V94核心,核心,,,,,CORE,69.85460100820775,32563969136b671fb9c33d8af70548ed6b2ce19ad42b2187c99fdccc52a1f0fe,2026-01-25 01:30:00+00:00,,10.0,趨勢完整且順暢（效率0.46），使用10日線,核心反彈失敗空單,98.2616889440865,,,,,,,,,,,,,,,,,,,,,,
,,Binance,STRK/USDT:USDT,STRK,,,2026-01-25 08:00:00+00:00,0.0702,0.0736035714285714,,0.048483923483923,,,,,,,,,,,,,0.0375,0.0340964285714286,0.0272892857142858,2026-03-10 13:15:00+00:00,0.03969,10日線弱化退出,WIN,,,,,,,V72.8S核心,1079.0,,,,,False,✅,C0029,V62_BASE,V65_CORE,FLEX_CORE,SHORT,2026-03-07T22:30:00+00:00,,,,NOT_USED,10.37529204373737,99.38839033125504,0.0,,9.60755508919212,False,,2026-01-25 16:00:00+08:00,2026-03-08 06:30:00+08:00,99.38839033125504,只限BTCETH加大尾單,SHORT,10,進場前歷史：10日均線持有品質較高,短線轉弱或趨勢不夠順（效率0.09），使用5日線,1,3,5.0,False,一般配置,0.5,0.2,0.15,0.15,-0.0601085925313525,-0.014234760912314,2026-03-07 22:30:00+00:00,,,2026-03-11 00:00:00+00:00,2026-03-10 13:15:00+00:00,0.03969,10日線弱化退出,0.0,9.294648478489076,9.25706575026242,96.1389974912456,0.0,0.0,WIN,2026-07-29 23:45:00+00:00,0.02641,已平倉,保留V94核心,核心,,,,,CORE,1079.0,0b0c0eca63a5bb76a86acf75112ab370e53d95fa57494ed0d543795ca2bc05d0,2026-01-25 08:00:00+00:00,,10.0,趨勢完整且順暢（效率0.35），使用10日線,核心反彈失敗空單,139.2885392057799,,,,,,,,,,,,,,,,,,,,,,
V84,壓縮早突破,Binance,PUNDIX/USDT:USDT,PUNDIX,小幣,2026-02-13 03:45:00+00:00,2026-02-13 04:00:00+00:00,0.1658,0.1639177142857143,0.0018822857142856,0.0113527485783214,0.8510638297872353,0.4237288135592987,2.3083563803665124,1.6930221337675653,2.6250000000000027,0.4898486295821332,45.1047358834248,47.736997109935096,5.786618444846292,True,2.0253877979542767,4.0,0.1733291428571428,0.1752114285714285,0.1770937142857142,2026-02-14 19:00:00+00:00,0.1770937142857142,TP3賣全部剩餘,勝,4.0,3.839317418617542,38.393174186175415,2026-02-13 04:00:00+00:00,,,V96強勢突破延續_驗證型,47.736997109935096,,,,,,,,,,,LONG,,,,,,10.0,,,,4.0,,,,,,只限BTCETH加大尾單,LONG,10,進場前歷史：10日均線持有品質較高,短線轉弱或趨勢不夠順（效率0.15），使用5日線,4,1,5.0,False,一般配置,0.5,0.2,0.15,0.15,-0.1677557546555963,-0.0540975028773737,2026-02-13 10:00:00+00:00,2026-02-13 10:15:00+00:00,2026-02-14 19:00:00+00:00,2026-02-18 00:00:00+00:00,2026-02-14 19:00:00+00:00,0.1770937142857142,TP3賣全部剩餘,0.0,4.0992258652094735,4.587173087431693,39.384547897653775,0.0,0.0,WIN,2026-07-29 23:45:00+00:00,0.07449,已平倉,,,,,當下已滿五倉,新增,CORE,47.736997109935096,58442c016b2be354c98c3013a9242a6d3d34f9d5d5165d95a7896d54906cfba7,2026-02-13 04:00:00+00:00,2026-02-13 03:45:00+00:00,5.0,短線轉弱或趨勢不夠順（效率-0.17），使用5日線,,80.01235869020026,,,,,,,,,,,,,,,,,,,,,,
V84,壓縮早突破,Binance,GUA/USDT:USDT,GUA,小幣,2026-02-15 16:45:00+00:00,2026-02-15 17:00:00+00:00,0.14528,0.1409483428571428,0.0043316571428571,0.0298159219634993,0.6719312829038593,0.9376302264203272,3.3207750269106566,1.6602878443567357,4.934232715008403,0.7364316937087857,8.65257770038523,46.35956409967219,3.681277093511337,True,3.193263347083544,4.0,0.1626066285714285,0.1669382857142856,0.1712699428571427,2026-02-18 05:00:00+00:00,0.1409483428571428,原停損,敗,-1.0,-1.058931540778434,-10.58931540778434,2026-02-15 17:00:00+00:00,,,V96強勢突破延續_驗證型,46.35956409967219,,,,,,,,,,,LONG,,,,,,10.0,,,,3.9999999999999423,,,,,,只限BTCETH加大尾單,LONG,10,進場前歷史：10日均線持有品質較高,進場前歷史：10日均線持有品質較高,0,0,,False,一般配置,0.5,0.2,0.15,0.15,-0.2236806620006168,0.0206209974341531,,,,,2026-02-18 05:00:00+00:00,0.1409483428571428,原停損,0.0,-1.0,-1.0594704290011074,-10.589315407784332,0.0,0.0,LOSS,2026-07-29 23:45:00+00:00,0.04942,已平倉,,新增,,,,,CORE,46.35956409967219,5f44ecda19d659fa8a371408749981ba756c5d53b726d740cbb0c19b5e4c6141,2026-02-15 17:00:00+00:00,2026-02-15 16:45:00+00:00,0.0,,,-19.57025218546289,,,,,,,,,,,,,,,,,,,,,,
V84,壓縮早突破,Binance,XAG/USDT:USDT,XAG,小幣,2026-02-18 13:15:00+00:00,2026-02-18 13:30:00+00:00,76.35093142857143,75.25332142857143,1.097610000000003,0.0143758560565413,1.2193505632869472,0.8451076191733797,2.329486060346319,1.996910454751099,2.67296786389412,0.1530353046527538,41.42995017867871,47.833940526576576,2.566452795600349,False,3.602844358029369,3.9999999999999742,80.74137142857141,81.83671428571427,82.93205714285712,2026-02-20 19:00:00+00:00,82.93205714285712,TP3賣全部剩餘,勝,1.4059524741111828,1.2803516524340923,12.803516524340925,2026-02-18 13:30:00+00:00,2026-02,0.2034766739344294,V85暴漲前布局,0.2034766739344294,2.0,結構太窄、空間數值異常,False,False,True,,,,,,LONG,,,,,,,,,,3.9999999999999742,,,,,12.803516524340925,只限BTCETH加大尾單,LONG,10,進場前歷史：10日均線持有品質較高,進場前歷史：10日均線持有品質較高,0,0,,False,一般配置,0.5,0.2,0.15,0.15,-0.1340407983483683,-0.0666376463505473,2026-02-20 09:00:00+00:00,2026-02-20 14:45:00+00:00,2026-02-20 19:00:00+00:00,,2026-02-20 19:00:00+00:00,82.93205714285712,TP3賣全部剩餘,0.0,1.4059524741111828,4.618967314307549,12.803516524340925,0.0,0.0,WIN,2026-07-29 23:45:00+00:00,58.3,已平倉,保留V94核心,核心,,,,,CORE,0.2034766739344294,08801ffc0074be4078a8b00dc9731fa3e0a7734ad37f12b10548489478f1ad98,2026-02-18 13:30:00+00:00,2026-02-18 13:15:00+00:00,5.0,短線轉弱或趨勢不夠順（效率0.05），使用5日線,,84.41637564074438,,,,76.36,76.35093142857143,2026-02-18 13:30:00+00:00,2026-02-18 13:30:00+00:00,75.26465714285715,75.31,2026-02-18 12:45:00+00:00,0.3778571428571423,0.15,75.25332142857143,0.20698020189438,80.74137142857141,3.9999999999999742,76.35093142857143,等回踩重新定價,,,,
V84,壓縮早突破,Binance,BTCDOM/USDT:USDT,BTCDOM,小幣,2026-02-18 20:00:00+00:00,2026-02-18 20:15:00+00:00,5068.020171428572,5027.801071428572,40.21910000000025,0.0079358602846016,0.5874764314776293,0.4857641367277399,2.47599664791093,2.7754499381459907,3.77269478198715,0.5020715781934519,5.146875910644864,54.97265675865492,0.1578500818847361,False,1.2,3.9999999999999543,5228.896571428571,5269.095714285714,5309.294857142857,2026-02-25 11:00:00+00:00,5027.801071428572,原停損,敗,-1.0,-1.2239864877680184,-12.239864877680183,2026-02-18 20:15:00+00:00,2026-02,0.2134926135912438,V85暴漲前布局,0.2134926135912438,1.0,量能堆積過頭,False,False,False,,,,,,LONG,,,,,,,,,,3.9999999999999543,,,,,-12.239864877680183,只限BTCETH加大尾單,LONG,5,進場前歷史：5日均線持有品質較高,進場前歷史：5日均線持有品質較高,0,0,,False,一般配置,0.5,0.2,0.15,0.15,-0.0541706223985119,-0.0827638964805321,,,,,2026-02-25 11:00:00+00:00,5027.801071428572,原停損,0.0,-1.0,-1.2259185093294322,-12.239864877680189,0.0,0.0,LOSS,2026-07-29 23:45:00+00:00,5505.4,已平倉,保留V94核心,核心,,,,,CORE,0.2134926135912438,2763ba507134a64a27bf4e411889419eef52639b4a5da446a9c98e9956e797bd,2026-02-18 20:15:00+00:00,2026-02-18 20:00:00+00:00,0.0,,單標的量能堆積加高結構分,-22.390894322094688,,,,5068.1,5068.020171428572,2026-02-18 20:15:00+00:00,2026-02-18 20:15:00+00:00,5027.900857142858,5029.3,2026-02-18 18:45:00+00:00,9.992857142857051,0.15,5027.801071428572,0.0496456925174193,5228.896571428571,3.9999999999999543,5068.020171428572,等回踩重新定價,,,,
,,Binance,SIGN/USDT:USDT,SIGN,,,2026-02-19 12:00:00+00:00,0.02567,0.0275455357142857,,0.0730633312927815,,,,,,,,,,,,,0.00685,0.0049744642857143,0.0012233928571428,2026-02-21 14:45:00+00:00,0.0275455357142857,原停損,LOSS,,,,,,,V72.8S核心,1073.87564777,,,,,False,❌,C0031,V62_BASE,V65_CORE,FLEX_CORE,SHORT,,,,,TP1_NOT_HIT,11.260916258148416,-11.545871114537428,0.0,,10.034466342949704,False,,2026-02-19 20:00:00+08:00,2026-02-21 22:45:00+08:00,-11.545871114537428,只限BTCETH加大尾單,SHORT,5,進場前歷史：5日均線持有品質較高,進場前歷史：5日均線持有品質較高,0,0,,False,一般配置,0.5,0.2,0.15,0.15,-0.0540911647676767,-0.0733568483853897,,,,,2026-02-21 14:45:00+00:00,0.0275455357142857,原停損,0.0,-1.0,-1.0255361610968297,-11.54587111453743,0.0,0.0,LOSS,2026-07-29 23:45:00+00:00,0.00702,已平倉,保留V94核心,核心,,,,,CORE,1073.87564777,299f8076fa5730b9aa57e9eb92530d07db3fd6bac4ef07e89b385253fdc2669a,2026-02-19 12:00:00+00:00,,0.0,,核心反彈失敗空單,-18.709750963956782,,,,,,,,,,,,,,,,,,,,,,
V84,壓縮早突破,Binance,IO/USDT:USDT,IO,小幣,2026-02-20 01:00:00+00:00,2026-02-20 01:15:00+00:00,0.1097,0.10774,0.00196,0.0178669097538742,1.105990783410138,1.105990783410138,2.645534815410357,1.6093097921813126,3.399999999999997,0.7683156810679183,32.29591836734687,48.7298803233636,4.19325432999087,True,3.5473188793137087,4.0,0.11754,0.1195,0.12146,2026-02-21 02:45:00+00:00,0.12146,TP3賣全部剩餘,勝,4.0,3.896600617947643,38.96600617947643,2026-02-20 01:15:00+00:00,,,V96強勢突破延續_驗證型,48.7298803233636,,,,,,,,,,,LONG,,,,,,10.0,,,,3.999999999999993,,,,,,只限BTCETH加大尾單,LONG,10,進場前歷史：10日均線持有品質較高,短線轉弱或趨勢不夠順（效率-0.01），使用5日線,1,2,5.0,False,一般配置,0.5,0.2,0.15,0.15,-0.2560999043874843,-0.163279498019592,2026-02-20 12:15:00+00:00,2026-02-21 02:00:00+00:00,2026-02-21 02:45:00+00:00,2026-02-23 00:00:00+00:00,2026-02-21 02:45:00+00:00,0.12146,TP3賣全部剩餘,0.0,4.060714285714276,4.6449801020408055,39.57260755948206,0.0,0.0,WIN,2026-07-29 23:45:00+00:00,0.1287,已平倉,,,,,當下已滿五倉,新增,CORE,48.7298803233636,0df6b84296477bef6d3b2b9d43db3928c81fdd1b1b83862fc1b63d54a9ef4a1a,2026-02-20 01:15:00+00:00,2026-02-20 01:00:00+00:00,5.0,短線轉弱或趨勢不夠順（效率-0.33），使用5日線,,84.73198609188793,,,,,,,,,,,,,,,,,,,,,,
,,Binance,TOWNS/USDT:USDT,TOWNS,,,2026-02-22 16:00:00+00:00,0.003525,0.0037500535714285,,0.0638449848024114,,,,,,,,,,,,,0.00231,0.0020849464285714,0.0016348392857144,2026-03-06 00:30:00+00:00,0.0037500535714285,原停損,LOSS,,,,,,,V72.8S核心,1056.17156683,,,,,False,❌,C0032,V62_BASE,V65_CORE,FLEX_CORE,SHORT,,,,,TP1_NOT_HIT,11.14543148985027,-11.466750490158937,0.0,,5.398714591765573,False,,2026-02-23 00:00:00+08:00,2026-03-06 08:30:00+08:00,-11.466750490158937,只限BTCETH加大尾單,SHORT,10,進場前歷史：10日均線持有品質較高,進場前歷史：10日均線持有品質較高,0,0,,False,一般配置,0.5,0.2,0.15,0.15,0.0505775782275913,0.0938406201791709,,,,,2026-03-06 00:30:00+00:00,0.0037500535714285,原停損,0.0,-1.0,-1.0290932873125536,-11.466750490158931,0.0,0.0,LOSS,2026-07-29 23:45:00+00:00,0.001975,已平倉,保留V94核心,核心,,,,,CORE,1056.17156683,a66e954eb2dd154d452581c07f6dc9cfd87114561bc0d60ee4cddcf3405d7088,2026-02-22 16:00:00+00:00,,0.0,,核心反彈失敗空單,-20.334574944072592,,,,,,,,,,,,,,,,,,,,,,
V84,壓縮早突破,Binance,VELVET/USDT:USDT,VELVET,小幣,2026-02-23 16:00:00+00:00,2026-02-23 16:15:00+00:00,0.0807588399999999,0.07823275,0.0025260899999999,0.0312794240234253,1.6742195367573045,2.3052564914502804,2.636363636363636,1.6699217354219256,3.300699300699296,0.474612445189062,23.7588090901893,46.604657385965325,5.59613717964591,True,4.23969115321759,4.000000000000022,0.0908631999999999,0.0933889999999999,0.0959147999999999,2026-02-24 13:45:00+00:00,0.0959147999999999,TP3賣全部剩餘,勝,4.0,3.939400886567117,39.39400886567117,2026-02-23 16:15:00+00:00,,,V96強勢突破延續_驗證型,46.604657385965325,,,,,,,,,,,LONG,,,,,,10.0,,,,4.000000000000022,,,,,,只限BTCETH加大尾單,LONG,10,進場前歷史：10日均線持有品質較高,短線轉弱或趨勢不夠順（效率0.21），使用5日線,2,2,5.0,False,一般配置,0.5,0.2,0.15,0.15,-0.3081601397592252,-0.182392868373632,2026-02-24 13:45:00+00:00,2026-02-24 13:45:00+00:00,2026-02-24 13:45:00+00:00,2026-02-28 00:00:00+00:00,2026-02-24 13:45:00+00:00,0.0959147999999999,TP3賣全部剩餘,0.0,4.171993031910657,4.688093159388653,41.11240527404436,0.0,0.0,WIN,2026-07-29 23:45:00+00:00,0.4457,已平倉,,,,,當下已滿五倉,新增,CORE,46.604657385965325,99a9afa2aab167cef9fd4ab442e41f6d12ef504c7b15446ff5a1b4740934c81c,2026-02-23 16:15:00+00:00,2026-02-23 16:00:00+00:00,5.0,短線轉弱或趨勢不夠順（效率0.97），使用5日線,,92.62225736511832,,,,0.08076,0.0807588399999999,2026-02-23 16:15:00+00:00,2026-02-23 16:15:00+00:00,0.0782342,0.07834,2026-02-23 14:15:00+00:00,0.000715,0.15,0.07823275,0.0114815108073651,0.0908631999999999,4.000000000000022,0.0807588399999999,等回踩重新定價,,,,
V84,均線假跌破站回_延後一根確認,Binance,A/USDT:USDT,A,小幣,2026-02-25 11:45:00+00:00,2026-02-25 12:00:00+00:00,0.0809928,0.0801549999999999,0.0008378,0.0103441293547082,0.3717472118959231,0.496277915632759,1.7308834624996183,1.6058574765981513,4.000000000000066,0.4795686304693252,42.79891304347823,38.688668184660855,4.691358024691361,True,2.576673650603627,3.999999999999934,0.084344,0.08518,0.086016,2026-02-26 10:45:00+00:00,0.0811387183665298,含成本保本,勝,4.0,3.800372197455276,38.00372197455276,2026-02-25 11:45:00+00:00,2026-02,0.2018532939907971,V85暴漲前布局,0.2018532939907971,1.0,空間數值異常,False,False,False,,,,,,LONG,,,,,,,,,,3.999999999999934,,,,,38.00372197455276,只限BTCETH加大尾單,LONG,5,進場前歷史：5日均線持有品質較高,短線轉弱或趨勢不夠順（效率0.09），使用5日線,1,0,,False,一般配置,0.5,0.2,0.15,0.15,-0.125147052292177,-0.2103428741551542,2026-02-25 16:15:00+00:00,2026-02-25 21:30:00+00:00,,,2026-02-26 10:45:00+00:00,0.0811387183665298,含成本保本,0.0,3.0,3.116029553592691,28.24502885975415,0.0,0.0,WIN,2026-07-29 23:45:00+00:00,0.05968,已平倉,保留V94核心,核心,0.0809,0.0811,,,CORE,0.2018532939907971,e86fb30a1c6c90777e5a0cc68d12d032eea7d29c1a1cdab619d89dcb45bafe2f,2026-02-25 12:00:00+00:00,2026-02-25 11:45:00+00:00,5.0,短線轉弱或趨勢不夠順（效率-0.55），使用5日線,,63.816105191152914,,,,0.081,0.0809928,2026-02-25 12:00:00+00:00,2026-02-25 12:00:00+00:00,0.080164,0.0802,2026-02-25 11:00:00+00:00,0.0002999999999999,0.15,0.0801549999999999,0.2153110047858897,0.084344,3.999999999999934,0.0809928,等回踩重新定價,,,,
V84,壓縮早突破,Binance,SKYAI/USDT:USDT,SKYAI,小幣,2026-02-26 12:00:00+00:00,2026-02-26 12:15:00+00:00,0.04476,0.0429311428571428,0.0018288571428571,0.0408591854972565,2.075256556442429,2.075256556442429,2.66194335795008,1.519935014300933,3.8561403508772,0.7806247322819044,inf,46.274075547165936,0.4915102770330692,False,4.358186925699807,4.0,0.0520754285714285,0.0539042857142857,0.0557331428571428,2026-02-28 13:30:00+00:00,0.0557331428571428,TP3賣全部剩餘,勝,4.0,3.9527780703168895,39.527780703168894,2026-02-26 12:15:00+00:00,,,V96強勢突破延續_驗證型,46.274075547165936,,,,,,,,,,,LONG,,,,,,10.0,,,,3.999999999999833,,,,,,只限BTCETH加大尾單,LONG,5,進場前歷史：5日均線持有品質較高,短線轉弱或趨勢不夠順（效率1.00），使用5日線,1,0,,False,一般配置,0.5,0.2,0.15,0.15,-0.1024172144265033,-0.1031015193882189,2026-02-28 00:00:00+00:00,2026-02-28 01:00:00+00:00,2026-02-28 13:30:00+00:00,,2026-02-28 13:30:00+00:00,0.0557331428571428,TP3賣全部剩餘,0.0,3.89999999999985,4.701671258396946,38.528672547863856,0.0,0.0,WIN,2026-07-29 23:45:00+00:00,0.02701,已平倉,,新增,,,,,CORE,46.274075547165936,80c77c816c3f4137e0efde1e710e1198f68f6af2e8d59def6e6ba44dd0cc53b9,2026-02-26 12:15:00+00:00,2026-02-26 12:00:00+00:00,5.0,短線轉弱或趨勢不夠順（效率1.00），使用5日線,,99.29037915185113,,,,,,,,,,,,,,,,,,,,,,
V84,均線假跌破站回,Binance,M/USDT:USDT,M,小幣,2026-03-07 23:00:00+00:00,2026-03-07 23:15:00+00:00,1.5341,1.5203534285714284,0.0137465714285716,0.0089606749420322,0.7817118833344239,0.3007322175732074,2.1502570185844205,1.4061882166864372,2.764638346727917,0.1118210652583835,28.327063371645544,38.1728180688627,2.659366445052802,False,4.262013590045309,4.0,1.5890862857142865,1.602832857142858,1.6165794285714297,2026-03-08 04:00:00+00:00,1.5203534285714284,原停損,敗,-1.0,-1.1981656375189529,-11.981656375189528,2026-03-07 23:15:00+00:00,2026-03,0.2257577726580691,V85暴漲前布局,0.2257577726580691,2.0,結構太窄、空間數值異常,False,False,False,,,,,,LONG,,,,,,,,,,4.0,,,,,-11.981656375189528,只限BTCETH加大尾單,LONG,10,進場前歷史：10日均線持有品質較高,進場前歷史：10日均線持有品質較高,0,0,,False,一般配置,0.5,0.2,0.15,0.15,-0.2175569547041266,-0.1312879396932148,,,,,2026-03-08 04:00:00+00:00,1.5203534285714284,原停損,0.0,-1.0,-1.1999777253548911,-11.981656375189528,0.0,0.0,LOSS,2026-07-29 23:45:00+00:00,1.145,已平倉,保留V94核心,核心,,,,,CORE,0.2257577726580691,1d8c64dc3d5e166bf7969bb17a0b02cbc4ea910fb36a4d6e46d139fd8987ad24,2026-03-07 23:15:00+00:00,2026-03-07 23:00:00+00:00,0.0,,,-27.1585102966998,,,,,,,,,,,,,,,,,,,,,,
V84,均線假跌破站回_延後一根確認,Binance,SYN/USDT:USDT,SYN,小幣,2026-03-08 05:15:00+00:00,2026-03-08 05:30:00+00:00,0.0471000057142857,0.04620225,0.0008977557142857,0.0190606285640738,0.8781323623902271,0.8565310492505418,1.7636951509619163,1.1617739528416529,2.943181818181818,0.0527258914488027,26.53003273869185,35.5598757923761,0.424628450106157,False,3.3563816707735685,4.000000000000023,0.0506910285714288,0.051586285714286,0.0524815428571432,2026-03-08 06:30:00+00:00,0.04620225,原停損,敗,-1.0,-1.0972754263115043,-10.972754263115045,2026-03-08 05:15:00+00:00,2026-03,0.2054993544540941,V85暴漲前布局,0.2054993544540941,2.0,結構太窄、空間數值異常,False,False,False,,,,,,LONG,,,,,,,,,,4.000000000000023,,,,,-10.972754263115045,只限BTCETH加大尾單,LONG,5,進場前歷史：5日均線持有品質較高,進場前歷史：5日均線持有品質較高,0,0,,False,一般配置,0.5,0.2,0.15,0.15,-0.0637552139404347,-0.0645866006218334,,,,,2026-03-08 06:30:00+00:00,0.04620225,原停損,0.0,-1.0,-1.093535500589561,-10.929690174820772,0.0,0.0,LOSS,2026-07-29 23:45:00+00:00,0.132,已平倉,保留V94核心,核心,0.04707,0.0471,,,CORE,0.2054993544540941,2422245811a38c556a2cb61d84524a291e72dc81ac431c14bac39751cd5e278c,2026-03-08 05:30:00+00:00,2026-03-08 05:15:00+00:00,0.0,,,-24.45246741339369,,,,0.04711,0.0471000057142857,2026-03-08 05:30:00+00:00,2026-03-08 05:30:00+00:00,0.0462147428571428,0.04626,2026-03-08 04:30:00+00:00,0.0003849999999999,0.15,0.04620225,0.2790898065978764,0.0506910285714288,4.000000000000023,0.0471000057142857,等回踩重新定價,,,,
,,Binance,TRUMP/USDT:USDT,TRUMP,,,2026-03-10 00:00:00+00:00,2.88,3.0639107142857145,,0.063857886904762,,,,,,,,,,,,,1.294,1.1100892857142854,0.7422678571428563,2026-03-12 19:30:00+00:00,3.0639107142857145,原停損,LOSS,,,,,,,V72.8S核心,1077.57394806,,,,,False,❌,C0033,V62_BASE,V65_CORE,CORE_PROTECTED,SHORT,,,,,TP1_NOT_HIT,12.024591731363364,-12.371188747688016,0.0,,8.623749878628978,False,,2026-03-10 08:00:00+08:00,2026-03-13 03:30:00+08:00,-12.371188747688016,只限BTCETH加大尾單,SHORT,10,進場前歷史：10日均線持有品質較高,進場前歷史：10日均線持有品質較高,0,0,,False,一般配置,0.5,0.2,0.15,0.15,0.1692027295184984,0.1767802768928235,,,,,2026-03-12 19:30:00+00:00,3.0639107142857145,原停損,0.0,-1.0,-1.029087591028255,-12.371188747688016,0.0,0.0,LOSS,2026-07-29 23:45:00+00:00,1.462,已平倉,保留V94核心,核心,,,,,CORE,1077.57394806,4b060df5a65403241bfab68b5c61965dd044552356ec495a6c2f4f0cfdfddc8c,2026-03-10 00:00:00+00:00,,0.0,,核心反彈失敗空單,-22.759715109678307,,,,,,,,,,,,,,,,,,,,,,
V84,壓縮早突破,Binance,SUPER/USDT:USDT,SUPER,小幣,2026-03-14 16:45:00+00:00,2026-03-14 17:00:00+00:00,0.1152927999999999,0.114355,0.0009377999999999,0.0081340725526656,0.4351610095735481,0.5226480836237002,4.259523078497595,2.084904308668509,2.999999999999977,0.2226288270340998,29.59401709401732,51.569749777484446,1.6464471403812908,False,2.789885748820076,4.000000000000029,0.1190439999999999,0.1199799999999999,0.1209159999999999,2026-03-15 21:30:00+00:00,0.1209159999999999,TP3賣全部剩餘,勝,4.0,3.7767110539035857,37.767110539035855,2026-03-14 17:00:00+00:00,2026-03,0.236798362581442,V85暴漲前布局,0.236798362581442,3.0,成交量瞬間過熱、結構太窄、空間數值異常,True,True,False,,,,,,LONG,,,,,,,,,,4.000000000000029,,,,,37.767110539035855,只限BTCETH加大尾單,LONG,5,進場前歷史：5日均線持有品質較高,趨勢完整且順暢（效率0.64），使用10日線,1,2,,False,一般配置,0.5,0.2,0.15,0.15,-0.0517685560362368,-0.1073047321717558,2026-03-15 06:00:00+00:00,2026-03-15 06:00:00+00:00,2026-03-15 21:30:00+00:00,,2026-03-15 21:30:00+00:00,0.1209159999999999,TP3賣全部剩餘,0.0,3.899999999999885,4.522995393474133,36.7680023837312,0.0,0.0,WIN,2026-07-29 23:45:00+00:00,0.0812,已平倉,保留V94核心,核心,,,,,CORE,0.236798362581442,b5c9a7af6c0a4891a2ba3b9c6922552a65858a6b78f91a053b7b3e874942f7ef,2026-03-14 17:00:00+00:00,2026-03-14 16:45:00+00:00,5.0,短線轉弱或趨勢不夠順（效率0.95），使用5日線,單標的量能堆積加高結構分,102.0497141595609,,,,0.1153,0.1152927999999999,2026-03-14 17:00:00+00:00,2026-03-14 17:00:00+00:00,0.114364,0.1144,2026-03-14 16:00:00+00:00,0.0003,0.15,0.114355,0.1923076923043165,0.1190439999999999,4.000000000000029,0.1152927999999999,等回踩重新定價,,,,
V84,壓縮早突破,Binance,XPD/USDT:USDT,XPD,小幣,2026-03-17 13:30:00+00:00,2026-03-17 13:45:00+00:00,1631.41,1607.6217142857142,23.78828571428585,0.0145814269339319,0.6335282651072083,0.6111851194000373,1.943446601941748,1.4147923408845786,2.6955010224948848,0.3644539164367429,10.038134015541806,43.43441399837248,0.2010604713887476,False,1.5889508869745903,4.0,1726.5631428571437,1750.351428571429,1774.1397142857152,2026-03-17 15:30:00+00:00,1607.6217142857142,原停損,敗,-1.0,-1.1214342761278977,-11.214342761278974,2026-03-17 13:45:00+00:00,2026-03,0.2090972910782708,V85暴漲前布局,0.2090972910782708,1.0,結構太窄,False,False,False,,,,,,LONG,,,,,,,,,,4.00000000000001,,,,,-11.214342761278974,只限BTCETH加大尾單,LONG,10,進場前歷史：10日均線持有品質較高,進場前歷史：10日均線持有品質較高,0,0,,False,一般配置,0.5,0.2,0.15,0.15,-0.2116662956305027,-0.1582626732256448,,,,,2026-03-17 15:30:00+00:00,1607.6217142857142,原停損,0.0,-1.0,-1.122544708680142,-11.214342761278974,0.0,0.0,LOSS,2026-07-29 23:45:00+00:00,1277.64,已平倉,保留V94核心,核心,,,,,CORE,0.2090972910782708,a243a1ce8ad3a46533e48f17875c0460abdc9c3c99785796708c5089f2fe5510,2026-03-17 13:45:00+00:00,2026-03-17 13:30:00+00:00,0.0,,,-26.47287697474732,,,,,,,,,,,,,,,,,,,,,,
,,Binance,SSV/USDT:USDT,SSV,,,2026-03-22 00:00:00+00:00,2.503,2.657392857142857,,0.0616831231094114,,,,,,,,,,,,,1.49,1.3356071428571432,1.02682142857143,2026-04-16 19:15:00+00:00,2.657392857142857,原停損,LOSS,,,,,,,V72.8S核心,1047.73250058,,,,,False,❌,C0035,V62_BASE,V65_CORE,CORE_PROTECTED,SHORT,,,,,TP1_NOT_HIT,11.633959197929952,-11.980753802094489,0.0,,6.561184362711097,False,,2026-03-22 08:00:00+08:00,2026-04-17 03:15:00+08:00,-11.980753802094489,只限BTCETH加大尾單,SHORT,10,進場前歷史：10日均線持有品質較高,進場前歷史：10日均線持有品質較高,0,0,,False,一般配置,0.5,0.2,0.15,0.15,-0.1593407964322123,-0.1440552441788715,,,,,2026-04-16 19:15:00+00:00,2.657392857142857,原停損,0.0,-1.0,-1.0300814018043023,-11.980753802094489,0.0,0.0,LOSS,2026-07-29 23:45:00+00:00,2.251,已平倉,保留V94核心,核心,,,,,CORE,1047.73250058,0edb111e3f87defb213f3a1319b0b31409649e3e6aabe9fe74e084abde014c82,2026-03-22 00:00:00+00:00,,0.0,,核心反彈失敗空單,-24.0196304424897,,,,,,,,,,,,,,,,,,,,,,
V84,壓縮早突破,Binance,B2/USDT:USDT,B2,小幣,2026-03-22 00:15:00+00:00,2026-03-22 00:30:00+00:00,0.7265526857142858,0.7183042857142857,0.0082484,0.0113527899107425,0.3175041413583601,0.3175041413583601,3.1959633888758505,12.793084565438472,3.753623188405784,0.1745541650633544,15.382614125155987,56.70948880196035,0.454107609742671,False,2.086605040853068,4.0,0.759546285714286,0.7677828571428574,0.7760194285714289,2026-03-23 14:45:00+00:00,0.7278616586241904,含成本保本,勝,0.91057305397529,0.7524104544749601,7.524104544749601,2026-03-22 00:30:00+00:00,2026-03,0.1980005246031912,V85暴漲前布局,0.1980005246031912,2.0,成交量瞬間過熱、量能堆積過頭,False,False,True,,,,,,LONG,,,,,,,,,,4.0,,,,,7.524104544749601,只限BTCETH加大尾單,LONG,10,進場前歷史：10日均線持有品質較高,進場前歷史：10日均線持有品質較高,0,0,,False,一般配置,0.5,0.2,0.15,0.15,-0.1060027211446221,-0.0828713743345815,2026-03-23 11:00:00+00:00,,,,2026-03-23 14:45:00+00:00,0.7278616586241904,含成本保本,0.0,0.91057305397529,1.9189243323380465,7.5241045447496,0.0,0.0,WIN,2026-07-29 23:45:00+00:00,0.4716,已平倉,保留V94核心,核心,,,,,CORE,0.1980005246031912,51712636bb0abb55d7fbb37f0de3e582551263b827b012b87ae7a1f21c0b175e,2026-03-22 00:30:00+00:00,2026-03-22 00:15:00+00:00,10.0,趨勢完整且順暢（效率0.85），使用10日線,單標的量能堆積加高結構分,44.739307111730405,,,,0.7266,0.7265526857142858,2026-03-22 00:30:00+00:00,2026-03-22 00:30:00+00:00,0.7183634285714285,0.7186,2026-03-21 23:45:00+00:00,0.0019714285714285,0.15,0.7183042857142857,0.1436103787982867,0.759546285714286,4.0,0.7265526857142858,等回踩重新定價,,,,
,,Binance,EDU/USDT:USDT,EDU,,,2026-03-23 00:00:00+00:00,0.0753,0.080025,,0.0627490039840636,,,,,,,,,,,,,0.04,0.035275,0.025825,2026-04-21 00:45:00+00:00,0.080025,原停損,LOSS,,,,,,,V72.8S核心,1066.36792089,,,,,False,❌,C0037,V62_BASE,V65_CORE,FLEX_CORE,SHORT,,,,,TP1_NOT_HIT,11.633959197929952,-11.975039249364649,0.0,,7.470899470899483,False,,2026-03-23 08:00:00+08:00,2026-04-21 08:45:00+08:00,-11.975039249364649,只限BTCETH加大尾單,SHORT,10,進場前歷史：10日均線持有品質較高,進場前歷史：10日均線持有品質較高,0,0,,False,一般配置,0.5,0.2,0.15,0.15,-0.0364466639487324,0.018079117598579,,,,,2026-04-21 00:45:00+00:00,0.080025,原停損,0.0,-1.0,-1.0295857142857143,-11.975039249364649,0.0,0.0,LOSS,2026-07-29 23:45:00+00:00,0.03127,已平倉,保留V94核心,核心,,,,,CORE,1066.36792089,6f34803595188195c62d7a43f71ee218639677af2f12855ce01f015b613d240c,2026-03-23 00:00:00+00:00,,0.0,,核心反彈失敗空單,-23.98553918010801,,,,,,,,,,,,,,,,,,,,,,
V84,壓縮早突破,Binance,PROM/USDT:USDT,PROM,小幣,2026-04-01 02:30:00+00:00,2026-04-01 02:45:00+00:00,0.988,0.9714257142857142,0.0165742857142857,0.0167755928282244,0.6109979633401208,1.1258955987717425,2.216270095286866,1.770183684791239,2.716417910447761,0.5536472184988898,15.324943975176648,46.99113873347294,5.870445344129549,True,2.8844201200552604,4.0,1.054297142857143,1.070871428571429,1.0874457142857146,2026-04-05 00:15:00+00:00,1.006,5日線弱化退出,勝,4.0,3.8901061616263743,38.90106161626375,2026-04-01 02:45:00+00:00,,,V96強勢突破延續_驗證型,46.99113873347294,,,,,,,,,,,LONG,,,,,,10.0,,,,4.0,,,,,,只限BTCETH加大尾單,LONG,5,進場前歷史：5日均線持有品質較高,短線轉弱或趨勢不夠順（效率0.07），使用5日線,4,0,,False,一般配置,0.5,0.2,0.15,0.15,-0.1030156379355698,-0.1229528650258775,2026-04-03 23:00:00+00:00,,,,2026-04-05 00:15:00+00:00,1.006,5日線弱化退出,0.0,2.0,2.4334223754525075,18.91889851019286,0.0,0.0,WIN,2026-07-29 23:45:00+00:00,1.998,已平倉,,,,,當下已滿五倉,新增,CORE,46.99113873347294,0533b278fd3347966c375b452a4649247e3126883fdc8af2a4e183d476bee734,2026-04-01 02:45:00+00:00,2026-04-01 02:30:00+00:00,5.0,短線轉弱或趨勢不夠順（效率0.16），使用5日線,,57.81528344870627,,,,,,,,,,,,,,,,,,,,,,
V84,壓縮早突破,Binance,DODOX/USDT:USDT,DODOX,小幣,2026-04-05 15:00:00+00:00,2026-04-05 15:15:00+00:00,0.0151980594285714,0.0149278714285714,0.0002701879999999,0.0177777959922999,0.4297520661157072,1.138557826752784,2.4061280097201254,1.7145421603085529,3.0671378091872894,0.3398954158999655,15.324272214924378,46.908260629732126,1.3364055299539102,False,3.015223010394564,4.000000000000006,0.0162788114285714,0.0165485142857142,0.0168182171428571,2026-04-06 08:45:00+00:00,0.0168182171428571,TP3賣全部剩餘,勝,3.999999999999994,3.8959068831501646,38.95906883150165,2026-04-05 15:15:00+00:00,,,V96強勢突破延續_驗證型,46.908260629732126,,,,,,,,,,,LONG,,,,,,10.0,,,,4.000000000000006,,,,,,只限BTCETH加大尾單,LONG,5,進場前歷史：5日均線持有品質較高,進場前歷史：5日均線持有品質較高,0,0,,False,一般配置,0.5,0.2,0.15,0.15,-0.1475400858948663,-0.2055896084792053,2026-04-06 08:45:00+00:00,2026-04-06 08:45:00+00:00,2026-04-06 08:45:00+00:00,,2026-04-06 08:45:00+00:00,0.0168182171428571,TP3賣全部剩餘,0.0,3.899999999999239,4.643129634392089,37.959960676190725,0.0,0.0,WIN,2026-07-29 23:45:00+00:00,0.019297,已平倉,,,,,當下已滿五倉,新增,CORE,46.908260629732126,b442e381e2f88a08fe4c26f2e0aef68f5a3a698fe5a9e772b3b098644d6877c3,2026-04-05 15:15:00+00:00,2026-04-05 15:00:00+00:00,10.0,趨勢完整且順暢（效率0.88），使用10日線,,112.999794663829,,,,0.0152,0.0151980594285714,2026-04-05 15:15:00+00:00,2026-04-05 15:15:00+00:00,0.0149302971428571,0.01494,2026-04-05 13:30:00+00:00,8.085714285714257e-05,0.15,0.0149278714285714,0.1798805033929928,0.0162788114285714,4.000000000000006,0.0151980594285714,等回踩重新定價,,,,
V84,壓縮早突破,Binance,XMR/USDT:USDT,XMR,小幣,2026-04-16 15:15:00+00:00,2026-04-16 15:30:00+00:00,346.05721142857146,339.7925714285714,6.264640000000043,0.0181029026216178,0.6572442273018009,0.4585824577697739,2.872541341682444,1.7636742125054516,3.1017628205128007,0.170165147460953,5.198320602317151,47.87834690815362,0.5720559343580289,False,1.812325330546802,3.999999999999982,371.1157714285715,377.3697142857144,383.62365714285727,2026-04-21 18:30:00+00:00,383.62365714285727,TP3賣全部剩餘,勝,4.0,3.8977213101279817,38.977213101279816,2026-04-16 15:30:00+00:00,,,V96強勢突破延續_驗證型,47.87834690815362,,,,,,,,,,,LONG,,,,,,10.0,,,,3.999999999999982,,,,,,只限BTCETH加大尾單,LONG,10,進場前歷史：10日均線持有品質較高,短線轉弱或趨勢不夠順（效率0.27），使用5日線,2,2,5.0,False,一般配置,0.5,0.2,0.15,0.15,-0.1133258943009162,-0.0859902746175022,2026-04-21 10:30:00+00:00,2026-04-21 14:15:00+00:00,2026-04-21 18:30:00+00:00,2026-04-25 00:00:00+00:00,2026-04-21 18:30:00+00:00,383.62365714285727,TP3賣全部剩餘,0.0,4.445176071781,4.645013926874811,43.42500353990374,0.0,0.0,WIN,2026-07-29 19:00:00+00:00,353.61,已平倉,,,,,當下已滿五倉,新增,CORE,47.87834690815362,2c2034580b5ce05973724aa10cd7a7461dae1484817e4f3c1b7ab0de4f3de573,2026-04-16 15:30:00+00:00,2026-04-16 15:15:00+00:00,10.0,趨勢完整且順暢（效率0.58），使用10日線,,118.29450886865796,,,,346.1,346.05721142857146,2026-04-16 15:30:00+00:00,2026-04-16 15:30:00+00:00,339.84605714285715,340.06,2026-04-16 14:00:00+00:00,1.7828571428571454,0.15,339.7925714285714,0.1710463798841877,371.1157714285715,3.999999999999982,346.05721142857146,等回踩重新定價,,,,
V84,壓縮早突破,Binance,BNB/USDT:USDT,BNB,小幣,2026-04-17 09:00:00+00:00,2026-04-17 09:15:00+00:00,632.0462628571429,626.8091428571429,5.237120000000004,0.0082859757390634,0.5376258569406156,0.3859348198971046,1.9808396921778093,2.410755160134646,3.2652439024390554,0.0653121671417552,8.45336713951592,49.30127202458868,2.2038698245447463,True,1.2,4.000000000000065,652.9947428571433,658.223428571429,663.4521142857149,2026-04-19 02:15:00+00:00,626.8091428571429,原停損,敗,-1.0,-1.2147329706163503,-12.147329706163504,2026-04-17 09:15:00+00:00,2026-04,0.2069098460155587,V85暴漲前布局,0.2069098460155587,1.0,量能堆積過頭,False,False,False,,,,,,LONG,,,,,,,,,,4.000000000000065,,,,,-12.147329706163504,只限BTCETH加大尾單,LONG,10,進場前歷史：10日均線持有品質較高,進場前歷史：10日均線持有品質較高,0,0,,False,一般配置,0.5,0.2,0.15,0.15,-0.117091804834025,-0.0732483928446627,,,,,2026-04-19 02:15:00+00:00,626.8091428571429,原停損,0.0,-1.0,-1.2163345245369317,-12.147329706163504,0.0,0.0,LOSS,2026-07-29 19:45:00+00:00,568.85,已平倉,保留V94核心,核心,,,,,CORE,0.2069098460155587,85799d9c10841c479e31d6e5a0a0973da9b419041defa0f4298bd108884baaab,2026-04-17 09:15:00+00:00,2026-04-17 09:00:00+00:00,0.0,,單標的量能堆積加高結構分,-30.672954526861464,,,,632.08,632.0462628571429,2026-04-17 09:15:00+00:00,2026-04-17 09:15:00+00:00,626.8513142857142,627.02,2026-04-17 07:45:00+00:00,1.405714285714282,0.15,626.8091428571429,0.1613079495514036,652.9947428571433,4.000000000000065,632.0462628571429,等回踩重新定價,,,,
V84,壓縮早突破,Binance,WAL/USDT:USDT,WAL,小幣,2026-04-18 12:00:00+00:00,2026-04-18 12:15:00+00:00,0.07422,0.0722687428571428,0.0019512571428571,0.0262901797744165,1.950281554731492,1.4902925895542871,2.886560258224797,1.7108893563081982,2.658227848101256,0.2032839345123289,11.14666002869946,48.26979259228792,0.5792806143068763,False,2.391850838147403,4.0,0.0820250285714285,0.0839762857142857,0.0859275428571428,2026-04-19 00:30:00+00:00,0.0722687428571428,原停損,敗,-1.0,-1.0669543780459017,-10.669543780459016,2026-04-18 12:15:00+00:00,,,V96強勢突破延續_驗證型,48.26979259228792,,,,,,,,,,,LONG,,,,,,10.0,,,,3.999999999999858,,,,,,只限BTCETH加大尾單,LONG,10,進場前歷史：10日均線持有品質較高,進場前歷史：10日均線持有品質較高,0,0,,False,一般配置,0.5,0.2,0.15,0.15,-0.1765446565134228,-0.1650175857347041,,,,,2026-04-19 00:30:00+00:00,0.0722687428571428,原停損,0.0,-1.0,-1.067566629572142,-10.669543780458996,0.0,0.0,LOSS,2026-07-29 23:45:00+00:00,0.02508,已平倉,,,,,同標的已有持倉,新增,CORE,48.26979259228792,e7fa48e0e4355a5c45ffdd97fec6529e8c6791c5fce6d6b650e511d78bc71868,2026-04-18 12:15:00+00:00,2026-04-18 12:00:00+00:00,0.0,,,-26.892154125179648,,,,,,,,,,,,,,,,,,,,,,
V84,壓縮早突破,Binance,SQD/USDT:USDT,SQD,小幣,2026-04-24 00:00:00+00:00,2026-04-24 00:15:00+00:00,0.03234,0.0318445714285714,0.0004954285714285,0.0153193745030487,0.7167341851044062,0.7481296758104827,2.850614198983111,1.5378896893449,3.2666666666666653,0.1710331842114248,17.257785467128073,46.356373714204025,0.587871287128694,False,3.1743231354975467,4.0,0.0343217142857142,0.0348171428571428,0.0353125714285714,2026-04-24 08:30:00+00:00,0.0318445714285714,原停損,敗,-1.0,-1.1155417206920497,-11.155417206920497,2026-04-24 00:15:00+00:00,2026-04,0.1976365802170896,V85暴漲前布局,0.1976365802170896,1.0,成交量瞬間過熱,False,False,False,,,,,,LONG,,,,,,,,,,3.999999999999608,,,,,-11.155417206920497,只限BTCETH加大尾單,LONG,10,進場前歷史：10日均線持有品質較高,進場前歷史：10日均線持有品質較高,0,0,,False,一般配置,0.5,0.2,0.15,0.15,-0.0954823319475884,-0.0225842985862138,,,,,2026-04-24 08:30:00+00:00,0.0318445714285714,原停損,0.0,-1.0,-1.1165982698961874,-11.155417206920433,0.0,0.0,LOSS,2026-07-29 23:45:00+00:00,0.03087,已平倉,保留V94核心,核心,,,,,CORE,0.1976365802170896,7288a37ceb518abdd11feb32221c95025d759491ab6c2806960d2137b593babc,2026-04-24 00:15:00+00:00,2026-04-24 00:00:00+00:00,0.0,,,-28.58600200004311,,,,,,,,,,,,,,,,,,,,,,
V84,壓縮早突破,Binance,ACH/USDT:USDT,ACH,小幣,2026-04-24 08:15:00+00:00,2026-04-24 08:30:00+00:00,0.006261,0.0061651628571428,9.583714285714332e-05,0.0153070025326944,0.6913183279742885,0.8859536082474362,3.1315012178557344,1.3848081145440774,3.425981873111791,0.557996653344433,5.258921384491525,45.708487783506826,0.1437011017084488,False,2.034871338250824,4.0,0.0066443485714285,0.0067401857142857,0.0068360228571428,2026-04-27 11:45:00+00:00,0.0068360228571428,TP3賣全部剩餘,勝,4.0,3.879904947745588,38.799049477455874,2026-04-24 08:30:00+00:00,,,V96強勢突破延續_驗證型,45.708487783506826,,,,,,,,,,,LONG,,,,,,10.0,,,,3.9999999999968776,,,,,,只限BTCETH加大尾單,LONG,10,進場前歷史：10日均線持有品質較高,短線轉弱或趨勢不夠順（效率0.32），使用5日線,2,5,5.0,False,一般配置,0.5,0.2,0.15,0.15,-0.0637277202242665,0.0224313273721598,2026-04-25 13:15:00+00:00,2026-04-27 07:45:00+00:00,2026-04-27 11:45:00+00:00,2026-05-02 00:00:00+00:00,2026-04-27 11:45:00+00:00,0.0068360228571428,TP3賣全部剩餘,0.0,5.236642518554668,4.628131761467047,51.1544457322874,0.0,0.0,WIN,2026-07-29 23:45:00+00:00,0.004969,已平倉,,,,,LONG過去24小時已有2筆進場,新增,CORE,45.708487783506826,bdf93d23b09d7cd07f5f224d78bd7a4e35c4b0281d4657c90cce35e7d4df588e,2026-04-24 08:30:00+00:00,2026-04-24 08:15:00+00:00,10.0,趨勢完整且順暢（效率0.44），使用10日線,,118.4150668830414,,,,,,,,,,,,,,,,,,,,,,
V84,壓縮早突破,Binance,DRIFT/USDT:USDT,DRIFT,小幣,2026-04-28 15:00:00+00:00,2026-04-28 15:15:00+00:00,0.0362,0.0347489428571428,0.0014510571428571,0.0400844514601437,1.6858668165214974,2.812499999999996,2.8742480519685785,1.6081814685443636,3.3319415448851712,0.773872985748417,24.9680036229744,48.53815658303744,4.282951091461729,False,10.300953776954936,4.0,0.0420042285714285,0.0434552857142857,0.0449063428571428,2026-04-29 15:00:00+00:00,0.0347489428571428,原停損,敗,-1.0,-1.0436064414952673,-10.436064414952671,2026-04-28 15:15:00+00:00,,,V96強勢突破延續_驗證型,48.53815658303744,,,,,,,,,,,LONG,,,,,,10.0,,,,3.99999999999978,,,,,,只限BTCETH加大尾單,LONG,5,進場前歷史：5日均線持有品質較高,進場前歷史：5日均線持有品質較高,0,0,,False,一般配置,0.5,0.2,0.15,0.15,-0.1354808591696005,-0.1529474173480354,,,,,2026-04-29 15:00:00+00:00,0.0347489428571428,原停損,0.0,0.1102644377498135,-1.044005192273611,0.6566781280407747,0.0,0.0,LOSS,2026-07-29 23:45:00+00:00,0.01109,已平倉,,新增,,,,,CORE,48.53815658303744,d4296deecdee1ded3f42f084c8d63b91b22f5b36c9d567a92e4f9b858fcad759,2026-04-28 15:15:00+00:00,2026-04-28 15:00:00+00:00,0.0,,,-27.66536869175404,,,,,,,,,,,,,,,,,,,,,,
V84,壓縮早突破,Binance,API3/USDT:USDT,API3,小幣,2026-04-28 15:15:00+00:00,2026-04-28 15:30:00+00:00,0.3571,0.3446548571428571,0.0124451428571428,0.0348505820698484,2.116704805491976,1.825442099258412,2.94743998980611,1.773482315480201,2.267295597484268,0.1867346859709451,11.78773130079438,49.09955722694984,1.4285714285714235,False,3.931380596964458,4.0,0.4068805714285712,0.4193257142857141,0.4317708571428569,2026-04-29 15:00:00+00:00,0.3577433590231207,含成本保本,勝,4.0,3.945251570942571,39.45251570942571,2026-04-28 15:30:00+00:00,,,V96強勢突破延續_驗證型,49.09955722694984,,,,,,,,,,,LONG,,,,,,10.0,,,,3.999999999999978,,,,,,只限BTCETH加大尾單,LONG,10,進場前歷史：10日均線持有品質較高,進場前歷史：10日均線持有品質較高,0,0,,False,一般配置,0.5,0.2,0.15,0.15,-0.1957240443052083,-0.1478521303173798,2026-04-29 03:15:00+00:00,2026-04-29 03:30:00+00:00,,,2026-04-29 15:00:00+00:00,0.3577433590231207,含成本保本,0.0,2.9999999999999845,3.208338200789735,29.46143415639011,0.0,0.0,WIN,2026-07-29 23:45:00+00:00,0.199,已平倉,,,,,當下已滿五倉,新增,CORE,49.09955722694984,5d4a10f759e40683bf5b4da0c4c2e4101def8b3180115211e94e3eb3a0315fa5,2026-04-28 15:30:00+00:00,2026-04-28 15:15:00+00:00,10.0,趨勢完整且順暢（效率0.37），使用10日線,,84.9995105165237,,,,,,,,,,,,,,,,,,,,,,
V84,壓縮早突破,Binance,PAYP/USDT:USDT,PAYP,小幣,2026-04-29 16:45:00+00:00,2026-04-29 17:00:00+00:00,20.37,19.92448571428572,0.4455142857142853,0.0218710989550457,1.596009975062351,0.9415262636273568,2.273479456278747,2.0177814322789587,2.784530386740334,0.0903504224431889,7.048034374398776,48.59757097311941,1.276386843397148,False,1.999436905545085,4.0,22.152057142857142,22.597571428571428,23.04308571428572,2026-05-04 15:30:00+00:00,21.46,5日線弱化退出,勝,4.0,3.91487799075972,39.1487799075972,2026-04-29 17:00:00+00:00,2026-04,0.1919481856339553,V85暴漲前布局,0.1919481856339553,1.0,結構太窄,False,False,False,,,,,,LONG,,,,,,,,,,4.000000000000032,,,,,39.1487799075972,只限BTCETH加大尾單,LONG,5,進場前歷史：5日均線持有品質較高,短線轉弱或趨勢不夠順（效率0.38），使用5日線,2,3,5.0,False,一般配置,0.5,0.2,0.15,0.15,-0.32815635921303,-0.3838465728909958,2026-04-30 19:45:00+00:00,,,2026-05-05 00:00:00+00:00,2026-05-04 15:30:00+00:00,21.46,5日線弱化退出,0.0,2.98762265118966,3.138103963316899,29.03403525318728,0.0,0.0,WIN,2026-07-29 23:45:00+00:00,14.99,已平倉,保留V94核心,核心,,,,,CORE,0.1919481856339553,777a77e102b0c5a81260948383552389ef31e90b487911b5dbd8bcabc0f934c1,2026-04-29 17:00:00+00:00,2026-04-29 16:45:00+00:00,5.0,短線轉弱或趨勢不夠順（效率0.28），使用5日線,單標的量能堆積加高結構分,84.95664881028489,,,,,,,,,,,,,,,,,,,True,2.187109895504574,2.0177814322789525,0.9415262636273568
V84,壓縮早突破,Binance,Q/USDT:USDT,Q,小幣,2026-04-30 19:30:00+00:00,2026-04-30 19:45:00+00:00,0.010058,0.0099127542857142,0.0001452457142857,0.0144408147033007,0.6203101550775303,0.9131045554886752,2.8844827354471043,1.596121019878765,3.133986928104576,0.2808816345786971,24.820009442127617,46.4200275404999,3.360843193795371,False,7.090187209335479,4.0,0.0106389828571428,0.0107842285714285,0.0109294742857142,2026-05-02 11:45:00+00:00,0.0109294742857142,TP3賣全部剩餘,敗,0.1101581556376752,-0.0134573156850742,-0.1345731568507428,2026-04-30 19:45:00+00:00,2026-04,0.2004309143051779,V85暴漲前布局,0.2004309143051779,2.0,成交量瞬間過熱、空間數值異常,False,False,True,,,,,,LONG,,,,,,,,,,3.999999999997265,,,,,-0.1345731568507428,只限BTCETH加大尾單,LONG,10,進場前歷史：10日均線持有品質較高,進場前歷史：10日均線持有品質較高,0,0,,False,一般配置,0.5,0.2,0.15,0.15,-0.1270262952600747,-0.0755500829537134,2026-05-02 11:15:00+00:00,2026-05-02 11:45:00+00:00,2026-05-02 11:45:00+00:00,,2026-05-02 11:45:00+00:00,0.0109294742857142,TP3賣全部剩餘,0.0,0.1101581556376752,4.62107829293884,-0.1345731568507431,0.0,0.0,WIN,2026-07-29 23:45:00+00:00,0.021928,已平倉,保留V94核心,,,,LONG過去24小時已有2筆進場,核心,CORE,0.2004309143051779,5263ffbadb51f930e2e6e63677dae5b5b8f4c84c670659b5193767f2dec95f4d,2026-04-30 19:45:00+00:00,2026-04-30 19:30:00+00:00,5.0,短線轉弱或趨勢不夠順（效率-0.18），使用5日線,,125.05314615033592,,,,,,,,,,,,,,,,,,,,,,
V84,壓縮早突破,Binance,OG/USDT:USDT,OG,小幣,2026-05-02 08:30:00+00:00,2026-05-02 08:45:00+00:00,2.9837891428571437,2.9456821428571427,0.0381070000000005,0.0127713448154419,1.0490693739424684,1.1175076193701503,2.459779284669592,1.6957724719990226,4.097560975609722,0.8023702303659059,17.21225317216002,45.75298921824806,1.0716677829872625,False,2.6993947942753027,3.999999999999965,3.136217142857144,3.174271428571429,3.212325714285715,2026-05-07 15:30:00+00:00,3.049,5日線弱化退出,勝,4.0,3.856565874314492,38.56565874314492,2026-05-02 08:45:00+00:00,,,V96強勢突破延續_驗證型,45.75298921824806,,,,,,,,,,,LONG,,,,,,10.0,,,,3.999999999999965,,,,,,只限BTCETH加大尾單,LONG,10,進場前歷史：10日均線持有品質較高,短線轉弱或趨勢不夠順（效率-0.05），使用5日線,4,4,5.0,False,一般配置,0.5,0.2,0.15,0.15,-0.0976045822569481,-0.0661614290474662,2026-05-06 19:15:00+00:00,2026-05-07 00:15:00+00:00,,2026-05-14 00:00:00+00:00,2026-05-07 15:30:00+00:00,3.049,5日線弱化退出,0.0,4.621337938283658,3.5332180885401208,44.77349675653184,0.0,0.0,WIN,2026-07-29 23:45:00+00:00,2.48,已平倉,,,,,當下已滿五倉,新增,CORE,45.75298921824806,1db45633aff8d51d49fc579aee020d42df5c8ffa8bbfd4852a1ffc9b6fdd94ec,2026-05-02 08:45:00+00:00,2026-05-02 08:30:00+00:00,5.0,短線轉弱或趨勢不夠順（效率0.65），使用5日線,,97.44613177079734,,,,2.984,2.9837891428571437,2026-05-02 08:45:00+00:00,2026-05-02 08:45:00+00:00,2.945945714285714,2.947,2026-05-02 07:15:00+00:00,0.0087857142857143,0.15,2.9456821428571427,0.1385239132078775,3.136217142857144,3.999999999999965,2.9837891428571437,等回踩重新定價,,,,
V84,壓縮早突破,Binance,BABA/USDT:USDT,BABA,小幣,2026-05-05 00:00:00+00:00,2026-05-05 00:15:00+00:00,134.37,133.47222857142856,0.8977714285714455,0.0066813383089338,0.3955519068587154,0.4030452306314602,4.214886731391586,2.533764832793957,3.975308641975208,0.2840258236526546,8.387435554706736,54.02703324444045,0.5947071067499143,False,1.4994066141030948,4.0,137.9610857142858,138.85885714285723,139.75662857142868,2026-05-05 01:30:00+00:00,133.47222857142856,原停損,敗,-1.0,-1.2660740400465142,-12.660740400465142,2026-05-05 00:15:00+00:00,2026-05,0.2421196154539374,V85暴漲前布局,0.2421196154539374,2.0,成交量瞬間過熱、量能堆積過頭,False,False,False,,,,,,LONG,,,,,,,,,,4.0,,,,,-12.660740400465142,只限BTCETH加大尾單,LONG,10,歷史不足，保守使用10日均線,歷史不足，保守使用10日均線,0,0,,False,一般配置,0.5,0.2,0.15,0.15,,,,,,,2026-05-05 01:30:00+00:00,133.47222857142856,原停損,0.0,-1.0,-1.268507103303413,-12.660740400465142,0.0,0.0,LOSS,2026-07-29 23:45:00+00:00,114.51,已平倉,保留V94核心,核心,,,,,CORE,0.2421196154539374,31c1de0f5b0fa6f82d64372e0fb4b7bf54b6f7b88c6d26433382695fe3e55565,2026-05-05 00:15:00+00:00,2026-05-05 00:00:00+00:00,0.0,,單標的量能堆積加高結構分,-36.98112650308526,,,,,,,,,,,,,,,,,,,,,,
V84,均線假跌破站回,Binance,EUL/USDT:USDT,EUL,小幣,2026-05-08 08:00:00+00:00,2026-05-08 08:15:00+00:00,1.4219,1.3939677142857143,0.0279322857142856,0.0196443390634261,1.477199743095703,0.9656347628514528,2.3984066834693407,2.5142417352579995,3.062831188493555,0.0864685279200975,15.666458680687011,48.55587152418831,3.424753867791841,False,5.630706799255238,4.0,1.5336291428571425,1.561561428571428,1.5894937142857135,2026-05-12 04:00:00+00:00,1.5894937142857135,TP3賣全部剩餘,勝,4.0,3.905633465938319,39.05633465938319,2026-05-08 08:15:00+00:00,2026-05,0.2128928985966178,V85暴漲前布局,0.2128928985966178,1.0,量能堆積過頭,False,False,False,,,,,,LONG,,,,,,,,,,4.0,,,,,39.05633465938319,只限BTCETH加大尾單,LONG,5,進場前歷史：5日均線持有品質較高,短線轉弱或趨勢不夠順（效率0.08），使用5日線,1,2,5.0,False,一般配置,0.5,0.2,0.15,0.15,-0.0584706673532198,-0.0745968377342775,2026-05-11 07:15:00+00:00,2026-05-11 08:30:00+00:00,2026-05-12 04:00:00+00:00,2026-05-14 00:00:00+00:00,2026-05-12 04:00:00+00:00,1.5894937142857135,TP3賣全部剩餘,0.0,4.222744801202909,4.654095549185272,41.281796133716114,0.0,0.0,WIN,2026-07-29 23:45:00+00:00,1.65,已平倉,保留V94核心,核心,,,,,CORE,0.2128928985966178,24f002a01f10bfc5ff438a67685a495465062c6737b861be2321a3b862d28c86,2026-05-08 08:15:00+00:00,2026-05-08 08:00:00+00:00,5.0,短線轉弱或趨勢不夠順（效率0.33），使用5日線,單標的量能堆積加高結構分,138.5866457221698,,,,,,,,,,,,,,,,,,,,,,
V84,壓縮早突破,Binance,CL/USDT:USDT,CL,小幣,2026-05-12 01:15:00+00:00,2026-05-12 01:30:00+00:00,96.7,95.78008571428572,0.9199142857142846,0.0095130743093514,0.3528435035284438,0.5302006445576435,2.90607290238444,3.542437249099242,3.449856733524372,0.3577558958955109,15.273162095847455,57.77629138124354,2.6370217166494347,True,2.38759429415104,4.0,100.37965714285714,101.29957142857144,102.21948571428572,2026-05-14 06:30:00+00:00,95.78008571428572,原停損,敗,-1.0,-1.186606889667287,-11.86606889667287,2026-05-12 01:30:00+00:00,2026-05,0.2419438836759125,V85暴漲前布局,0.2419438836759125,1.0,量能堆積過頭,False,False,False,,,,,,LONG,,,,,,,,,,4.0,,,,,-11.86606889667287,只限BTCETH加大尾單,LONG,10,進場前歷史：10日均線持有品質較高,進場前歷史：10日均線持有品質較高,0,0,,False,一般配置,0.5,0.2,0.15,0.15,-0.17181792002704,0.1445283850328008,,,,,2026-05-14 06:30:00+00:00,95.78008571428572,原停損,0.0,-1.0,-1.188313280740442,-11.86606889667287,0.0,0.0,LOSS,2026-07-29 23:45:00+00:00,84.27,已平倉,保留V94核心,核心,,,,,CORE,0.2419438836759125,1877e4cfc79c417b99eed985a2b76c82551d7ad9015674d9747b0cab88b5aaaf,2026-05-12 01:30:00+00:00,2026-05-12 01:15:00+00:00,0.0,,單標的量能堆積加高結構分,-36.505425665299256,,,,,,,,,,,,,,,,,,,,,,
V84,均線假跌破站回,Binance,CL/USDT:USDT,CL,小幣,2026-05-15 14:30:00+00:00,2026-05-15 15:00:00+00:00,100.04990285714284,99.08689285714286,0.963009999999997,0.0096252967019372,0.5426045016077241,0.1501351216094626,1.653513308710081,1.6389552144811994,5.4668930390492285,0.0007071232321338,11.12978552518076,32.640891211673825,1.3891665000999476,False,2.38759429415104,4.0,103.90194285714284,104.86242857142857,105.82291428571426,2026-05-18 11:30:00+00:00,100.2301549091325,含成本保本,勝,4.0,3.8106141774828544,38.106141774828544,2026-05-15 14:45:00+00:00,2026-05,0.2251830251261415,V85暴漲前布局,0.2251830251261415,0.0,,False,False,False,,,,,,LONG,,,,,,,,,,4.0,,,,,38.106141774828544,只限BTCETH加大尾單,LONG,10,進場前歷史：10日均線持有品質較高,進場前歷史：10日均線持有品質較高,0,0,,False,一般配置,0.5,0.2,0.15,0.15,-0.1497598254274315,0.1030129204071771,2026-05-18 01:15:00+00:00,,,,2026-05-18 11:30:00+00:00,100.2301549091325,含成本保本,0.0,1.9999999999999705,1.9046963888522108,18.123978668757395,0.0,0.0,WIN,2026-07-29 23:45:00+00:00,84.27,已平倉,保留V94核心,核心,,,,,CORE,0.2251830251261415,3252e00cb593f087394e71c5763250efba258bdbbc6adf933915293b95a9335e,2026-05-15 15:00:00+00:00,2026-05-15 14:30:00+00:00,10.0,趨勢完整且順暢（效率0.46），使用10日線,,58.66115390097664,,,,100.06,100.04990285714284,2026-05-15 14:45:00+00:00,2026-05-15 15:00:00+00:00,99.09951428571428,99.15,2026-05-15 13:30:00+00:00,0.4207142857142857,0.15,99.08689285714286,0.2628134574755414,103.90194285714284,4.0,100.04990285714284,等回踩重新定價,,,,
V84,壓縮早突破,Binance,GPS/USDT:USDT,GPS,小幣,2026-05-15 15:00:00+00:00,2026-05-15 15:15:00+00:00,0.008297,0.0080241514285714,0.0002728485714285,0.0328852080786549,1.0105929623767107,0.7162801991016154,2.539638955448213,1.735596755924383,2.2414943295530247,0.6410245000426216,8.770432579033875,49.11237836440792,7.135969141755072,True,4.601693776045152,4.0,0.0093883942857142,0.0096612428571428,0.0099340914285714,2026-05-16 05:45:00+00:00,0.0080241514285714,原停損,敗,-1.0,-1.0533480247501836,-10.533480247501837,2026-05-15 15:15:00+00:00,,,V96強勢突破延續_驗證型,49.11237836440792,,,,,,,,,,,LONG,,,,,,10.0,,,,3.999999999999269,,,,,,只限BTCETH加大尾單,LONG,10,進場前歷史：10日均線持有品質較高,進場前歷史：10日均線持有品質較高,0,0,,False,一般配置,0.5,0.2,0.15,0.15,-0.1435182797709187,-0.0408285932423421,,,,,2026-05-16 05:45:00+00:00,0.0080241514285714,原停損,0.0,-1.0,-1.0538358555766092,-10.533480247501782,0.0,0.0,LOSS,2026-07-29 23:45:00+00:00,0.009653,已平倉,,,,,當下已滿五倉,新增,CORE,49.11237836440792,4e6168dda7723565f4b108cd8c71e70a8b426a763fb0a64b81814a637cbe01e1,2026-05-15 15:15:00+00:00,2026-05-15 15:00:00+00:00,0.0,,,-32.42586296792745,,,,,,,,,,,,,,,,,,,,,,
V84,壓縮早突破,Binance,ARK/USDT:USDT,ARK,小幣,2026-05-23 05:45:00+00:00,2026-05-23 06:00:00+00:00,0.1628,0.159916,0.0028839999999999,0.0177149877149877,1.055245189323406,0.3699136868064112,3.2395367825880825,1.8644354501210136,4.714285714285722,0.3064823302422517,9.916782246879338,46.34920512972932,0.3685503685503688,False,1.8637187432760007,4.0,0.174336,0.17722,0.180104,2026-05-23 07:45:00+00:00,0.159916,原停損,敗,-1.0,-1.0997963082737294,-10.997963082737297,2026-05-23 06:00:00+00:00,2026-05,0.2152489237665261,V85暴漲前布局,0.2152489237665261,1.0,成交量瞬間過熱,False,False,False,,,,,,LONG,,,,,,,,,,4.0,,,,,-10.997963082737297,只限BTCETH加大尾單,LONG,5,進場前歷史：5日均線持有品質較高,進場前歷史：5日均線持有品質較高,0,0,,False,一般配置,0.5,0.2,0.15,0.15,-0.1408228372854782,-0.1529703935471863,,,,,2026-05-23 07:45:00+00:00,0.159916,原停損,0.0,-1.0,-1.100708876560333,-10.997963082737297,0.0,0.0,LOSS,2026-07-29 23:45:00+00:00,0.0928,已平倉,保留V94核心,核心,,,,,CORE,0.2152489237665261,b0aa097b01586676e42c78543873c89ba267ea6b8d51ca8f6c50fc04d56fd33e,2026-05-23 06:00:00+00:00,2026-05-23 05:45:00+00:00,0.0,,,-34.18858791332793,,,,,,,,,,,,,,,,,,,,,,
V84,均線假跌破站回,Binance,IDOL/USDT:USDT,IDOL,小幣,2026-05-26 17:00:00+00:00,2026-05-26 17:15:00+00:00,0.02591,0.025542,0.000368,0.014203010420687,1.0920436817472678,0.4261913986826737,3.4232275496367057,1.8077425165455687,4.933333333333306,0.4585251448142627,17.907608695652165,42.17937404495497,2.9320987654321007,False,4.357931757882407,4.0,0.027382,0.02775,0.028118,2026-05-27 10:15:00+00:00,0.028118,TP3賣全部剩餘,勝,4.0,3.870847316403469,38.70847316403469,2026-05-26 17:15:00+00:00,2026-05,0.2229160311888748,V85暴漲前布局,0.2229160311888748,1.0,成交量瞬間過熱,False,False,False,,,,,,LONG,,,,,,,,,,4.0,,,,,38.70847316403469,只限BTCETH加大尾單,LONG,10,進場前歷史：10日均線持有品質較高,短線轉弱或趨勢不夠順（效率0.05），使用5日線,1,7,5.0,False,一般配置,0.5,0.2,0.15,0.15,-0.1842918041924866,-0.1391266721794583,2026-05-27 09:30:00+00:00,2026-05-27 09:30:00+00:00,2026-05-27 10:15:00+00:00,2026-06-04 00:00:00+00:00,2026-05-27 10:15:00+00:00,0.028118,TP3賣全部剩餘,0.0,4.829347826086956,4.618991304347826,46.99455493030213,0.0,0.0,WIN,2026-07-29 23:45:00+00:00,0.01529,已平倉,保留V94核心,核心,,,,,CORE,0.2229160311888748,594be9489011569e2d51cbdb377929d2e76e3e3f85607790f8489b43573b7dd8,2026-05-26 17:15:00+00:00,2026-05-26 17:00:00+00:00,5.0,短線轉弱或趨勢不夠順（效率0.18），使用5日線,,141.88909481629466,,,,,,,,,,,,,,,,,,,,,,
,,Binance,WAL/USDT:USDT,WAL,,,2026-05-29 02:45:00+00:00,0.06137,0.062572,,0.0195861169952745,,,,,,,,,,,,,0.0565619999999999,0.0541579999999999,0.0517539999999999,2026-06-01 07:00:00+00:00,0.061259633330003,含成本保本,WIN,,,,,,,V72.8S核心,1092.073686787973,,,,,False,✅,C0045,V65_REENTRY,V65_CORE,CORE_PROTECTED,SHORT,2026-05-29T21:30:00+00:00,,,,NOT_USED,12.90203466514787,50.479188851264695,0.0,,4.000000000000081,False,,2026-05-29 10:45:00+08:00,2026-05-30 05:30:00+08:00,50.479188851264695,只限BTCETH加大尾單,SHORT,5,進場前歷史：5日均線持有品質較高,趨勢完整且順暢（效率0.68），使用10日線,0,3,,False,一般配置,0.5,0.2,0.15,0.15,-0.0086958684818786,-0.0725177395663808,2026-05-29 21:30:00+00:00,,,,2026-06-01 07:00:00+00:00,0.061259633330003,含成本保本,0.0,2.0000000000000404,1.9558490848586068,24.65210629858923,0.0,0.0,WIN,2026-07-29 23:45:00+00:00,0.02508,已平倉,保留V94核心,核心,,,,,CORE,1092.073686787973,6e393fb87ffcea6a96e6b7199ca18d8c7e158d4c83389f98dcd9d1a373e220da,2026-05-29 02:45:00+00:00,,10.0,趨勢完整且順暢（效率0.58），使用10日線,核心反彈失敗空單,62.85614515555485,,,,,,,,,,,,,,,,,,,,,,
V84,均線假跌破站回,Binance,KAIA/USDT:USDT,KAIA,小幣,2026-05-29 20:15:00+00:00,2026-05-29 20:30:00+00:00,0.0490345314285714,0.0483358214285714,0.0006987099999999,0.0142493459128452,0.7809288943690929,0.3478616738285423,3.314002637590167,2.3322491199551,5.705329153605005,0.3867209390578708,13.952964313516697,44.365646980090816,1.5089722675367012,False,2.704853383748808,3.99999999999997,0.0518293714285714,0.0525267142857142,0.0532240571428571,2026-05-30 22:30:00+00:00,0.0483358214285714,原停損,敗,-1.0,-1.1245444839794791,-11.245444839794793,2026-05-29 20:30:00+00:00,2026-05,0.2260456368728757,V85暴漲前布局,0.2260456368728757,2.0,成交量瞬間過熱、量能堆積過頭,False,False,False,,,,,,LONG,,,,,,,,,,3.99999999999997,,,,,-11.245444839794793,只限BTCETH加大尾單,LONG,10,進場前歷史：10日均線持有品質較高,進場前歷史：10日均線持有品質較高,0,0,,False,一般配置,0.5,0.2,0.15,0.15,-0.2258380220994327,-0.1608130834799413,,,,,2026-05-30 22:30:00+00:00,0.0483358214285714,原停損,0.0,-1.0,-1.125421587742309,-11.245444839794702,0.0,0.0,LOSS,2026-07-29 23:45:00+00:00,0.02587,已平倉,保留V94核心,核心,,,,,CORE,0.2260456368728757,b90af40ff8ffb0c77fc60605321ff5c8153b09e44fbfab0d159a2004635b6008,2026-05-29 20:30:00+00:00,2026-05-29 20:15:00+00:00,0.0,,,-36.15164263201199,,,,0.04904,0.0490345314285714,2026-05-29 20:30:00+00:00,2026-05-29 20:30:00+00:00,0.0483426571428571,0.04837,2026-05-29 19:15:00+00:00,0.0002278571428571,0.15,0.0483358214285714,0.1960503134279756,0.0518293714285714,3.99999999999997,0.0490345314285714,等回踩重新定價,,,,
V84,均線假跌破站回,Binance,CL/USDT:USDT,CL,小幣,2026-06-01 06:00:00+00:00,2026-06-01 06:15:00+00:00,89.99,89.15528571428571,0.8347142857142842,0.009275633800581,0.3792949576082227,0.1112594570538583,1.6339155792439777,1.6976541158117235,3.8370370370370375,0.2114763214579323,21.06109875064183,37.88872645522743,4.689931095799071,True,2.1284947669454333,4.0,93.32885714285712,94.16357142857142,94.9982857142857,2026-06-02 08:45:00+00:00,90.1521279151236,含成本保本,勝,4.0,3.8041342369463647,38.04134236946365,2026-06-01 06:15:00+00:00,2026-06,0.2395241939836017,V85暴漲前布局,0.2395241939836017,1.0,空間數值異常,False,False,False,,,,,,LONG,,,,,,,,,,3.999999999999983,,,,,38.04134236946365,只限BTCETH加大尾單,LONG,10,進場前歷史：10日均線持有品質較高,趨勢完整且順暢（效率0.48），使用10日線,2,2,,False,一般配置,0.5,0.2,0.15,0.15,-0.1411466149076108,0.0816007230432967,2026-06-01 13:45:00+00:00,2026-06-01 14:00:00+00:00,,,2026-06-02 08:45:00+00:00,90.1521279151236,含成本保本,0.0,3.899999999999992,3.101532384905004,37.04223421416002,0.0,0.0,WIN,2026-07-29 23:45:00+00:00,84.27,已平倉,保留V94核心,核心,,,,,CORE,0.2395241939836017,175f420fbed5308dc981ce6b1a8f6256f25fd172b561aa5c63f50196950c79d6,2026-06-01 06:15:00+00:00,2026-06-01 06:00:00+00:00,5.0,短線轉弱或趨勢不夠順（效率-0.62），使用5日線,,100.48091655840952,,,,,,,,,,,,,,,,,,,,,,
V84,壓縮早突破,Binance,JPM/USDT:USDT,JPM,小幣,2026-06-03 16:30:00+00:00,2026-06-03 16:45:00+00:00,300.6,296.5472571428571,4.052742857142903,0.0134821785001427,0.9399127223900684,0.9534680722486976,3.064197530864197,1.3544581618655762,2.796857463524133,0.023810604609434,5.541925750461701,45.930907713362345,0.4323245759893623,False,1.2,4.0,316.81097142857163,320.86371428571454,324.91645714285744,2026-06-10 20:45:00+00:00,309.18,5日線弱化退出,勝,4.0,3.86413283057628,38.641328305762805,2026-06-03 16:45:00+00:00,2026-06,0.2268263605966877,V85暴漲前布局,0.2268263605966877,2.0,成交量瞬間過熱、結構太窄,False,False,False,,,,,,LONG,,,,,,,,,,4.0,,,,,38.641328305762805,只限BTCETH加大尾單,LONG,10,歷史不足，保守使用10日均線,短線轉弱或趨勢不夠順（效率0.42），使用5日線,3,5,5.0,False,一般配置,0.5,0.2,0.15,0.15,,,2026-06-08 13:30:00+00:00,,,2026-06-16 00:00:00+00:00,2026-06-10 20:45:00+00:00,309.18,5日線弱化退出,0.0,4.599526246774662,2.9222800939046447,44.6312439304737,0.0,0.0,WIN,2026-07-29 23:45:00+00:00,345.72,已平倉,保留V94核心,核心,,,,,CORE,0.2268263605966877,a17c5066c6fad2805f20e775ae26cd5549c1e0369ba1d8bf647e78c0cf80d3d6,2026-06-03 16:45:00+00:00,2026-06-03 16:30:00+00:00,5.0,短線轉弱或趨勢不夠順（效率0.28），使用5日線,,97.6315582228446,,,,,,,,,,,,,,,,,,,,,,
,,Binance,SONIC/USDT:USDT,SONIC,,,2026-06-04 16:30:00+00:00,0.03051,0.0310239285714285,,0.0168445942782203,,,,,,,,,,,,,0.0284542857142857,0.0274264285714289,0.0263985714285719,2026-06-06 04:00:00+00:00,0.0263985714285719,TP3賣全部剩餘,WIN,,,,,,,V72.8S核心,1016.6846136239576,,,,,False,✅,C0048,V65_REENTRY,V65_CORE,CORE_PROTECTED,SHORT,2026-06-05T06:00:00+00:00,,,,NOT_USED,14.247522801384653,55.53223438157654,0.0,,4.000000000000567,False,,2026-06-05 00:30:00+08:00,2026-06-05 14:00:00+08:00,55.53223438157654,只限BTCETH加大尾單,SHORT,10,進場前歷史：10日均線持有品質較高,短線轉弱或趨勢不夠順（效率-0.18），使用5日線,3,4,5.0,False,一般配置,0.5,0.2,0.15,0.15,-0.0951251221684081,-0.0859554231769219,2026-06-05 06:00:00+00:00,2026-06-05 06:15:00+00:00,2026-06-06 04:00:00+00:00,2026-06-12 00:00:00+00:00,2026-06-06 04:00:00+00:00,0.0263985714285719,TP3賣全部剩餘,0.0,5.453648366921956,5.398090792217169,76.26159353033185,0.0,0.0,WIN,2026-07-29 23:45:00+00:00,0.01971,已平倉,保留V94核心,核心,,,,,CORE,1016.6846136239576,3f691bb94be8c2da2bfde31b5a03051d7d3e7600f9f8b05fabd4b837248c73e0,2026-06-04 16:30:00+00:00,,10.0,趨勢完整且順暢（效率0.78），使用10日線,核心反彈失敗空單,180.22646179405444,,,,,,,,,,,,,,,,,,,,,,
V84,壓縮早突破,Binance,BTCDOM/USDT:USDT,BTCDOM,小幣,2026-06-04 21:15:00+00:00,2026-06-04 21:30:00+00:00,5422.62537142857,5380.083571428571,42.54179999999906,0.0078452404667578,0.6532066508313505,0.3422440107298197,1.7776029373196958,1.076405280181842,2.9887640449438075,0.1987639544542332,5.15619954794971,38.85881507170833,2.074115044247793,True,1.2,4.000000000000043,5592.792571428568,5635.265714285711,5677.738857142853,2026-06-05 19:15:00+00:00,5677.738857142853,TP3賣全部剩餘,勝,4.0,3.7686941361824777,37.68694136182478,2026-06-04 21:30:00+00:00,2026-06,0.2275489857878936,V85暴漲前布局,0.2275489857878936,1.0,結構太窄,False,False,False,,,,,,LONG,,,,,,,,,,4.000000000000043,,,,,37.68694136182478,只限BTCETH加大尾單,LONG,10,進場前歷史：10日均線持有品質較高,短線轉弱或趨勢不夠順（效率0.45），使用5日線,3,1,5.0,False,一般配置,0.5,0.2,0.15,0.15,-0.0748636558051839,-0.0159712679755564,2026-06-05 06:15:00+00:00,2026-06-05 16:00:00+00:00,2026-06-05 19:15:00+00:00,2026-06-09 00:00:00+00:00,2026-06-05 19:15:00+00:00,5677.738857142853,TP3賣全部剩餘,0.0,4.36617694543107,4.515077209306116,41.34544508646799,0.0,0.0,WIN,2026-07-29 23:45:00+00:00,5505.4,已平倉,保留V94核心,核心,,,,,CORE,0.2275489857878936,13f4007fbca929d93d03a1da595570a34ca7c714d51d496bf85615808c5ffa1b,2026-06-04 21:30:00+00:00,2026-06-04 21:15:00+00:00,5.0,短線轉弱或趨勢不夠順（效率-0.04），使用5日線,,150.6646785568757,,,,5422.9,5422.62537142857,2026-06-04 21:30:00+00:00,2026-06-04 21:30:00+00:00,5380.426857142857,5381.8,2026-06-04 20:15:00+00:00,11.44285714285713,0.15,5380.083571428571,0.161648369389078,5592.792571428568,4.000000000000043,5422.62537142857,等回踩重新定價,,,,
V84,均線假跌破站回,Binance,USTC/USDT:USDT,USTC,小幣,2026-06-08 02:30:00+00:00,2026-06-08 02:45:00+00:00,0.0059149525714285,0.0057874535714285,0.0001274989999999,0.0215553714861305,1.283147989734812,0.5605571598437331,3.59488876801599,2.3362006669408,5.407528641571201,0.3542676964833212,16.8111288258145,45.79981555962876,2.195945945945943,False,3.85261594530358,4.0,0.0064249485714285,0.0065521857142857,0.0066794228571428,2026-06-08 14:15:00+00:00,0.0066794228571428,TP3賣全部剩餘,勝,4.0,3.913498454260169,39.13498454260169,2026-06-08 02:45:00+00:00,2026-06,0.2198068772635115,V85暴漲前布局,0.2198068772635115,2.0,成交量瞬間過熱、量能堆積過頭,False,False,False,,,,,,LONG,,,,,,,,,,4.0,,,,,39.13498454260169,只限BTCETH加大尾單,LONG,10,進場前歷史：10日均線持有品質較高,短線轉弱或趨勢不夠順（效率0.25），使用5日線,2,0,,False,一般配置,0.5,0.2,0.15,0.15,-0.0849094717038129,0.0048020276375877,2026-06-08 14:00:00+00:00,2026-06-08 14:15:00+00:00,2026-06-08 14:15:00+00:00,,2026-06-08 14:15:00+00:00,0.0066794228571428,TP3賣全部剩餘,0.0,3.899999999997859,4.660680170376903,38.135876387277136,0.0,0.0,WIN,2026-07-29 23:45:00+00:00,0.004884,已平倉,保留V94核心,核心,,,,,CORE,0.2198068772635115,1af459fa7036ae726438b2a9107745088d85dc3ad9181b8c87d914b1dddefb4f,2026-06-08 02:45:00+00:00,2026-06-08 02:30:00+00:00,5.0,短線轉弱或趨勢不夠順（效率-0.44），使用5日線,單標的量能堆積加高結構分,171.02825586753545,,,,0.005916,0.0059149525714285,2026-06-08 02:45:00+00:00,2026-06-08 02:45:00+00:00,0.0057887628571428,0.005794,2026-06-08 01:15:00+00:00,4.364285714285711e-05,0.15,0.0057874535714285,0.2058024385843904,0.0064249485714285,4.0,0.0059149525714285,等回踩重新定價,True,2.1507292572211045,2.3362006669407998,0.5605571598437331
V84,均線假跌破站回,Binance,LAYER/USDT:USDT,LAYER,小幣,2026-06-14 12:15:00+00:00,2026-06-14 12:30:00+00:00,0.06721,0.0659854285714285,0.0012245714285714,0.018220077794547,1.2345679012345512,0.991288675277846,3.237473922297226,2.102912273554204,4.46923076923077,0.5196336218962831,26.11525898273462,46.23166382048399,1.2938726948245272,False,2.7530517610522964,4.0,0.0721082857142857,0.0733328571428571,0.0745574285714285,2026-06-14 13:30:00+00:00,0.0659854285714285,原停損,敗,-1.0,-1.097005069522296,-10.97005069522296,2026-06-14 12:30:00+00:00,2026-06,0.226075048660251,V85暴漲前布局,0.226075048660251,2.0,成交量瞬間過熱、空間數值異常,False,False,False,,,,,,LONG,,,,,,,,,,3.999999999999728,,,,,-10.97005069522296,只限BTCETH加大尾單,LONG,5,進場前歷史：5日均線持有品質較高,進場前歷史：5日均線持有品質較高,0,0,,False,一般配置,0.5,0.2,0.15,0.15,-0.1269694947713138,-0.1304717169883376,,,,,2026-06-14 13:30:00+00:00,0.0659854285714285,原停損,0.0,-1.0,-1.0978921138590698,-10.970050695222891,0.0,0.0,LOSS,2026-07-29 23:45:00+00:00,0.05916,已平倉,保留V94核心,核心,,,,,CORE,0.226075048660251,f2aedc00bf27f0d254af3de98d95291ccc91aa274926111417b63df98a7e3ee8,2026-06-14 12:30:00+00:00,2026-06-14 12:15:00+00:00,0.0,,單標的量能堆積加高結構分,-43.26231450997204,,,,,,,,,,,,,,,,,,,,,,
V84,壓縮早突破,Binance,ZM/USDT:USDT,ZM,小幣,2026-06-23 23:45:00+00:00,2026-06-24 00:00:00+00:00,86.44,85.35065714285714,1.089342857142853,0.0126023005222449,0.5467023380248959,0.6989748369058635,2.5174023203093743,2.0701426856914265,2.9281045751633865,0.2748432268263457,9.638838618302028,50.730123674074285,0.1966682091624205,False,1.303346850061723,4.0,90.7973714285714,91.88671428571426,92.97605714285712,2026-06-24 13:15:00+00:00,85.35065714285714,原停損,敗,-1.0,-1.1406449635841558,-11.406449635841556,2026-06-24 00:00:00+00:00,2026-06,0.2232666442091923,V85暴漲前布局,0.2232666442091923,1.0,結構太窄,False,False,False,,,,,,LONG,,,,,,,,,,3.999999999999987,,,,,-11.406449635841556,只限BTCETH加大尾單,LONG,10,歷史不足，保守使用10日均線,歷史不足，保守使用10日均線,0,0,,False,一般配置,0.5,0.2,0.15,0.15,,,,,,,2026-06-24 13:15:00+00:00,85.35065714285714,原停損,0.0,-1.0,-1.1419310645998904,-11.406449635841556,0.0,0.0,LOSS,2026-07-29 23:45:00+00:00,92.42,已平倉,保留V94核心,核心,,,,,CORE,0.2232666442091923,11d7dab44ff6111c5cd9e8173ae2afcd6515cb298017761ca35394b4530289da,2026-06-24 00:00:00+00:00,2026-06-23 23:45:00+00:00,0.0,,單標的量能堆積加高結構分,-44.5036385718453,,,,,,,,,,,,,,,,,,,,,,
V84,壓縮早突破,Binance,EWZ/USDT:USDT,EWZ,小幣,2026-06-24 20:30:00+00:00,2026-06-24 20:45:00+00:00,34.01,33.67894285714286,0.3310571428571407,0.0097341118158524,0.4431314623338123,0.591715976331364,3.2267579668159074,2.572908436484944,3.2558139534883668,0.4979952705228462,5.678777940795764,55.56362066699417,0.2647058823529447,False,1.2253560812351354,4.0,35.33422857142856,35.6652857142857,35.99634285714284,2026-07-05 17:45:00+00:00,34.77,5日線弱化退出,未平,0.5739190472080963,0.3901660968254427,3.9016609682544265,2026-06-24 20:45:00+00:00,2026-06,0.2276902486321904,V85暴漲前布局,0.2276902486321904,2.0,成交量瞬間過熱、量能堆積過頭,False,False,False,,,,,,LONG,,,,,,,,,,4.0,,,,,0.0,只限BTCETH加大尾單,LONG,10,歷史不足，保守使用10日均線,短線轉弱或趨勢不夠順（效率0.54），使用5日線,2,2,5.0,False,一般配置,0.5,0.2,0.15,0.15,,,2026-07-03 12:45:00+00:00,,,2026-07-07 00:00:00+00:00,2026-07-05 17:45:00+00:00,34.77,5日線弱化退出,0.0,3.510313282126531,2.9600883231207527,33.239415241187615,0.0,0.0,WIN,2026-07-29 23:45:00+00:00,35.57,已平倉,保留V94核心,核心,,,,,CORE,0.2276902486321904,544c0257dac71b29407138f83f70ee5907f590ae556c2f62fbc35c8957abdd3f,2026-06-24 20:45:00+00:00,2026-06-24 20:30:00+00:00,5.0,短線轉弱或趨勢不夠順（效率0.11），使用5日線,單標的量能堆積加高結構分,114.04399568235782,,,,,,,,,,,,,,,,,,,,,,
V84,壓縮早突破,Binance,ESP/USDT:USDT,ESP,小幣,2026-06-25 19:45:00+00:00,2026-06-25 20:00:00+00:00,0.0595089428571428,0.0577208928571428,0.0017880499999999,0.0300467444748998,1.9701901661812733,1.3451387706453266,2.281879704862172,1.7629901145571008,2.995348837209296,0.1544167666392079,10.4633111946867,45.370233563025735,12.096774193548375,True,3.787644116599107,4.000000000000004,0.0666611428571428,0.0684464285714286,0.0702317142857143,2026-06-27 00:00:00+00:00,0.0702317142857143,TP3賣全部剩餘,勝,4.0,3.93696584129398,39.3696584129398,2026-06-25 20:00:00+00:00,,,V96強勢突破延續_驗證型,45.370233563025735,,,,,,,,,,,LONG,,,,,,10.0,,,,4.000000000000004,,,,,,只限BTCETH加大尾單,LONG,10,進場前歷史：10日均線持有品質較高,短線轉弱或趨勢不夠順（效率0.53），使用5日線,3,0,,False,一般配置,0.5,0.2,0.15,0.15,-0.2700260153743672,-0.2248810607441542,2026-06-26 03:45:00+00:00,2026-06-26 23:30:00+00:00,2026-06-27 00:00:00+00:00,,2026-06-27 00:00:00+00:00,0.0702317142857143,TP3賣全部剩餘,0.0,4.422605425301842,4.6846599036460645,43.59194368188575,0.0,0.0,WIN,2026-07-29 23:45:00+00:00,0.06525,已平倉,,新增,,,,,CORE,45.370233563025735,857de4814a691bca90efcf9ed7af63a49c8c6fd59d1036e33e516d949d288c41,2026-06-25 20:00:00+00:00,2026-06-25 19:45:00+00:00,5.0,短線轉弱或趨勢不夠順（效率0.19），使用5日線,,180.32008169977303,,,,0.05952,0.0595089428571428,2026-06-25 20:00:00+00:00,2026-06-25 20:00:00+00:00,0.0577347142857142,0.05779,2026-06-25 18:30:00+00:00,0.0004607142857142,0.15,0.0577208928571428,0.1548371609129128,0.0666611428571428,4.000000000000004,0.0595089428571428,等回踩重新定價,,,,
V84,壓縮早突破,Binance,XMR/USDT:USDT,XMR,小幣,2026-06-26 15:00:00+00:00,2026-06-26 15:15:00+00:00,316.88,303.47097142857143,13.409028571428564,0.0423157932700977,2.104076043177039,2.939934379365239,2.828514138374172,1.6695484299817156,3.254635911352327,0.4981981471402233,8.359293098892863,47.93585506678237,2.328957334006554,False,3.8474994729737566,4.0,370.5161142857143,383.9251428571428,397.3341714285714,2026-06-29 13:45:00+00:00,303.47097142857143,原停損,敗,-1.0,-1.041260015284675,-10.41260015284675,2026-06-26 15:15:00+00:00,,,V96強勢突破延續_驗證型,47.93585506678237,,,,,,,,,,,LONG,,,,,,10.0,,,,4.000000000000004,,,,,,只限BTCETH加大尾單,LONG,10,進場前歷史：10日均線持有品質較高,進場前歷史：10日均線持有品質較高,0,0,,False,一般配置,0.5,0.2,0.15,0.15,-0.175876033433391,-0.1476742297665005,,,,,2026-06-29 13:45:00+00:00,303.47097142857143,原停損,0.0,-1.0,-1.0416373096165483,-10.41260015284675,0.0,0.0,LOSS,2026-07-29 19:00:00+00:00,353.61,已平倉,,新增,,,,,CORE,47.93585506678237,47e474c15df9f06a33f366882f0dd35848b5b3b73ded167dbd1b3c3ba42e8e94,2026-06-26 15:15:00+00:00,2026-06-26 15:00:00+00:00,0.0,,,-40.87744236238011,,,,,,,,,,,,,,,,,,,,,,
V84,均線假跌破站回,BingX,CAT/USDT:USDT,CAT,小幣,2026-07-01 20:30:00+00:00,2026-07-01 20:45:00+00:00,992.0,978.402673203028,1.7980999999991356e-05,0.0137069826582379,1.156515034695449,0.3825554705432221,1.266632189086233,1.220751274362335,3.467889908256897,0.1635601464042791,35.96463278636268,33.55099972034694,5.640243902439024,True,2.657148046240052,4.000000000000024,1046.3893071878886,1059.9513083962595,1073.5133096046309,2026-07-02 09:15:00+00:00,978.402673203028,原停損,勝,4.0,3.865945100228832,38.65945100228831,2026-07-01 20:45:00+00:00,2026-07,0.25104464480054,V85暴漲前布局,0.25104464480054,1.0,空間數值異常,False,False,False,,,,,,LONG,,,,,,,,,,4.000000000000017,,,,,38.65945100228831,只限BTCETH加大尾單,LONG,5,進場前歷史：5日均線持有品質較高,短線轉弱或趨勢不夠順（效率0.21），使用5日線,1,0,,False,一般配置,0.5,0.2,0.15,0.15,-0.1515353303004597,-0.1591256057145108,,,,,2026-07-02 09:15:00+00:00,978.402673203028,原停損,0.0,1.9999999999972191,-1.130419929767197,18.677287896190663,0.0,0.0,LOSS,2026-07-29 23:45:00+00:00,779.7,已平倉,保留V94核心,核心,,,,,CORE,-1.74895535519946,709b7d042dc79313d51cfcdaea2d8849e71b0f57b3fcf8ebafcbd30af87c5d21,2026-07-01 20:45:00+00:00,2026-07-01 20:30:00+00:00,0.0,,,-45.0879655614955,0.0013118131428571,1000CAT/USDT:USDT,756205.2609409143,0.001312,0.0013118131428571,2026-07-01 20:45:00+00:00,2026-07-01 20:45:00+00:00,0.0012940657142857,0.001295,2026-07-01 19:45:00+00:00,7.785714285714282e-06,0.15,0.0012938321428571,0.2604747489563186,0.0013837371428571,4.000000000000024,0.0013118131428571,等回踩重新定價,,,,
V84,壓縮早突破,Binance,ALPINE/USDT:USDT,ALPINE,小幣,2026-07-01 21:45:00+00:00,2026-07-01 22:00:00+00:00,0.3208470285714285,0.3131689285714286,0.0076780999999999,0.0239307187421579,1.16608887488181,1.7432646592709933,2.5222386333044726,1.4207599382037626,3.3074433656958,0.7815477513359118,13.81630446937787,45.2996716461334,1.183800623052944,False,2.632384784294969,4.000000000000021,0.3515594285714286,0.3592242857142857,0.3668891428571428,2026-07-06 12:00:00+00:00,0.3131689285714286,原停損,敗,-1.0,-1.073784814700745,-10.73784814700745,2026-07-01 22:00:00+00:00,,,V96強勢突破延續_驗證型,45.2996716461334,,,,,,,,,,,LONG,,,,,,10.0,,,,4.000000000000021,,,,,,只限BTCETH加大尾單,LONG,10,進場前歷史：10日均線持有品質較高,進場前歷史：10日均線持有品質較高,0,0,,False,一般配置,0.5,0.2,0.15,0.15,-0.1488250132296493,-0.0546503855122604,,,,,2026-07-06 12:00:00+00:00,0.3131689285714286,原停損,0.0,-1.0,-1.074317130726166,-10.737848147007448,0.0,0.0,LOSS,2026-07-29 23:45:00+00:00,0.3141,已平倉,,,,,當下已滿五倉,新增,CORE,45.2996716461334,4cdcc601760132350b8ee7ea152dff5a350a4544594ee0be11f79930835504b0,2026-07-01 22:00:00+00:00,2026-07-01 21:45:00+00:00,0.0,,,-42.82211206273856,,,,0.3209,0.3208470285714285,2026-07-01 22:00:00+00:00,2026-07-01 22:00:00+00:00,0.3132351428571429,0.3135,2026-07-01 19:15:00+00:00,0.0022071428571428,0.15,0.3131689285714286,0.1727736981395278,0.3515594285714286,4.000000000000021,0.3208470285714285,等回踩重新定價,,,,
V84,壓縮早突破,Binance,GTC/USDT:USDT,GTC,小幣,2026-07-05 20:15:00+00:00,2026-07-05 20:30:00+00:00,0.0746729371428571,0.0739358571428571,0.0007370799999999,0.0098707781989325,0.6195286195286309,0.4031716167181676,3.897139992418962,2.0877517332454323,2.00485436893203,0.2386433661815806,16.64594342555206,51.28561958875426,1.2581983670191257,False,2.942016248542949,3.999999999999981,0.077621257142857,0.0783565714285713,0.0790918857142856,2026-07-06 04:15:00+00:00,0.0739358571428571,原停損,敗,-1.0,-1.180263242931478,-11.80263242931478,2026-07-05 20:30:00+00:00,2026-07,0.2414942390351924,V85暴漲前布局,0.2414942390351924,2.0,成交量瞬間過熱、結構太窄,False,False,False,,,,,,LONG,,,,,,,,,,3.999999999999981,,,,,-11.80263242931478,只限BTCETH加大尾單,LONG,10,進場前歷史：10日均線持有品質較高,進場前歷史：10日均線持有品質較高,0,0,,False,一般配置,0.5,0.2,0.15,0.15,-0.0032924299835296,0.0135842710386622,,,,,2026-07-06 04:15:00+00:00,0.0739358571428571,原停損,0.0,-1.0,-1.1814564427974543,-11.802632429314713,0.0,0.0,LOSS,2026-07-29 23:45:00+00:00,0.07341,已平倉,保留V94核心,核心,,,,,CORE,0.2414942390351924,2bf9a46a7f84f915a5e40f0e0d35ca15caeaced6de91c4cc4e5268ca56e15bbd,2026-07-05 20:30:00+00:00,2026-07-05 20:15:00+00:00,0.0,,單標的量能堆積加高結構分,-47.96266955855821,,,,0.07468,0.0746729371428571,2026-07-05 20:30:00+00:00,2026-07-05 20:30:00+00:00,0.0739446857142857,0.07398,2026-07-05 19:15:00+00:00,0.0002942857142857,0.15,0.0739358571428571,0.2401305564134093,0.077621257142857,3.999999999999981,0.0746729371428571,等回踩重新定價,,,,
V84,壓縮早突破,Binance,IMX/USDT:USDT,IMX,小幣,2026-07-06 04:15:00+00:00,2026-07-06 04:30:00+00:00,0.1394,0.1364945714285714,0.0029054285714285,0.0208423857347818,1.381818181818173,1.6034985422740622,2.367260439670912,1.605560906322661,2.845528455284548,0.5542740522401809,4.956239551578347,45.99216367976407,3.658536585365857,True,2.8437259515231808,4.0,0.1510217142857142,0.1539271428571428,0.1568325714285713,2026-07-06 12:00:00+00:00,0.1364945714285714,原停損,敗,-1.0,-1.0846880603877795,-10.846880603877796,2026-07-06 04:30:00+00:00,,,V96強勢突破延續_驗證型,45.99216367976407,,,,,,,,,,,LONG,,,,,,10.0,,,,3.999999999999952,,,,,,只限BTCETH加大尾單,LONG,10,進場前歷史：10日均線持有品質較高,進場前歷史：10日均線持有品質較高,0,0,,False,一般配置,0.5,0.2,0.15,0.15,-0.1213736491194309,0.0296261281310806,,,,,2026-07-06 12:00:00+00:00,0.1364945714285714,原停損,0.0,-1.0,-1.085462474186252,-10.84688060387779,0.0,0.0,LOSS,2026-07-29 23:45:00+00:00,0.1085,已平倉,,新增,,,,,CORE,45.99216367976407,219bd61b05d99258044a28de7679844eddb6ae5b1c047ac68ab4f9616b982f7f,2026-07-06 04:30:00+00:00,2026-07-06 04:15:00+00:00,0.0,,,-43.54506019470181,,,,,,,,,,,,,,,,,,,,,,
V84,均線假跌破站回,Binance,TSM/USDT:USDT,TSM,小幣,2026-07-06 12:00:00+00:00,2026-07-06 12:15:00+00:00,447.49,444.3897142857143,3.1002857142857465,0.0069281675887409,0.4173866211879762,0.2307037584554194,2.3809785596481587,1.5662818398387424,3.030263157894724,0.3204842841898697,10.176481430282822,41.778067340461696,2.976602829113495,True,1.836110829680571,4.0,459.891142857143,462.9914285714288,466.0917142857145,2026-07-07 01:15:00+00:00,448.2962075868281,含成本保本,勝,4.0,3.738977908973917,37.38977908973917,2026-07-06 12:15:00+00:00,2026-07,0.2399138154810355,V85暴漲前布局,0.2399138154810355,1.0,結構太窄,False,False,False,,,,,,LONG,,,,,,,,,,4.000000000000074,,,,,37.38977908973917,只限BTCETH加大尾單,LONG,5,進場前歷史：5日均線持有品質較高,短線轉弱或趨勢不夠順（效率0.08），使用5日線,1,0,,False,一般配置,0.5,0.2,0.15,0.15,-0.0362846655273581,-0.1043108590970417,2026-07-06 14:15:00+00:00,,,,2026-07-07 01:15:00+00:00,448.2962075868281,含成本保本,0.0,2.000000000000037,1.8682955211501475,17.4076159836686,0.0,0.0,WIN,2026-07-29 23:45:00+00:00,375.12,已平倉,保留V94核心,核心,,,,,CORE,0.2399138154810355,b8f79a9af4496b55368260a843e381c617d3db219529cda21fdd2d7fa8ebd73c,2026-07-06 12:15:00+00:00,2026-07-06 12:00:00+00:00,5.0,短線轉弱或趨勢不夠順（效率-0.50），使用5日線,低追價窄停損早期趨勢,73.36407081489408,,,,,,,,,,,,,,,,,,,,,,
V84,壓縮早突破,Binance,BZ/USDT:USDT,BZ,小幣,2026-07-06 13:15:00+00:00,2026-07-06 13:30:00+00:00,72.25,71.34922857142857,0.9007714285714314,0.0124674246169056,0.865438302624244,0.3889969435954432,1.3892328640481235,2.410683053651626,3.119777158774347,0.2949373439354333,27.876106194690177,48.64370205470978,0.456684195959034,False,1.400905459057534,4.0,75.85308571428573,76.75385714285716,77.65462857142859,2026-07-08 08:15:00+00:00,77.65462857142859,TP3賣全部剩餘,勝,4.0,3.853364630212011,38.53364630212011,2026-07-06 13:30:00+00:00,2026-07,0.2270895281272574,V85暴漲前布局,0.2270895281272574,2.0,量能堆積過頭、空間數值異常,False,False,False,,,,,,LONG,,,,,,,,,,4.0,,,,,38.53364630212011,只限BTCETH加大尾單,LONG,10,進場前歷史：10日均線持有品質較高,短線轉弱或趨勢不夠順（效率0.23），使用5日線,3,16,5.0,False,一般配置,0.5,0.2,0.15,0.15,-0.1450133168338398,0.0461518758029578,2026-07-07 19:00:00+00:00,2026-07-08 08:15:00+00:00,2026-07-08 08:15:00+00:00,2026-07-26 00:00:00+00:00,2026-07-08 08:15:00+00:00,77.65462857142859,TP3賣全部剩餘,0.0,6.810838329051281,4.601348751070511,66.61696128006933,0.0,0.0,WIN,2026-07-29 23:45:00+00:00,87.67,已平倉,保留V94核心,核心,,,,,CORE,0.2270895281272574,750f7befe5488b7ba74e67c89ee84a1cb472201876b4d9f3fdebca1640c08186,2026-07-06 13:30:00+00:00,2026-07-06 13:15:00+00:00,5.0,短線轉弱或趨勢不夠順（效率0.54），使用5日線,單標的量能堆積加高結構分,180.4506559465342,,,,,,,,,,,,,,,,,,,,,,
V84,均線假跌破站回,Binance,BZ/USDT:USDT,BZ,小幣,2026-07-08 14:00:00+00:00,2026-07-08 17:15:00+00:00,78.45734857142857,77.03092857142857,1.4264199999999931,0.0181808336117981,0.8482200231332726,0.7446398767492646,1.5847458954264428,1.4091352012703582,3.869918699186976,0.0879209671715893,13.27237322840972,35.139165899469134,2.54874474321396,True,1.4956646484717788,4.00000000000001,84.16302857142855,85.5862857142857,87.00954285714283,2026-07-09 07:30:00+00:00,77.03092857142857,原停損,敗,-1.0,-1.0974502626059526,-10.974502626059524,2026-07-08 14:15:00+00:00,2026-07,0.2234533807033312,V85暴漲前布局,0.2234533807033312,0.0,,False,False,False,,,,,,LONG,,,,,,,,,,4.00000000000001,,,,,-10.974502626059524,只限BTCETH加大尾單,LONG,10,進場前歷史：10日均線持有品質較高,進場前歷史：10日均線持有品質較高,0,0,,False,一般配置,0.5,0.2,0.15,0.15,-0.1147838245823048,0.0453535710059772,,,,,2026-07-09 07:30:00+00:00,77.03092857142857,原停損,0.0,-1.0,-1.0981053612740792,-10.974502626059524,0.0,0.0,LOSS,2026-07-29 23:45:00+00:00,87.67,已平倉,保留V94核心,核心,,,,,CORE,0.2234533807033312,f12eadb7ecd8c7d351b4d2d590fe4647ba1e041b858a3aba463a69ca0bb2b38a,2026-07-08 17:15:00+00:00,2026-07-08 14:00:00+00:00,0.0,,,-45.90746175370773,,,,78.47,78.45734857142857,2026-07-08 14:15:00+00:00,2026-07-08 17:15:00+00:00,77.04674285714286,77.11,2026-07-08 12:45:00+00:00,0.5271428571428609,0.15,77.03092857142857,0.2222266832615282,84.16302857142855,4.00000000000001,78.45734857142857,等回踩重新定價,,,,
V84,均線假跌破站回,Binance,ANKR/USDT:USDT,ANKR,小幣,2026-07-12 23:45:00+00:00,2026-07-13 00:00:00+00:00,0.0037,0.0036573942857142,4.260571428571459e-05,0.011515057915081,0.434074877916446,0.461329715061054,2.490581996918536,1.6019466115484011,2.532894736842098,0.0880295699041526,10.655847639484891,41.33001915967795,2.0259319286871857,False,2.09131549651644,4.0,0.0038704228571428,0.0039130285714285,0.0039556342857142,2026-07-13 00:00:00+00:00,0.0036573942857142,原停損,敗,-1.0,-1.1540087564181196,-11.540087564181196,2026-07-13 00:00:00+00:00,2026-07,0.2378454338061129,V85暴漲前布局,0.2378454338061129,1.0,結構太窄,False,False,False,,,,,,LONG,,,,,,,,,,3.999999999990605,,,,,-11.540087564181196,只限BTCETH加大尾單,LONG,5,進場前歷史：5日均線持有品質較高,進場前歷史：5日均線持有品質較高,0,0,,False,一般配置,0.5,0.2,0.15,0.15,-0.0931833491283262,-0.1489751010461305,,,,,2026-07-13 00:00:00+00:00,0.0036573942857142,原停損,0.0,-1.0,-1.1554170600855225,-11.54008756417809,0.0,0.0,LOSS,2026-07-29 23:45:00+00:00,0.003281,已平倉,保留V94核心,,,,LONG過去24小時已有2筆進場,核心,CORE,0.2378454338061129,c930ecbd653fdfb02c8dfe9126ba9ac91865fb8b217651197e2e1e33058a954d,2026-07-13 00:00:00+00:00,2026-07-12 23:45:00+00:00,0.0,,,-47.77301559153226,,,,,,,,,,,,,,,,,,,,,,
V84,均線假跌破站回_延後一根確認,Binance,AIA/USDT:USDT,AIA,小幣,2026-07-15 12:45:00+00:00,2026-07-15 13:00:00+00:00,0.05446,0.0534507428571428,0.0010092571428572,0.018532081212949,0.3328402366863825,0.7988110718929908,2.401775232015391,1.7164423942312248,3.515283842794754,0.2213027977304667,6.783999435108024,41.37933009887162,2.2852930335421906,False,2.446197406762322,4.0,0.0584970285714288,0.059506285714286,0.0605155428571432,2026-07-16 12:15:00+00:00,0.0545581163046742,含成本保本,勝,4.0,3.876837771402057,38.76837771402057,2026-07-15 12:45:00+00:00,2026-07,0.2225310978372991,V85暴漲前布局,0.2225310978372991,0.0,,False,False,False,,,,,,LONG,,,,,,,,,,3.99999999999998,,,,,38.76837771402057,只限BTCETH加大尾單,LONG,5,進場前歷史：5日均線持有品質較高,進場前歷史：5日均線持有品質較高,0,0,,False,一般配置,0.5,0.2,0.15,0.15,-0.1214044469373729,-0.2017564676139856,2026-07-16 10:15:00+00:00,2026-07-16 12:00:00+00:00,,,2026-07-16 12:15:00+00:00,0.0545581163046742,含成本保本,0.0,3.0,3.1742283518287704,29.01075729872,0.0,0.0,WIN,2026-07-29 23:45:00+00:00,0.06535,已平倉,保留V94核心,核心,0.05426,0.05444,,,CORE,0.2225310978372991,76f58d5fd0f103610379b2a0aed8e093fa1952311058df3d550a4b79be8369f0,2026-07-15 13:00:00+00:00,2026-07-15 12:45:00+00:00,5.0,短線轉弱或趨勢不夠順（效率0.07），使用5日線,,129.7283577173922,,,,,,,,,,,,,,,,,,,,,,
V84,壓縮早突破,Binance,BE/USDT:USDT,BE,小幣,2026-07-21 13:15:00+00:00,2026-07-21 13:30:00+00:00,211.96,206.00977142857144,5.950228571428568,0.0280724125845846,2.06518076349107,1.1642332283614776,3.218424125296936,1.574814456925819,3.263846928499491,0.8504579055676128,23.417587799748404,49.16923461725925,8.480332044146778,True,4.545770996840131,4.0,235.76091428571428,241.71114285714285,247.6613714285714,2026-07-24 13:30:00+00:00,206.00977142857144,原停損,敗,-1.0,-1.0626470259844027,-10.626470259844028,2026-07-21 13:30:00+00:00,,,V96強勢突破延續_驗證型,49.16923461725925,,,,,,,,,,,LONG,,,,,,10.0,,,,4.0,,,,,,只限BTCETH加大尾單,LONG,10,進場前歷史：10日均線持有品質較高,進場前歷史：10日均線持有品質較高,0,0,,False,一般配置,0.5,0.2,0.15,0.15,-0.1714330346371364,-0.0223000432495848,,,,,2026-07-24 13:30:00+00:00,206.00977142857144,原停損,0.0,-1.0,-1.0632198897521343,-10.626470259844028,0.0,0.0,LOSS,2026-07-29 23:45:00+00:00,166.78,已平倉,,,,,LONG連敗冷卻中,新增,CORE,49.16923461725925,7461ab9a973b9c1345e9f085b9b250715b9701176faf17b1c8ff0ecc94207fff,2026-07-21 13:30:00+00:00,2026-07-21 13:15:00+00:00,0.0,,,-44.83230577252162,,,,,,,,,,,,,,,,,,,,,,
V84,壓縮早突破,Bitget,SQQQ/USDT:USDT,SQQQ,小幣,2026-07-24 13:15:00+00:00,2026-07-24 13:30:00+00:00,43.66,43.0115203777173,0.6471428571428604,0.0148529459982295,1.2784751278475115,0.8098102730217605,1.5408734602463603,1.7421923603334577,3.99000000000003,0.1894257119948448,60.31125827814539,41.09748557163247,3.5345421161349533,True,2.6905199027338624,4.0,46.2539184891308,46.9023981114135,47.55087773369621,2026-07-26 22:30:00+00:00,43.0115203777173,原停損,敗,-1.0,-1.1191980952470575,-11.191980952470576,2026-07-24 13:30:00+00:00,2026-07,0.2609950775999595,V85暴漲前布局,0.2609950775999595,1.0,空間數值異常,False,False,False,,,,,,LONG,,,,,,,,,,4.0,,,,,-11.191980952470576,只限BTCETH加大尾單,LONG,10,進場前歷史：10日均線持有品質較高,進場前歷史：10日均線持有品質較高,0,0,,False,一般配置,0.5,0.2,0.15,0.15,-0.1094979370549968,-0.1046263647192295,,,,,2026-07-26 22:30:00+00:00,43.0115203777173,原停損,0.0,-1.0,-1.1202880794701982,-11.191980952470576,0.0,0.0,LOSS,2026-07-29 23:45:00+00:00,48.5,已平倉,保留V94核心,,,,LONG連敗冷卻中,核心,CORE,-1.7390049224000406,72bba732cf984740bf38d3e0c612868522618001771e5bf9da908c932884dcd7,2026-07-24 13:30:00+00:00,2026-07-24 13:15:00+00:00,0.0,,,-47.22352927876203,43.57,SQQQ/USDT:USDT,1.0020656414964424,,,,,,,,,,,,,,,,,,,
V84,均線假跌破站回,Binance,ACU/USDT:USDT,ACU,小幣,2026-07-26 12:30:00+00:00,2026-07-26 12:45:00+00:00,0.07537,0.0747909714285714,0.0005790285714285,0.0076824807141914,0.3596164091635767,0.3863575806021924,1.9624886717364751,3.2390427781499143,4.0990990990991625,0.2091387841013959,23.867561432941503,48.29783543467703,1.1811546118115412,False,2.436307711565437,4.0,0.0776861142857143,0.0782651428571429,0.0788441714285714,2026-07-27 00:30:00+00:00,0.0788441714285714,TP3賣全部剩餘,勝,4.0,3.7642563933433006,37.64256393343301,2026-07-26 12:45:00+00:00,2026-07,0.238004720081138,V85暴漲前布局,0.238004720081138,2.0,量能堆積過頭、空間數值異常,False,False,False,,,,,,LONG,,,,,,,,,,3.99999999999976,,,,,37.64256393343301,只限BTCETH加大尾單,LONG,10,進場前歷史：10日均線持有品質較高,進場前歷史：10日均線持有品質較高,0,0,,False,一般配置,0.5,0.2,0.15,0.15,-0.2048715233571667,-0.1292180370340553,2026-07-27 00:00:00+00:00,2026-07-27 00:30:00+00:00,2026-07-27 00:30:00+00:00,,2026-07-27 00:30:00+00:00,0.0788441714285714,TP3賣全部剩餘,0.0,3.8999999999997614,4.511425680943173,36.643455778127205,0.0,0.0,WIN,2026-07-29 23:45:00+00:00,0.07179,已平倉,保留V94核心,核心,,,,,CORE,0.238004720081138,ca3dd94049f9a6fb440b3ec729711c5d880af5603962acaae2a4f18a1d968681,2026-07-26 12:45:00+00:00,2026-07-26 12:30:00+00:00,10.0,趨勢完整且順暢（效率0.50），使用10日線,單標的量能堆積加高結構分,188.09341092982984,,,,,,,,,,,,,,,,,,,,,,
V84,均線假跌破站回,Binance,BROCCOLIF3B/USDT:USDT,BROCCOLIF3B,小幣,2026-07-27 14:15:00+00:00,2026-07-27 14:30:00+00:00,0.005721,0.0056093857142857,0.0001116142857142,0.0195095762479113,1.006178287731685,1.3101983002832718,4.358639911657035,2.1410415763235475,3.612213740458012,0.2561731028721283,24.862408805836385,47.92859754116088,71.19888150996154,True,6.903907154591496,4.0,0.0061674571428571,0.0062790714285714,0.0063906857142857,2026-07-27 14:45:00+00:00,0.0063906857142857,TP3賣全部剩餘,勝,4.0,3.905006268829776,39.05006268829776,2026-07-27 14:30:00+00:00,2026-07,0.2293285709015486,V85暴漲前布局,0.2293285709015486,2.0,成交量瞬間過熱、空間數值異常,False,False,False,,,,,,LONG,,,,,,,,,,3.9999999999990754,,,,,39.05006268829776,只限BTCETH加大尾單,LONG,10,進場前歷史：10日均線持有品質較高,進場前歷史：10日均線持有品質較高,0,0,,False,一般配置,0.5,0.2,0.15,0.15,-0.083834187883086,-0.0502234886790556,2026-07-27 14:45:00+00:00,2026-07-27 14:45:00+00:00,2026-07-27 14:45:00+00:00,,2026-07-27 14:45:00+00:00,0.0063906857142857,TP3賣全部剩餘,0.0,3.899999999999213,4.653462616791612,38.05095453298648,0.0,0.0,WIN,2026-07-29 23:45:00+00:00,0.00556,已平倉,保留V94核心,核心,,,,,CORE,0.2293285709015486,4d1252cbba1c41ac6372de29c0056dd7c79cdf1a7e28264377f9ec3b22fad16e,2026-07-27 14:30:00+00:00,2026-07-27 14:15:00+00:00,5.0,短線轉弱或趨勢不夠順（效率-0.04），使用5日線,單標的量能堆積加高結構分,200.6894979750437,,,,,,,,,,,,,,,,,,,,,,
V84,均線假跌破站回,Bitget,FORM/USDT:USDT,FORM,小幣,2026-07-28 05:30:00+00:00,2026-07-28 05:45:00+00:00,0.1964,0.1926563804461661,0.0037430999999999,0.0190611993576064,1.814411612234324,1.0808028821410076,2.9901188095518174,1.8863270987726928,5.811320754716967,0.5253802988608229,33.32186281257165,42.52997171439818,3.105906313645624,False,4.577232943199875,3.999999999999985,0.2113744782153356,0.2151112825376114,0.2188480868598872,2026-07-28 17:30:00+00:00,0.1926563804461661,原停損,敗,-1.0,-1.09286881055226,-10.9286881055226,2026-07-28 05:45:00+00:00,2026-07,0.2218277759644575,V85暴漲前布局,0.2218277759644575,2.0,成交量瞬間過熱、空間數值異常,False,False,False,,,,,,LONG,,,,,,,,,,4.000000000000007,,,,,-10.9286881055226,只限BTCETH加大尾單,LONG,10,進場前歷史：10日均線持有品質較高,進場前歷史：10日均線持有品質較高,0,0,,False,一般配置,0.5,0.2,0.15,0.15,-0.1419946926492705,-0.1048442426458872,,,,,2026-07-28 17:30:00+00:00,0.1926563804461661,原停損,0.0,-1.0,-1.0935326726891772,-10.928688105522577,0.0,0.0,LOSS,2026-07-29 23:45:00+00:00,0.2002,已平倉,保留V94核心,,,,LONG過去24小時已有3筆進場,核心,CORE,-1.7781722240355424,1fd1b5f001a085e97a9358e9c0fa45656d72be7e6153a4dab1c47a30f1b754b4,2026-07-28 05:45:00+00:00,2026-07-28 05:30:00+00:00,0.0,,,-49.355298498300606,0.1963727428571428,FORM/USDT:USDT,1.0001388030867246,0.1964,0.1963727428571428,2026-07-28 05:45:00+00:00,2026-07-28 05:45:00+00:00,0.1926637142857142,0.1928,2026-07-28 04:15:00+00:00,0.0011357142857142,0.15,0.1926296428571428,0.182381280107724,0.2113451428571428,3.999999999999985,0.1963727428571428,等回踩重新定價,,,,
V84,壓縮早突破,Binance,ZEST/USDT:USDT,ZEST,小幣,2026-07-30 18:00:00+00:00,2026-07-30 18:15:00+00:00,0.25261,0.2498625714285714,0.0027474285714285,0.0108761671011779,0.6453411942795695,0.5172070817584862,1.5022152663498165,1.1423102446958275,2.503649635036493,0.4309123430735317,7.130303660565733,38.23941344789143,0.0752028497922108,False,3.9259397081237415,4.0,0.2635997142857142,0.2663471428571428,0.2690945714285714,2026-07-31 02:15:00+00:00,0.2498625714285714,停損,敗,-1.0,-1.1631079703411824,-11.631079703411825,2026-07-30 18:15:00+00:00,2026-07,0.2236793163366763,V85暴漲前布局,0.2236793163366763,1.0,結構太窄,False,False,False,,,,,,LONG,,,,,,,,,,,,,,,-11.631079703411825,只限BTCETH加大尾單,LONG,5,進場前歷史：5日均線持有品質較高,進場前歷史：5日均線持有品質較高,0,0,,False,一般配置,0.5,0.2,0.15,0.15,-0.2466157867180478,-0.265255883356984,,,,,2026-07-31 02:15:00+00:00,0.2498625714285714,資料不足,100.0,-1.0,-1.1631079703411806,-11.631079703411809,0.0,0.0,OPEN,2026-07-31 19:00:00+00:00,0.25065,已平倉,保留V94核心,核心,,,,,CORE,0.2236793163366763,d821960852f884f9a4242fe2c09c75fa6be2084308f4f0bba3a77e2fc63f2144,2026-07-30 18:15:00+00:00,2026-07-30 18:00:00+00:00,,,,0.0,,,,,,,,,,,,,,,,,,,,,,
V84,壓縮早突破,Binance,BTC/USDT:USDT,BTC,BTC,2026-08-13 14:30:00+00:00,2026-08-13 14:45:00+00:00,63933.1,63299.18628571429,633.9137142857144,0.0099152663375577,0.2402010664801945,0.5870044052863399,2.277003450141117,1.4625955775572943,3.4381401250793417,0.5586014008884145,4.718307764283388,44.19870157303172,0.0148592825938376,False,1.2,4.0,66468.75485714286,67102.66857142857,67736.58228571428,2026-08-13 16:15:00+00:00,63299.18628571429,停損,敗,-1.0,-1.1790013959072023,-11.790013959072024,2026-08-13 14:45:00+00:00,2026-08,,V85暴漲前布局,44.19870157303172,0.0,,False,False,False,,,,,,LONG,,,,,,,,,,,,,,,-11.790013959072024,只限BTCETH加大尾單,LONG,10,進場前歷史：10日均線持有品質較高,進場前歷史：10日均線持有品質較高,0,0,,False,一般配置,0.5,0.2,0.15,0.15,-0.2049290957871328,-0.0892583991072307,,,,,2026-08-13 16:15:00+00:00,63299.18628571429,資料不足,100.0,-1.0,-1.1790013959072043,-11.790013959072043,0.0,0.0,OPEN,2026-08-21 16:45:00+00:00,77462.3,已平倉,保留V94核心,核心,,,,,CORE,44.19870157303172,20b223d8815e2593c12fc84967011a636d2337124b0d30c16fda04e7274169ee,2026-08-13 14:45:00+00:00,2026-08-13 14:30:00+00:00,,,,0.0,,,,,,,,,,,,,,,,,,,,,,
V84,壓縮早突破,Binance,BTC/USDT:USDT,BTC,BTC,2026-08-17 01:30:00+00:00,2026-08-17 01:45:00+00:00,63191.4,62664.36171428571,527.0382857142904,0.0083403483023685,0.4212864891150358,0.5037002164622661,2.3572015415755714,2.6497219829553345,3.576710364604675,0.175498092755677,7.082407675452095,51.69848955546148,0.7940953990574595,False,1.2,4.0,65299.55314285716,65826.59142857145,66353.62971428575,2026-08-19 14:00:00+00:00,65299.55314285716,TP1_4R,勝,4.0,3.782569922889565,37.82569922889565,2026-08-17 01:45:00+00:00,2026-08,,V85暴漲前布局,51.69848955546148,0.0,,False,False,False,,,,,,LONG,,,,,,,,,,,,,,,37.82569922889565,只限BTCETH加大尾單,LONG,10,進場前歷史：10日均線持有品質較高,趨勢完整且順暢（效率0.97），使用10日線,0,2,,True,BTC核心資產,0.25,0.2,0.15,0.4,-0.2002963037895557,-0.0790322662912129,2026-08-19 14:00:00+00:00,2026-08-19 14:45:00+00:00,2026-08-19 15:00:00+00:00,,,,資料不足,100.0,2.900000000000002,2.7263234917205903,27.263234917205903,10.778583676760512,107.78583676760512,OPEN,2026-08-21 16:45:00+00:00,77462.3,仍持有,保留V94核心,核心,,,,,CORE,51.69848955546148,63386dc32f77f891917cb4da3ed30dad896ca9ad25ea72739913d6883ebfa008,2026-08-17 01:45:00+00:00,2026-08-17 01:30:00+00:00,,,單標的量能堆積加高結構分,0.0,,,,,,,,,,,,,,,,,,,,,,
V84,均線假跌破站回,Binance,ETH/USDT:USDT,ETH,ETH,2026-08-18 11:15:00+00:00,2026-08-18 11:30:00+00:00,1903.84,1893.774942857143,10.065057142856858,0.0052867137694642,0.4187984598343686,0.4511182985189599,2.2076733295104427,1.713862334262786,4.460671519135983,0.0196797954894934,7.765480005791125,37.1737691968379,0.9916799731069847,False,1.2,4.0,1944.100228571428,1954.165285714284,1964.230342857141,2026-08-18 13:30:00+00:00,1893.774942857143,停損,敗,-1.0,-1.336499107545769,-13.364991075457691,2026-08-18 11:30:00+00:00,2026-08,,V88_ETH暴漲前布局,0.371737691968379,0.0,,False,False,False,,,,,,LONG,,,,,,,,,,,,,,,-13.364991075457691,只限BTCETH加大尾單,LONG,10,進場前歷史：10日均線持有品質較高,進場前歷史：10日均線持有品質較高,0,0,,False,一般配置,0.5,0.2,0.15,0.15,-0.1963552023697463,-0.1224151081618124,,,,,2026-08-18 13:30:00+00:00,1893.774942857143,資料不足,100.0,-1.0,-1.336499107545769,-13.364991075457691,0.0,0.0,OPEN,2026-08-21 17:00:00+00:00,2414.95,已平倉,保留V94核心,核心,,,,,CORE,0.371737691968379,d1cc77108a9a39491a7e25f83d13280462d90b6c6b7a326f4c0426ec06e3439f,2026-08-18 11:30:00+00:00,2026-08-18 11:15:00+00:00,,,,0.0,,,,,,,,,,,,,,,,,,,,,,
