version,entry_mode,exchange,symbol,base,asset_group,signal_time,entry_time,entry,stop,risk_price,stop_pct,ret4_before_entry_pct,ret8_before_entry_pct,volume_ratio,volume_build_3v20,range20_atr,ema20_slope8_atr,prior_resistance_room_r,score,audit_future_8h_gain_pct,audit_became_own_pump_within_8h,audit_own_pump_threshold_pct,rr,tp1,tp2,tp3,exit_time,exit_price,exit_reason,outcome,gross_r,net_r,profit_usdt,bucket,direction,direction_v92,module,priority_score,risk_usdt,方案,selected_ma_v92,ma_reason_v92,ma_last_reason_v92,ma5_observed_days_v92,ma10_observed_days_v92,ma_exit_period_v92,strong_runner_v92,strong_runner_reason_v92,tp1_weight_v92,tp2_weight_v92,tp3_weight_v92,runner_weight_v92,ma5_history_score,ma10_history_score,tp1_time_v92,tp2_time_v92,tp3_time_v92,ma_exit_time_v92,final_exit_time_v92,final_exit_price_v92,final_exit_reason_v92,remaining_pct_v92,gross_r_v92,realized_net_r_v92,realized_profit_usdt_v92,unrealized_net_r_v92,unrealized_profit_usdt_v92,outcome_v92,last_time_v92,last_price_v92,回測狀態,垃圾分數,垃圾原因,V97類別,結果,candidate_id,source_version,candidate_family,slot,tp1_time,tp2_time,tp3_time,selected_ma,ma_reason,realized_profit_usdt,unrealized_profit_usdt,priority_components,rr1,forced_by_core,replaced_by,entry_time_utc8,exit_time_utc8,forced_for_core,month,walkforward_quality,救援A_低熱穩定,救援B_低熱趨勢,統一淨利U,V96來源,V115原進場,V115確認收盤,V98擋下原因,V98原類別,portfolio_kind,priority,V234_source_candidate_id,V234_original_entry_time,V234_original_signal_time,post_tp1_ma_days,post_tp1_ma_reason,V101頂級例外原因,已實現淨利_USDT,V154原Entry,V154最終Entry,V154原訊號時間,V154回踩成交時間,V154原停損,V154結構點,V154結構點時間,V154進場前ATR,V154結構緩衝ATR,V154結構停損,V154風險增加_pct,V154原TP1不變,V154結構後RR,V154最高可接受Entry,V154模式,source_entry,source_symbol,cross_exchange_ratio,V157頂級救援,V157救援原停損_pct,V157救援量能堆積,V157救援進場前8根漲幅_pct
V84,壓縮早突破,Binance,1000PEPE/USDT:USDT,PEPE,小幣,2023-08-11 03:15:00+00:00,2023-08-11 03:30:00+00:00,0.0012669,0.0012288125714285,3.808742857142858e-05,0.030063484546136346,1.0206522605852977,1.9391696169938744,2.655398984202694,1.785888838056295,2.8335552596537896,0.6296990494571704,11.59437684725368,49.78974773704903,0.1894387875917447,False,2.770935380027467,4.0,0.0014192497142857,0.0014573371428571,0.0014954245714285,2023-08-11 15:45:00+00:00,0.0012288125714285,原停損,敗,-1.0,-1.058438915521232,-10.58438915521232,2023-08-11 03:30:00+00:00,LONG,LONG,V96強勢突破延續_驗證型,49.78974773704903,10.0,只限BTCETH加大尾單,10,進場前歷史：10日均線持有品質較高,進場前歷史：10日均線持有品質較高,0,0,,False,一般配置,0.5,0.2,0.15,0.15,0.0584604861477568,0.2479994055326635,,,,,2023-08-11 15:45:00+00:00,0.0012288125714285,原停損,0.0,-1.0,-1.058973299026188,-10.584389155211207,0.0,0.0,LOSS,2024-07-31 23:45:00+00:00,0.0110435,已平倉,0.0,,新增,,,,,,,,,,,,,,3.999999999992109,,,,,,,,,,,,,,,,CORE,49.78974773704903,be25b32a2014e47de19787be99f0ca94917d2945c440d07ce9a0a9edf78b957b,2023-08-11 03:30:00+00:00,2023-08-11 03:15:00+00:00,0.0,,,-10.58973299026188,,,,,,,,,,,,,,,,,,,,,,
V84,壓縮早突破,Binance,KNC/USDT:USDT,KNC,小幣,2023-08-11 18:45:00+00:00,2023-08-11 19:00:00+00:00,0.6473,0.6392762857142856,0.0080237142857143,0.012395665511686013,0.6530866117244516,0.5748912367930403,2.3569998326458688,1.384047541699071,3.3256704980843264,0.7823352265402285,23.542712673147257,45.10881435677689,1.6993665997219187,False,3.714093465385959,4.0,0.6793948571428574,0.6874185714285718,0.6954422857142861,2023-08-13 01:00:00+00:00,0.6954422857142861,TP3賣全部剩餘,勝,4.0,3.852536402715052,38.52536402715052,2023-08-11 19:00:00+00:00,LONG,LONG,V96強勢突破延續_驗證型,45.10881435677689,10.0,只限BTCETH加大尾單,5,進場前歷史：5日均線持有品質較高,短線轉弱或趨勢不夠順（效率0.43），使用5日線,2,0,,False,一般配置,0.5,0.2,0.15,0.15,0.1414822931515646,0.1378904209437318,2023-08-13 00:15:00+00:00,2023-08-13 00:15:00+00:00,2023-08-13 01:00:00+00:00,,2023-08-13 01:00:00+00:00,0.6954422857142861,TP3賣全部剩餘,0.0,3.9,4.600512950005343,37.52625587184697,0.0,0.0,WIN,2024-07-31 23:45:00+00:00,0.5138,已平倉,0.0,,新增,,,,,,,,,,,,,,4.0,,,,,,,,,,,,,,,,CORE,45.10881435677689,7ee7e59daeaa02b8a487192e0696f5ec2bfe947c36967764abdf2e390f05673f,2023-08-11 19:00:00+00:00,2023-08-11 18:45:00+00:00,5.0,短線轉弱或趨勢不夠順（效率0.18），使用5日線,,45.51794746246545,,,,,,,,,,,,,,,,,,,,,,
V84,壓縮早突破,Binance,ARKM/USDT:USDT,ARKM,小幣,2023-08-13 00:15:00+00:00,2023-08-13 00:30:00+00:00,0.4375,0.4321934285714285,0.0053065714285714,0.012129306122449128,0.5052824988516225,0.3899977058958503,2.249319654304681,1.6986565149347108,3.136929460580921,0.3877108193474496,27.362300113067302,45.34177596248953,1.439670932358328,False,2.435800404596905,4.0,0.4587262857142857,0.4640328571428572,0.4693394285714286,2023-08-13 05:30:00+00:00,0.4321934285714285,原停損,敗,-1.0,-1.1461643327060065,-11.461643327060065,2023-08-13 00:30:00+00:00,LONG,LONG,V96強勢突破延續_驗證型,45.34177596248953,10.0,只限BTCETH加大尾單,10,歷史不足，保守使用10日均線,歷史不足，保守使用10日均線,0,0,,False,一般配置,0.5,0.2,0.15,0.15,,,,,,,2023-08-13 05:30:00+00:00,0.4321934285714285,原停損,0.0,-1.0,-1.147500904538845,-11.461643327060049,0.0,0.0,LOSS,2024-07-31 23:45:00+00:00,1.266,已平倉,0.0,,新增,,,,,,,,,,,,,,3.9999999999999476,,,,,,,,,,,,,,,,CORE,45.34177596248953,e20428a2d66cbe11ceb2ca690544b193e402c00c3cff1dbecf04baa8141d4a38,2023-08-13 00:30:00+00:00,2023-08-13 00:15:00+00:00,0.0,,,-11.707722347848982,,,,,,,,,,,,,,,,,,,,,,
V84,壓縮早突破,Binance,QNT/USDT:USDT,QNT,小幣,2023-08-16 04:00:00+00:00,2023-08-16 04:15:00+00:00,101.31,100.43214285714284,0.8778571428571524,0.008665059153658736,0.3168630557480956,0.2572983671449869,2.7886913436315943,1.4153955762816215,3.273846153846147,0.7405753697147147,14.683482506102363,46.22587248927925,0.0888362451880508,False,1.2,4.0,104.8214285714286,105.69928571428576,106.57714285714292,2023-08-16 05:15:00+00:00,100.43214285714284,原停損,敗,-1.0,-1.204956651116584,-12.04956651116584,2023-08-16 04:15:00+00:00,LONG,LONG,V96強勢突破延續_驗證型,46.22587248927925,10.0,只限BTCETH加大尾單,5,進場前歷史：5日均線持有品質較高,進場前歷史：5日均線持有品質較高,0,0,,False,一般配置,0.5,0.2,0.15,0.15,0.001891582050114,-0.116779446469255,,,,,2023-08-16 05:15:00+00:00,100.43214285714284,原停損,0.0,-1.0,-1.206830838079734,-12.049566511165803,0.0,0.0,LOSS,2024-07-31 23:45:00+00:00,68.78,已平倉,0.0,,新增,,,,,,,,,,,,,,3.999999999999919,,,,,,,,,,,,,,,,CORE,46.22587248927925,17c00d9ba8872e5a2f2f630cb32cd67764e760699c958b590091d67c2366eaec,2023-08-16 04:15:00+00:00,2023-08-16 04:00:00+00:00,0.0,,低追價窄停損早期趨勢,-12.348540440507929,,,,,,,,,,,,,,,,,,,,,,
,,Binance,GMX/USDT:USDT,GMX,,,2023-08-22 16:00:00+00:00,35.99,37.79696428571429,,0.05020739888064147,,,,,,,,,,,,,28.24,25.14821428571428,21.53428571428571,2023-08-29 14:15:00+00:00,37.79696428571429,原停損,LOSS,,,,,SHORT,SHORT,V72.8S核心,1109.21248225,10.0,只限BTCETH加大尾單,5,進場前歷史：5日均線持有品質較高,進場前歷史：5日均線持有品質較高,0,0,,False,一般配置,0.5,0.2,0.15,0.15,0.2636619442290667,0.2465794480693921,,,,,2023-08-29 14:15:00+00:00,37.79696428571429,原停損,0.0,-1.0,-1.0367512896531277,-10.364182697389484,0.0,0.0,LOSS,2024-07-31 23:45:00+00:00,26.81,已平倉,0.0,,核心,❌,C0001,V62_BASE,V65_CORE,CORE_PROTECTED,,,,,TP1_NOT_HIT,-10.3644169631352,0.0,,4.288961359818163,False,,2023-08-23 00:00:00+08:00,2023-08-29 22:15:00+08:00,False,,,,,-10.3644169631352,保留V94核心,,,,,CORE,1109.21248225,57ca31f390f53c8108cfb3129c86ae80b4134ab34568bce8903fd44fdfd787eb,2023-08-22 16:00:00+00:00,,0.0,,核心反彈失敗空單,-10.480227995824023,,,,,,,,,,,,,,,,,,,,,,
V84,壓縮早突破,Binance,XVG/USDT:USDT,XVG,小幣,2023-08-28 23:15:00+00:00,2023-08-28 23:30:00+00:00,0.003428568,0.0033713,5.7268000000000076e-05,0.01670318336985006,0.4980955171403511,0.8823529411764675,2.3816717126062814,1.6337016490992269,2.888888888888891,0.6275019648142913,34.77956613016062,46.43964123580941,0.7871720116618075,False,3.0337009497140226,4.0,0.00365764,0.0037148,0.00377196,2023-08-29 09:00:00+00:00,0.0033713,原停損,敗,-1.0,-1.106110795756552,-11.061107957565522,2023-08-28 23:30:00+00:00,LONG,LONG,V96強勢突破延續_驗證型,46.43964123580941,10.0,只限BTCETH加大尾單,10,進場前歷史：10日均線持有品質較高,進場前歷史：10日均線持有品質較高,0,0,,False,一般配置,0.5,0.2,0.15,0.15,-0.4309424601067563,-0.4004887923838471,,,,,2023-08-29 09:00:00+00:00,0.0033713,原停損,0.0,-1.0,-1.1068638890829083,-11.061107957563651,0.0,0.0,LOSS,2024-07-31 23:45:00+00:00,0.003929,已平倉,0.0,,新增,,,,,,,,,,,,,,4.0,,,,,,,,,,,,,,,,CORE,46.43964123580941,3877eb9de5882a145153bc47dd7fa623bc3c426551652acddc9388a3cfb7c2eb,2023-08-28 23:30:00+00:00,2023-08-28 23:15:00+00:00,0.0,,,-11.18697090185143,0.003429,0.003428568,2023-08-28 23:30:00+00:00,2023-08-28 23:30:00+00:00,0.0033718399999999,0.003374,2023-08-28 21:45:00+00:00,1.7999999999999973e-05,0.15,0.0033713,0.1889433168292376,0.00365764,4.0,0.003428568,等回踩重新定價,,,,,,,
V84,壓縮早突破,Binance,APE/USDT:USDT,APE,小幣,2023-08-29 22:00:00+00:00,2023-08-29 22:15:00+00:00,1.503765142857143,1.4745321428571427,0.029233000000000287,0.019439870739693964,1.074546675621213,0.6688963210702115,2.760998751105633,1.1742386219679029,2.7591240875912404,0.8152709316925373,21.28586818137295,45.36565437360257,0.0,False,2.5660215401433466,3.99999999999997,1.6206971428571433,1.649871428571429,1.679045714285715,2023-08-30 01:00:00+00:00,1.4745321428571427,原停損,敗,-1.0,-1.0910613524858652,-10.910613524858652,2023-08-29 22:15:00+00:00,LONG,LONG,V96強勢突破延續_驗證型,45.36565437360257,10.0,只限BTCETH加大尾單,10,進場前歷史：10日均線持有品質較高,進場前歷史：10日均線持有品質較高,0,0,,False,一般配置,0.5,0.2,0.15,0.15,-0.0425830172858898,-0.0114459543299981,,,,,2023-08-30 01:00:00+00:00,1.4745321428571427,原停損,0.0,-1.0,-1.091693208262677,-10.910613524858652,0.0,0.0,LOSS,2024-07-31 23:45:00+00:00,0.7487,已平倉,0.0,,新增,,,,,,,,,,,,,,3.99999999999997,,,,,,,,,,,,,,,,CORE,45.36565437360257,36ab0f9fb5c3f95b520de690f91fba7c2c2825c19bebe09dbcf77653e3b962d5,2023-08-29 22:15:00+00:00,2023-08-29 22:00:00+00:00,0.0,,,-10.799081101978235,1.504,1.503765142857143,2023-08-29 22:15:00+00:00,2023-08-29 22:15:00+00:00,1.4748257142857142,1.476,2023-08-29 20:45:00+00:00,0.009785714285714255,0.15,1.4745321428571427,0.20125355009366075,1.6206971428571433,3.99999999999997,1.503765142857143,等回踩重新定價,,,,,,,
V84,壓縮早突破,Binance,DEFI/USDT:USDT,DEFI,小幣,2023-08-31 09:30:00+00:00,2023-08-31 09:45:00+00:00,443.2,440.0457142857143,3.15428571428572,0.007117070654976678,0.4987531172069737,0.2260908885372003,2.6074532174654794,1.483606120381724,2.333333333333341,0.4842200343636607,22.85778985507241,46.46631120113962,0.9474396571170772,False,1.3922681260877594,4.0,455.81714285714287,458.9714285714286,462.1257142857143,2023-08-31 15:30:00+00:00,440.0457142857143,原停損,敗,-1.0,-1.249729440293084,-12.49729440293084,2023-08-31 09:45:00+00:00,LONG,LONG,V96強勢突破延續_驗證型,46.46631120113962,10.0,只限BTCETH加大尾單,5,進場前歷史：5日均線持有品質較高,進場前歷史：5日均線持有品質較高,0,0,,False,一般配置,0.5,0.2,0.15,0.15,-0.1736246815255298,-0.1793437805009438,,,,,2023-08-31 15:30:00+00:00,440.0457142857143,原停損,0.0,-1.0,-1.252013043478265,-12.497294402930883,0.0,0.0,LOSS,2024-07-31 23:45:00+00:00,741.5,已平倉,0.0,,新增,,,,,,,,,,,,,,4.000000000000072,,,,,,,,,,,,,,,,CORE,46.46631120113962,4516ce2fd5ea047db63b11d0cc3146eff3d110a0b6be8a373c6f16e309880ebe,2023-08-31 09:45:00+00:00,2023-08-31 09:30:00+00:00,0.0,,低追價窄停損早期趨勢,-12.249766627617229,,,,,,,,,,,,,,,,,,,,,,
V84,壓縮早突破,Binance,DOGE/USDT:USDT,DOGE,小幣,2023-09-05 05:00:00+00:00,2023-09-05 05:15:00+00:00,0.06366,0.0627936,0.0008663999999999,0.013609802073515385,0.4260018933417431,0.9676395939086202,2.9034096859506904,1.5071471742357758,3.272727272727281,0.6750574012363368,15.927977839335382,47.344109715698295,1.0683424980361345,False,1.2511429531537976,4.0,0.0671255999999999,0.0679919999999999,0.0688583999999999,2023-09-06 17:00:00+00:00,0.0627936,原停損,敗,-1.0,-1.130167327455848,-11.301673274558478,2023-09-05 05:15:00+00:00,LONG,LONG,V96強勢突破延續_驗證型,47.344109715698295,10.0,只限BTCETH加大尾單,10,進場前歷史：10日均線持有品質較高,進場前歷史：10日均線持有品質較高,0,0,,False,一般配置,0.5,0.2,0.15,0.15,-0.0392752648819133,-0.0078689840988461,,,,,2023-09-06 17:00:00+00:00,0.0627936,原停損,0.0,-1.0,-1.1313576177285334,-11.301673274558478,0.0,0.0,LOSS,2024-07-31 23:45:00+00:00,0.12187,已平倉,3.0,成交量瞬間過熱、八根已追高、空間數值異常,新增,,,,,,,,,,,,,,3.999999999999936,,,,,,,,,,,,,,,,CORE,47.344109715698295,66d92527c3dd10ead23a5a34bacdde743f770c9bc547cfe162a1a2983b58b5c4,2023-09-05 05:15:00+00:00,2023-09-05 05:00:00+00:00,0.0,,,-10.930678430991629,,,,,,,,,,,,,,,,,,,,,,
V84,壓縮早突破,Binance,ARPA/USDT:USDT,ARPA,小幣,2023-09-06 17:45:00+00:00,2023-09-06 18:00:00+00:00,0.0453,0.0436357428571428,0.0016642571428571,0.03673856827499339,1.7969451931716174,1.6143497757847405,2.754800416546052,1.423297808787554,3.206951026856246,0.5316357792052083,6.994111486892468,45.31822519959299,1.96381288614298,False,2.5036650641106286,4.0,0.0519570285714285,0.0536212857142857,0.0552855428571428,2023-09-10 04:15:00+00:00,0.0436357428571428,原停損,敗,-1.0,-1.047659023686888,-10.47659023686888,2023-09-06 18:00:00+00:00,LONG,LONG,V96強勢突破延續_驗證型,45.31822519959299,10.0,只限BTCETH加大尾單,10,進場前歷史：10日均線持有品質較高,進場前歷史：10日均線持有品質較高,0,0,,False,一般配置,0.5,0.2,0.15,0.15,-0.1176405061061603,-0.0918504667417549,,,,,2023-09-10 04:15:00+00:00,0.0436357428571428,原停損,0.0,-1.0,-1.048094832529312,-10.476590236868864,0.0,0.0,LOSS,2024-07-31 23:45:00+00:00,0.04227,已平倉,2.0,八根已追高、停損太寬,新增,,,,,,,,,,,,,,3.9999999999998166,,,,,,,,,,,,,,,,CORE,45.31822519959299,a7f66211c8fd753a661359d719954c83bdc50033e5d7a2b65e02e4c09187b863,2023-09-06 18:00:00+00:00,2023-09-06 17:45:00+00:00,0.0,,,-10.01166623927916,,,,,,,,,,,,,,,,,,,,,,
V84,壓縮早突破,Binance,TOMO/USDT:USDT,TOMO,小幣,2023-09-19 01:30:00+00:00,2023-09-19 01:45:00+00:00,1.2224614857142857,1.2005342857142858,0.021927199999999925,0.017936925012560077,1.2085092293684152,1.4099693124326018,2.632562963378229,1.6119665957229552,3.101485148514848,0.2914986573486165,20.96601586970145,46.771725001043976,1.8647256072626293,False,2.609129955560024,4.0,1.3101702857142854,1.3320628571428568,1.353955428571428,2023-09-27 08:45:00+00:00,1.2581,10日線弱化退出,勝,4.0,3.8968217253955273,38.96821725395528,2023-09-19 01:45:00+00:00,LONG,LONG,V96強勢突破延續_驗證型,46.771725001043976,10.0,只限BTCETH加大尾單,10,進場前歷史：10日均線持有品質較高,短線轉弱或趨勢不夠順（效率0.13），使用5日線,1,1,5.0,False,一般配置,0.5,0.2,0.15,0.15,-0.0571273816032612,-0.0275367295030777,2023-09-23 00:15:00+00:00,,,2023-09-25 00:00:00+00:00,2023-09-27 08:45:00+00:00,1.2581,10日線弱化退出,0.0,2.728557632073477,2.709772345632042,26.2651328660169,0.0,0.0,WIN,2024-05-28 07:00:00+00:00,1.2792,已平倉,2.0,八根已追高、空間數值異常,新增,,,,,,,,,,,,,,4.0,,,,,,,,,,,,,,,,CORE,46.771725001043976,1a0667aec090a3da8608a8b9656d5fbe06b6535a625cca199ef4cd46fd80c63f,2023-09-19 01:45:00+00:00,2023-09-19 01:30:00+00:00,10.0,趨勢完整且順暢（效率1.00），使用10日線,,25.613135666512118,1.2226,1.2224614857142857,2023-09-19 01:45:00+00:00,2023-09-19 01:45:00+00:00,1.2007074285714283,1.2014,2023-09-19 00:30:00+00:00,0.005771428571428586,0.15,1.2005342857142858,0.15817498433801092,1.3101702857142854,4.0,1.2224614857142857,等回踩重新定價,,,,,,,
V84,壓縮早突破,Binance,CTK/USDT:USDT,CTK,小幣,2023-10-01 02:00:00+00:00,2023-10-01 02:15:00+00:00,0.4513,0.4457302857142857,0.0055697142857142,0.01234148966477795,0.7142857142857117,0.5347593582887722,2.4006433537407905,1.4953218498149492,3.25252525252525,0.6011671607432453,25.18980199035625,45.79809968473846,2.969858156028371,True,2.075788133616664,4.0,0.4735788571428569,0.4791485714285711,0.4847182857142854,2023-10-02 18:30:00+00:00,0.45211307176458804,含成本保本,勝,4.0,3.8519047367074775,38.519047367074776,2023-10-01 02:15:00+00:00,LONG,LONG,V96強勢突破延續_驗證型,45.79809968473846,10.0,只限BTCETH加大尾單,5,進場前歷史：5日均線持有品質較高,趨勢完整且順暢（效率0.51），使用10日線,0,1,,False,一般配置,0.5,0.2,0.15,0.15,-0.1187738209553302,-0.1263237307046393,2023-10-01 22:30:00+00:00,,,,2023-10-02 18:30:00+00:00,0.45211307176458804,含成本保本,0.0,1.99999999999998,1.9252752539242581,18.536884261003703,0.0,0.0,WIN,2024-07-31 23:45:00+00:00,1.0106,已平倉,2.0,八根已追高、空間數值異常,新增,,,,,,,,,,,,,,3.99999999999996,,,,,,,,,,,,,,,,CORE,45.79809968473846,8fcace33616cfee295aa0c9d88ed46b4e97bb45eb3aafc6da3342b9d8994f396,2023-10-01 02:15:00+00:00,2023-10-01 02:00:00+00:00,5.0,短線轉弱或趨勢不夠順（效率0.14），使用5日線,,18.691086137595363,,,,,,,,,,,,,,,,,,,,,,
V84,壓縮早突破,Binance,LPT/USDT:USDT,LPT,小幣,2023-10-02 14:00:00+00:00,2023-10-02 14:15:00+00:00,6.525957714285714,6.381485714285715,0.1444719999999995,0.022138053344069573,0.8343634116192655,1.099922540666154,3.030700538179019,1.7380043202123674,3.0394736842105297,0.1025991442960886,9.499940563458424,48.59032248013964,3.187250996015933,True,2.9465866090519306,4.000000000000012,7.103845714285714,7.248057142857142,7.392268571428571,2023-10-03 04:15:00+00:00,6.381485714285715,原停損,敗,-1.0,-1.0798378227290897,-10.798378227290897,2023-10-02 14:15:00+00:00,LONG,LONG,V96強勢突破延續_驗證型,48.59032248013964,10.0,只限BTCETH加大尾單,10,進場前歷史：10日均線持有品質較高,進場前歷史：10日均線持有品質較高,0,0,,False,一般配置,0.5,0.2,0.15,0.15,-0.0075878449406303,0.0547101045824016,,,,,2023-10-03 04:15:00+00:00,6.381485714285715,原停損,0.0,-1.0,-1.0804079619975797,-10.798378227290897,0.0,0.0,LOSS,2024-07-31 23:45:00+00:00,13.997,已平倉,4.0,成交量瞬間過熱、量能堆積過頭、八根已追高、停損太寬,新增,,,,,,,,,,,,,,4.000000000000012,,,,,,,,,,,,,,,,CORE,48.59032248013964,7d9568ca5aec03211bfecab32c818a848b59950e772761d4555c3961df45424c,2023-10-02 14:15:00+00:00,2023-10-02 14:00:00+00:00,0.0,,,-10.687004406361057,6.527,6.525957714285714,2023-10-02 14:15:00+00:00,2023-10-02 14:15:00+00:00,6.382788571428572,6.388,2023-10-02 10:45:00+00:00,0.043428571428571275,0.15,6.381485714285715,0.18068708642047238,7.103845714285714,4.000000000000012,6.525957714285714,等回踩重新定價,,,,,,,
V84,壓縮早突破,Binance,API3/USDT:USDT,API3,小幣,2023-10-11 02:00:00+00:00,2023-10-11 02:15:00+00:00,1.0484,1.0315988571428572,0.0168011428571428,0.016025508257480777,0.5948383382903266,0.7494955318535723,2.8387631779702964,1.733959677174069,3.645476772616149,0.5992698078794904,8.16015917284539,48.595150897526544,0.4959465903672022,False,2.362953344490813,4.0,1.1156045714285714,1.1324057142857142,1.149206857142857,2023-10-11 02:30:00+00:00,1.0315988571428572,原停損,敗,-1.0,-1.1104112955380512,-11.104112955380511,2023-10-11 02:15:00+00:00,LONG,LONG,V96強勢突破延續_驗證型,48.595150897526544,10.0,只限BTCETH加大尾單,10,進場前歷史：10日均線持有品質較高,進場前歷史：10日均線持有品質較高,0,0,,False,一般配置,0.5,0.2,0.15,0.15,-0.2050270086131319,-0.0914333749010144,,,,,2023-10-11 02:30:00+00:00,1.0315988571428572,原停損,0.0,-1.0,-1.1114209305489424,-11.104112955380511,0.0,0.0,LOSS,2024-07-31 23:45:00+00:00,1.8242,已平倉,2.0,量能堆積過頭、八根已追高,新增,,,,,,,,,,,,,,4.0,,,,,,,,,,,,,,,,CORE,48.595150897526544,dae41fc6cc1ce86db6074303bdae5310428e72187bf6adc342e847a148e3d3e4,2023-10-11 02:15:00+00:00,2023-10-11 02:00:00+00:00,0.0,,,-10.878930138946954,,,,,,,,,,,,,,,,,,,,,,
V84,壓縮早突破,Binance,IOTA/USDT:USDT,IOTA,小幣,2023-10-16 05:00:00+00:00,2023-10-16 05:15:00+00:00,0.1454,0.1437477142857142,0.0016522857142857,0.011363725682845946,0.4837595024188124,0.6925207756232732,2.94233509710876,1.5917228172743498,3.213114754098372,0.3476146696821205,9.804599688742844,47.75306638287593,1.5818431911966968,True,1.2,4.0,0.1520091428571428,0.1536614285714286,0.1553137142857143,2023-10-16 13:45:00+00:00,0.14566195576018415,含成本保本,勝,4.0,3.839469188384724,38.39469188384724,2023-10-16 05:15:00+00:00,LONG,LONG,V96強勢突破延續_驗證型,47.75306638287593,10.0,只限BTCETH加大尾單,10,進場前歷史：10日均線持有品質較高,進場前歷史：10日均線持有品質較高,0,0,,False,一般配置,0.5,0.2,0.15,0.15,-0.0745690340305108,0.0399453193799851,2023-10-16 13:30:00+00:00,,,,2023-10-16 13:45:00+00:00,0.14566195576018415,含成本保本,0.0,1.999999999999874,1.9190006225141383,18.41252877777517,0.0,0.0,WIN,2024-07-31 23:45:00+00:00,0.1509,已平倉,2.0,成交量瞬間過熱、八根已追高,新增,,,,,,,,,,,,,,3.999999999999748,,,,,,,,,,,,,,,,CORE,47.75306638287593,8f769181a110ab6a35ffaf0c7660717316744b50e8f17613b958db5271f61025,2023-10-16 05:15:00+00:00,2023-10-16 05:00:00+00:00,5.0,短線轉弱或趨勢不夠順（效率-0.07），使用5日線,,18.575001981946656,,,,,,,,,,,,,,,,,,,,,,
V84,壓縮早突破,Binance,FOOTBALL/USDT:USDT,FOOTBALL,小幣,2023-10-17 09:30:00+00:00,2023-10-17 09:45:00+00:00,343.37,338.6431714285714,4.726828571428598,0.013765991704076063,0.6566219147564167,0.9733290204957834,2.467707893626003,1.6767975235682542,3.718268525311849,0.5104048903305075,8.62311788635081,45.58851912581939,0.3232570330246487,False,1.2,4.0,362.2773142857144,367.004142857143,371.7309714285716,2023-10-18 14:15:00+00:00,338.6431714285714,原停損,敗,-1.0,-1.1286803235319682,-11.286803235319685,2023-10-17 09:45:00+00:00,LONG,LONG,V96強勢突破延續_驗證型,45.58851912581939,10.0,只限BTCETH加大尾單,5,進場前歷史：5日均線持有品質較高,進場前歷史：5日均線持有品質較高,0,0,,False,一般配置,0.5,0.2,0.15,0.15,-0.0477971216261205,-0.0580149137452714,,,,,2023-10-18 14:15:00+00:00,338.6431714285714,原停損,0.0,-1.0,-1.1298570161811898,-11.286803235319685,0.0,0.0,LOSS,2024-05-28 07:00:00+00:00,633.48,已平倉,1.0,八根已追高,新增,,,,,,,,,,,,,,4.0,,,,,,,,,,,,,,,,CORE,45.58851912581939,8433b6bf8cdfa8294143f44ae098984a1a369359fcadc8171f417d65778111fb,2023-10-17 09:45:00+00:00,2023-10-17 09:30:00+00:00,0.0,,,-11.146342827022496,,,,,,,,,,,,,,,,,,,,,,
V84,壓縮早突破,Binance,ADA/USDT:USDT,ADA,小幣,2023-10-19 23:30:00+00:00,2023-10-19 23:45:00+00:00,0.2467,0.2432997142857142,0.0034002857142857,0.013783079506630725,0.5707297187117932,0.8585445625511001,2.541107193615741,1.4677975801443068,3.589743589743622,0.789148283567582,6.675909587429614,46.8839153704005,1.297122010539109,True,1.2,4.0,0.2603011428571429,0.2637014285714286,0.2671017142857143,2023-10-23 01:15:00+00:00,0.2671017142857143,TP3賣全部剩餘,勝,4.000000000000008,3.867021092241027,38.67021092241027,2023-10-19 23:45:00+00:00,LONG,LONG,V96強勢突破延續_驗證型,46.8839153704005,10.0,只限BTCETH加大尾單,10,進場前歷史：10日均線持有品質較高,短線轉弱或趨勢不夠順（效率0.22），使用5日線,2,9,5.0,False,一般配置,0.5,0.2,0.15,0.15,-0.2371995985221569,-0.1694896363668312,2023-10-21 17:30:00+00:00,2023-10-22 23:00:00+00:00,2023-10-23 01:15:00+00:00,2023-11-01 00:00:00+00:00,2023-10-23 01:15:00+00:00,0.2671017142857143,TP3賣全部剩餘,0.0,5.938064028232777,4.615130092008964,58.033566683488274,0.0,0.0,WIN,2024-07-31 23:45:00+00:00,0.3878,已平倉,1.0,八根已追高,新增,,,,,,,,,,,,,,3.9999999999999103,,,,,,,,,,,,,,,,CORE,46.8839153704005,1b6599774299e32b65c6c8e82e4e87206a69ca8926cf2ecb2899769d50aa0307,2023-10-19 23:45:00+00:00,2023-10-19 23:30:00+00:00,5.0,短線轉弱或趨勢不夠順（效率0.19），使用5日線,,45.01507928091766,,,,,,,,,,,,,,,,,,,,,,
V84,壓縮早突破,Binance,CRV/USDT:USDT,CRV,小幣,2023-11-04 16:00:00+00:00,2023-11-04 16:15:00+00:00,0.5498971428571429,0.5353571428571429,0.014539999999999997,0.02644130850444758,2.4208566108007368,1.6635859519408491,2.9567977979112627,1.5534468171177496,3.033333333333333,0.2138190923410682,inf,47.21004209795132,2.363636363636345,True,2.0750000000000006,4.0,0.6080571428571429,0.6225714285714286,0.6370857142857143,2023-11-09 16:00:00+00:00,0.5353571428571429,原停損,敗,-1.0,-1.0666987474561995,-10.666987474561996,2023-11-04 16:15:00+00:00,LONG,LONG,V96強勢突破延續_驗證型,47.21004209795132,10.0,只限BTCETH加大尾單,10,進場前歷史：10日均線持有品質較高,進場前歷史：10日均線持有品質較高,0,0,,False,一般配置,0.5,0.2,0.15,0.15,-0.0883191197113632,0.033267906312068,,,,,2023-11-09 16:00:00+00:00,0.5353571428571429,原停損,0.0,-1.0,-1.0671752996659463,-10.666987474561996,0.0,0.0,LOSS,2024-07-31 23:45:00+00:00,0.26,已平倉,3.0,成交量瞬間過熱、八根已追高、停損太寬,新增,,,,,,,,,,,,,,4.0,,,,,,,,,,,,,,,,CORE,47.21004209795132,10b0ea3b07222282f7bc9a2ecafeb5fdeab7755f7a932171d7307b8744f2f07d,2023-11-04 16:15:00+00:00,2023-11-04 16:00:00+00:00,0.0,,,-10.889409653537427,0.55,0.5498971428571429,2023-11-04 16:15:00+00:00,2023-11-04 16:15:00+00:00,0.5354857142857143,0.536,2023-11-04 15:15:00+00:00,0.004285714285714289,0.15,0.5353571428571429,0.17716535433076608,0.6080571428571429,4.0,0.5498971428571429,等回踩重新定價,,,,,,,
V84,壓縮早突破,Binance,MAGIC/USDT:USDT,MAGIC,小幣,2023-11-19 17:00:00+00:00,2023-11-19 17:15:00+00:00,0.6184,0.5998617142857143,0.0185382857142856,0.02997782295324324,0.6674263389223389,2.6560424966799223,2.6722373448086696,1.5354009493055898,3.388535031847121,0.8032390234794203,6.559398310831674,46.78858587307652,6.468305304010347,True,3.7109161880832735,4.0,0.6925531428571424,0.711091428571428,0.7296297142857137,2023-11-21 22:30:00+00:00,0.6294,5日線弱化退出,勝,4.0,3.936932323420916,39.36932323420916,2023-11-19 17:15:00+00:00,LONG,LONG,V96強勢突破延續_驗證型,46.78858587307652,10.0,只限BTCETH加大尾單,10,進場前歷史：10日均線持有品質較高,短線轉弱或趨勢不夠順（效率0.06），使用5日線,1,0,,False,一般配置,0.5,0.2,0.15,0.15,-0.0245499477147538,-0.009360176617119,2023-11-20 15:45:00+00:00,,,,2023-11-21 22:30:00+00:00,0.6294,5日線弱化退出,0.0,2.0,2.2345719098699233,19.387160128138277,0.0,0.0,WIN,2024-07-31 23:45:00+00:00,0.4735,已平倉,2.0,八根已追高、停損太寬,新增,,,,,,,,,,,,,,4.0,,,,,,,,,,,,,,,,CORE,46.78858587307652,6fc7e1286bea1b5ca88c9cd830fc7ef8e3a42f3cff2f69cfc628f964af7a4bac,2023-11-19 17:15:00+00:00,2023-11-19 17:00:00+00:00,5.0,短線轉弱或趨勢不夠順（效率0.11），使用5日線,,22.558141446848783,,,,,,,,,,,,,,,,,,,,,,
V84,壓縮早突破,Binance,PENDLE/USDT:USDT,PENDLE,小幣,2023-11-22 16:00:00+00:00,2023-11-22 16:15:00+00:00,1.0799973714285716,1.0507335714285715,0.029263800000000062,0.027096177059478612,2.1081489884666293,0.4183711416883673,2.87204649707396,1.715744692183245,3.0676818950930707,0.2445429416760311,5.353754670109325,48.34266578799407,2.50902694194981,False,4.110185034134844,4.0,1.1970525714285718,1.2262657142857147,1.2554788571428577,2023-11-26 15:45:00+00:00,1.0507335714285715,原停損,敗,-1.0,-1.0650627597651463,-10.650627597651464,2023-11-22 16:15:00+00:00,LONG,LONG,V96強勢突破延續_驗證型,48.34266578799407,10.0,只限BTCETH加大尾單,5,進場前歷史：5日均線持有品質較高,進場前歷史：5日均線持有品質較高,0,0,,False,一般配置,0.5,0.2,0.15,0.15,-0.0217604529937784,-0.0316063386956576,,,,,2023-11-26 15:45:00+00:00,1.0507335714285715,原停損,0.0,-1.0,-1.0655300353532837,-10.650627597651464,0.0,0.0,LOSS,2024-07-31 23:45:00+00:00,3.4548,已平倉,4.0,成交量瞬間過熱、量能堆積過頭、八根已追高、停損太寬,新增,,,,,,,,,,,,,,4.0,,,,,,,,,,,,,,,,CORE,48.34266578799407,76565bf5f5ac3606093050148a65e157e7cf9634b3aa6b99b1d6387f9321566c,2023-11-22 16:15:00+00:00,2023-11-22 16:00:00+00:00,0.0,,,-10.996955291114201,1.0802,1.0799973714285716,2023-11-22 16:15:00+00:00,2023-11-22 16:15:00+00:00,1.0509868571428571,1.052,2023-11-22 15:00:00+00:00,0.008442857142857132,0.15,1.0507335714285715,0.17340531658933678,1.1970525714285718,4.0,1.0799973714285716,等回踩重新定價,,,,,,,
V84,壓縮早突破,Binance,ROSE/USDT:USDT,ROSE,小幣,2023-11-27 04:45:00+00:00,2023-11-27 05:00:00+00:00,0.08362,0.0802934285714285,0.0033265714285714,0.03978200703864504,0.9414604707302489,1.888401559454178,2.70410922982139,1.6766258072609084,2.666176470588244,0.5472836688798405,inf,48.911331676080586,0.0,False,3.835675229934681,4.0,0.0969262857142857,0.1002528571428571,0.1035794285714285,2023-11-27 06:30:00+00:00,0.0802934285714285,原停損,敗,-1.0,-1.0439447416321062,-10.439447416321062,2023-11-27 05:00:00+00:00,LONG,LONG,V96強勢突破延續_驗證型,48.911331676080586,10.0,只限BTCETH加大尾單,10,進場前歷史：10日均線持有品質較高,進場前歷史：10日均線持有品質較高,0,0,,False,一般配置,0.5,0.2,0.15,0.15,-0.0093368170420645,0.0718131226527228,,,,,2023-11-27 06:30:00+00:00,0.0802934285714285,原停損,0.0,-1.0,-1.04434658593146,-10.439447416321052,0.0,0.0,LOSS,2024-07-31 23:45:00+00:00,0.0811,已平倉,3.0,結構太窄、八根已追高、停損太寬,新增,,,,,,,,,,,,,,3.9999999999999125,,,,,,,,,,,,,,,,CORE,48.911331676080586,75559e79b3d36d26a76bc5127d4339574cadc1ea1cc2d684d9c543dda3a5c11c,2023-11-27 05:00:00+00:00,2023-11-27 04:45:00+00:00,0.0,,,-10.66348214119746,,,,,,,,,,,,,,,,,,,,,,
V84,壓縮早突破,Binance,SNX/USDT:USDT,SNX,小幣,2023-12-03 15:30:00+00:00,2023-12-03 15:45:00+00:00,3.937,3.78226,0.1547399999999998,0.039304038608077185,1.94250194250194,3.2528856243441817,2.86344975686162,1.5926493477047812,2.759493670886072,0.6822762021326478,inf,47.69580315720555,1.1941056910569126,False,4.645183779606555,4.0,4.555959999999999,4.710699999999999,4.86544,2023-12-04 06:00:00+00:00,3.78226,原停損,敗,-1.0,-1.0444899902518,-10.444899902518,2023-12-03 15:45:00+00:00,LONG,LONG,V96強勢突破延續_驗證型,47.69580315720555,10.0,只限BTCETH加大尾單,10,進場前歷史：10日均線持有品質較高,進場前歷史：10日均線持有品質較高,0,0,,False,一般配置,0.5,0.2,0.15,0.15,0.0088190158784366,0.0443857854252934,,,,,2023-12-04 06:00:00+00:00,3.78226,原停損,0.0,-1.0,-1.0448968204730515,-10.444899902518,0.0,0.0,LOSS,2024-07-31 23:45:00+00:00,1.647,已平倉,4.0,成交量瞬間過熱、結構太窄、八根已追高、停損太寬,新增,,,,,,,,,,,,,,3.9999999999999973,,,,,,,,,,,,,,,,CORE,47.69580315720555,7a1b979c532af4d0ed1d2c472493107f07c832d09427ea46c3c6e47017fd9fc4,2023-12-03 15:45:00+00:00,2023-12-03 15:30:00+00:00,0.0,,,-10.557678020674228,,,,,,,,,,,,,,,,,,,,,,
V84,壓縮早突破,Binance,DENT/USDT:USDT,DENT,小幣,2023-12-08 03:45:00+00:00,2023-12-08 04:00:00+00:00,0.000945,0.0009293742857142,1.562571428571425e-05,0.01653514739238096,0.5319148936170137,0.961538461538458,1.9298206221008007,1.1190625594433423,2.684931506849296,0.354860123539822,5.695739623331518,40.09122345810921,2.857142857142847,True,2.439805949569519,4.0,0.0010075028571428,0.0010231285714285,0.0010387542857142,2023-12-10 06:15:00+00:00,0.0010387542857142,TP3賣全部剩餘,勝,4.000000000000007,3.8885600180498896,38.8856001804989,2023-12-08 04:00:00+00:00,LONG,LONG,V85暴漲前布局,0.220839815827439,,只限BTCETH加大尾單,5,進場前歷史：5日均線持有品質較高,趨勢完整且順暢（效率0.80），使用10日線,0,2,,False,一般配置,0.5,0.2,0.15,0.15,0.100340846957963,0.0444653624281091,2023-12-09 07:00:00+00:00,2023-12-09 08:00:00+00:00,2023-12-10 06:15:00+00:00,,2023-12-10 06:15:00+00:00,0.0010387542857142,TP3賣全部剩餘,0.0,3.899999999975042,4.636865976382733,37.88649202495184,0.0,0.0,WIN,2024-07-31 23:45:00+00:00,0.000862,已平倉,2.0,結構太窄、八根已追高,核心,,,,,,,,,,,,,,3.9999999999744036,,,,,False,2023-12,0.220839815827439,False,False,38.8856001804989,保留V94核心,,,,,CORE,0.220839815827439,3cd76aee8d8588be005e3e19b17e261b3438352860e9508f1e55cc1a3996cc44,2023-12-08 04:00:00+00:00,2023-12-08 03:45:00+00:00,10.0,趨勢完整且順暢（效率0.77），使用10日線,,46.36152837622679,,,,,,,,,,,,,,,,,,,,,,
V84,壓縮早突破,Binance,GMT/USDT:USDT,GMT,小幣,2023-12-09 23:00:00+00:00,2023-12-09 23:15:00+00:00,0.30374325714285716,0.2962453571428571,0.007497900000000057,0.02468499241934984,0.4628099173553668,2.254374158815597,2.5990090386119507,1.3794492293499574,2.876132930513577,0.724855828603821,9.70106517008357,46.04900202161147,4.310628496215863,False,4.487864823348699,3.9999999999999853,0.3337348571428573,0.3412185714285716,0.3487022857142859,2023-12-09 23:30:00+00:00,0.2962453571428571,原停損,敗,-1.0,-1.0715166969552423,-10.715166969552424,2023-12-09 23:15:00+00:00,LONG,LONG,V96強勢突破延續_驗證型,46.04900202161147,10.0,只限BTCETH加大尾單,10,進場前歷史：10日均線持有品質較高,進場前歷史：10日均線持有品質較高,0,0,,False,一般配置,0.5,0.2,0.15,0.15,-0.0168743205122848,0.0802370882495853,,,,,2023-12-09 23:30:00+00:00,0.2962453571428571,原停損,0.0,-1.0,-1.072018798977999,-10.715166969552426,0.0,0.0,LOSS,2024-07-31 23:45:00+00:00,0.14281,已平倉,3.0,結構太窄、八根已追高、停損太寬,新增,,,,,,,,,,,,,,3.9999999999999853,,,,,,,,,,,,,,,,CORE,46.04900202161147,f8f2b916a3657f9dc4f072fa17c0c6d42b49114aeb1d786d08180335e7b8af56,2023-12-09 23:15:00+00:00,2023-12-09 23:00:00+00:00,0.0,,,-11.056368674175284,0.3038,0.30374325714285716,2023-12-09 23:15:00+00:00,2023-12-09 23:15:00+00:00,0.2963162857142857,0.2966,2023-12-09 21:00:00+00:00,0.0023642857142857194,0.15,0.2962453571428571,0.1895544611159261,0.3337348571428573,3.9999999999999853,0.30374325714285716,等回踩重新定價,,,,,,,
V84,壓縮早突破,Binance,BNB/USDT:USDT,BNB,小幣,2023-12-12 12:00:00+00:00,2023-12-12 12:15:00+00:00,251.68,248.34617142857144,3.333828571428569,0.013246299155390055,0.8010573957624167,0.430982880402242,2.8962756338373947,1.6670119292897696,2.5280095351609235,0.2332965581010617,6.2210757258921605,48.54950615329148,2.1695076886398823,True,1.7863355061741353,4.0,265.0153142857143,268.34914285714285,271.6829714285714,2023-12-13 02:00:00+00:00,248.34617142857144,原停損,敗,-1.0,-1.133763833239508,-11.33763833239508,2023-12-12 12:15:00+00:00,LONG,LONG,V96強勢突破延續_驗證型,48.54950615329148,10.0,只限BTCETH加大尾單,10,進場前歷史：10日均線持有品質較高,進場前歷史：10日均線持有品質較高,0,0,,False,一般配置,0.5,0.2,0.15,0.15,-0.0495774090631147,-0.0228906403433183,,,,,2023-12-13 02:00:00+00:00,248.34617142857144,原停損,0.0,-1.0,-1.1349870110726408,-11.33763833239508,0.0,0.0,LOSS,2024-07-31 23:45:00+00:00,576.79,已平倉,3.0,成交量瞬間過熱、結構太窄、八根已追高,,,,,,,,,,,,,,,4.0,,,,,,,,,,,,,,LONG連敗冷卻中,新增,CORE,48.54950615329148,6cf1ddbd2ced6f872bae08402741dbba9c4d814754ec5d5de46a237724b5f619,2023-12-12 12:15:00+00:00,2023-12-12 12:00:00+00:00,0.0,,,-11.748833505041237,,,,,,,,,,,,,,,,,,,,,,
V84,壓縮早突破,Binance,IOTA/USDT:USDT,IOTA,小幣,2023-12-29 03:00:00+00:00,2023-12-29 04:00:00+00:00,0.2906175595238095,0.27899285714285715,0.011624702380952368,0.03999999999999995,3.546099290780136,1.565217391304352,2.584149005922676,1.5816598203170456,2.184848484848478,0.2736142000738641,6.218076837663794,46.40251320470429,7.328767123287672,True,5.182510445074828,4.545948436979947,0.343462857142857,0.3563285714285713,0.3691942857142855,2024-01-03 12:00:00+00:00,0.27899285714285715,原停損,敗,-1.0,-1.0395907349072682,-10.39590734907268,2023-12-29 03:15:00+00:00,LONG,LONG,V96強勢突破延續_驗證型,46.40251320470429,10.0,只限BTCETH加大尾單,10,進場前歷史：10日均線持有品質較高,進場前歷史：10日均線持有品質較高,0,0,,False,一般配置,0.5,0.2,0.15,0.15,-0.0756537690377596,0.0146065739571312,,,,,2024-01-03 12:00:00+00:00,0.27899285714285715,原停損,0.0,-1.0,-1.0441,-10.39590734907268,0.0,0.0,LOSS,2024-07-31 23:45:00+00:00,0.1509,已平倉,3.0,結構太窄、八根已追高、停損太寬,新增,,,,,,,,,,,,,,4.545948436979947,,,,,,,,,,,,,,,,CORE,46.40251320470429,2627a46527ff83df6bf6283ebe314dcb95c5b0123e961cdfaf41fa5a82aaa351,2023-12-29 04:00:00+00:00,2023-12-29 03:00:00+00:00,0.0,,,-10.685345801303486,0.292,0.2906175595238095,2023-12-29 03:15:00+00:00,2023-12-29 04:00:00+00:00,0.2791342857142857,0.2797,2023-12-29 01:30:00+00:00,0.004714285714285719,0.15,0.27899285714285715,-9.64588422533117,0.343462857142857,4.545948436979947,0.2906175595238095,等回踩重新定價,,,,,,,
V84,均線假跌破站回,Binance,POLYX/USDT:USDT,POLYX,小幣,2024-01-19 23:30:00+00:00,2024-01-19 23:45:00+00:00,0.1659,0.1637774285714285,0.0021225714285714,0.012794282269870413,0.4842615012106588,0.4842615012106588,3.1408486789813184,1.6406451031166374,3.230769230769245,0.5569730914396427,33.96823260196544,45.579014729153215,0.4216867469879481,False,3.239258254183626,4.0,0.1743902857142856,0.176512857142857,0.1786354285714285,2024-01-20 09:45:00+00:00,0.1637774285714285,原停損,敗,-1.0,-1.1385211645906816,-11.385211645906816,2024-01-19 23:45:00+00:00,LONG,LONG,V96強勢突破延續_驗證型,45.579014729153215,10.0,只限BTCETH加大尾單,10,進場前歷史：10日均線持有品質較高,進場前歷史：10日均線持有品質較高,0,0,,False,一般配置,0.5,0.2,0.15,0.15,-0.1401890404866253,-0.028516319239585,,,,,2024-01-20 09:45:00+00:00,0.1637774285714285,原停損,0.0,-1.0,-1.1397878449320182,-11.385211645906764,0.0,0.0,LOSS,2024-07-31 23:45:00+00:00,0.24481,已平倉,3.0,成交量瞬間過熱、八根已追高、空間數值異常,新增,,,,,,,,,,,,,,3.999999999999817,,,,,,,,,,,,,,,,CORE,45.579014729153215,49c6d02c0f56f12e0fb764c5b2fb658048f08382c2620f99226a28b7a80c9b0e,2024-01-19 23:45:00+00:00,2024-01-19 23:30:00+00:00,0.0,,,-11.54282735328589,,,,,,,,,,,,,,,,,,,,,,
V84,壓縮早突破,Binance,MKR/USDT:USDT,MKR,小幣,2024-02-04 06:30:00+00:00,2024-02-04 06:45:00+00:00,2017.5,1995.3082857142856,22.1917142857144,0.010999610550539975,0.4781352724374965,0.5432344879142903,2.5159532500867883,1.4206229815168123,2.262748487467593,0.2022203468698345,11.369108161347173,44.3210115732944,0.465946267472983,False,2.565433667764743,4.0,2106.2668571428576,2128.458571428572,2150.6502857142864,2024-02-04 19:00:00+00:00,1995.3082857142856,原停損,敗,-1.0,-1.1612674776464675,-11.612674776464676,2024-02-04 06:45:00+00:00,LONG,LONG,V85暴漲前布局,0.2342207999958209,,只限BTCETH加大尾單,10,進場前歷史：10日均線持有品質較高,進場前歷史：10日均線持有品質較高,0,0,,False,一般配置,0.5,0.2,0.15,0.15,-0.0268100424778856,0.0830388016271748,,,,,2024-02-04 19:00:00+00:00,1995.3082857142856,原停損,0.0,-1.0,-1.1627421573045273,-11.612674776464676,0.0,0.0,LOSS,2024-07-31 23:45:00+00:00,2799.2,已平倉,2.0,結構太窄、八根已追高,核心,,,,,,,,,,,,,,4.0,,,,,False,2024-02,0.2342207999958209,False,False,-11.612674776464676,保留V94核心,,,,,CORE,0.2342207999958209,eb621fa2c18a1e404f734b809be773d7321abadba24b21e9133c4b95c952d03e,2024-02-04 06:45:00+00:00,2024-02-04 06:30:00+00:00,0.0,,,-11.641076299098236,,,,,,,,,,,,,,,,,,,,,,
V84,壓縮早突破,Binance,FXS/USDT:USDT,FXS,小幣,2024-02-19 15:00:00+00:00,2024-02-19 15:15:00+00:00,9.234,9.064322857142855,0.169677142857143,0.01837525913549327,0.8849557522123908,0.6979280261723009,2.918937516283979,1.6918458739458622,2.983311938382556,0.1780752926252949,9.694882718440049,47.958962805517245,1.212908815248004,False,2.482197281007087,4.0,9.912708571428572,10.082385714285715,10.252062857142858,2024-02-20 01:15:00+00:00,9.064322857142855,原停損,敗,-1.0,-1.096178317947744,-10.96178317947744,2024-02-19 15:15:00+00:00,LONG,LONG,V85暴漲前布局,0.2251936517101335,,只限BTCETH加大尾單,10,進場前歷史：10日均線持有品質較高,進場前歷史：10日均線持有品質較高,0,0,,False,一般配置,0.5,0.2,0.15,0.15,-0.101724641685394,-0.0510223428731313,,,,,2024-02-20 01:15:00+00:00,9.064322857142855,原停損,0.0,-1.0,-1.0970578022126043,-10.96178317947743,0.0,0.0,LOSS,2024-07-31 23:45:00+00:00,2.208,已平倉,2.0,成交量瞬間過熱、八根已追高,核心,,,,,,,,,,,,,,3.9999999999999583,,,,,False,2024-02,0.2251936517101335,False,False,-10.96178317947744,保留V94核心,,,,,CORE,0.2251936517101335,d470a8e908bccf5ebfba36e8048da92013a7d257ffa836a67588a4f1d8c9f086,2024-02-19 15:15:00+00:00,2024-02-19 15:00:00+00:00,0.0,,,-10.855752044565415,,,,,,,,,,,,,,,,,,,,,,
V84,均線假跌破站回,Binance,BTCDOM/USDT:USDT,BTCDOM,小幣,2024-02-21 18:15:00+00:00,2024-02-21 18:30:00+00:00,2162.071942857143,2142.699642857143,19.372299999999996,0.008960062621412966,0.4740658114891438,0.586264656616442,2.5530864197530865,1.3757689893283152,4.366800535475332,0.1439495261791577,6.752744087101767,36.75387644558677,0.0185030992691181,False,1.2,3.999999999999953,2239.561142857142,2258.9014285714275,2278.241714285713,2024-02-21 23:30:00+00:00,2142.699642857143,原停損,敗,-1.0,-1.1985205767293985,-11.985205767293984,2024-02-21 18:30:00+00:00,LONG,LONG,V85暴漲前布局,0.2157473509764169,,只限BTCETH加大尾單,10,進場前歷史：10日均線持有品質較高,進場前歷史：10日均線持有品質較高,0,0,,False,一般配置,0.5,0.2,0.15,0.15,0.0277317671938135,0.0691290238616489,,,,,2024-02-21 23:30:00+00:00,2142.699642857143,原停損,0.0,-1.0,-1.1999914531130975,-11.985205767293984,0.0,0.0,LOSS,2024-07-31 23:45:00+00:00,2509.8,已平倉,1.0,八根已追高,核心,,,,,,,,,,,,,,3.999999999999953,,,,,False,2024-02,0.2157473509764169,False,False,-11.985205767293984,保留V94核心,,,,,CORE,0.2157473509764169,8a7a6f6292bff7958520857b374d4a2ded794e96c19da97c1ce99ed370a9ff80,2024-02-21 18:30:00+00:00,2024-02-21 18:15:00+00:00,0.0,,,-11.744046678978965,2162.2,2162.071942857143,2024-02-21 18:30:00+00:00,2024-02-21 18:30:00+00:00,2142.8597142857143,2143.5,2024-02-21 16:15:00+00:00,5.335714285714208,0.15,2142.699642857143,0.16553160686152424,2239.561142857142,3.999999999999953,2162.071942857143,等回踩重新定價,,,,,,,
V84,均線假跌破站回,Binance,BLUEBIRD/USDT:USDT,BLUEBIRD,小幣,2024-03-02 07:00:00+00:00,2024-03-02 07:15:00+00:00,12.287,12.096251428571428,0.190748571428573,0.015524421862828439,0.3758169934640509,0.6554153694904086,3.506163791975293,1.871646556913655,3.035398230088507,0.0805603278469424,,46.07461730651999,1.6034510825329695,False,1.831263060195527,4.0,13.049994285714291,13.240742857142866,13.43149142857144,2024-03-02 09:30:00+00:00,12.096251428571428,原停損,敗,-1.0,-1.1140038601917557,-11.140038601917556,2024-03-02 07:15:00+00:00,LONG,LONG,V85暴漲前布局,0.2340109424780516,,只限BTCETH加大尾單,10,進場前歷史：10日均線持有品質較高,進場前歷史：10日均線持有品質較高,0,0,,False,一般配置,0.5,0.2,0.15,0.15,0.0586748401720364,0.0928419212479154,,,,,2024-03-02 09:30:00+00:00,12.096251428571428,原停損,0.0,-1.0,-1.1150463467241833,-11.140038601917556,0.0,0.0,LOSS,2024-05-28 07:00:00+00:00,16.81,已平倉,3.0,成交量瞬間過熱、量能堆積過頭、八根已追高,,,,,,,,,,,,,,,3.9999999999999907,,,,,False,2024-03,0.2340109424780516,False,False,-11.140038601917556,保留V94核心,,,LONG連敗冷卻中,核心,CORE,0.2340109424780516,84dddda4ca34d7e47215c6225dd41ecdbcdb4606af7bbbab7dff7af8e2cb2a7c,2024-03-02 07:15:00+00:00,2024-03-02 07:00:00+00:00,0.0,,,-10.78175644891093,,,,,,,,,,,,,,,,,,,,,,
V84,壓縮早突破,Binance,LINA/USDT:USDT,LINA,小幣,2024-03-06 21:30:00+00:00,2024-03-06 21:45:00+00:00,0.01255,0.0121269714285714,0.0004230285714285,0.0337074558907252,2.6165167620605168,1.5372168284789822,2.348504546353508,1.6174306186492478,3.039473684210529,0.3259863489328715,5.17695528839659,45.381990573683154,4.3824701195219085,True,3.869856085606615,4.0,0.0142421142857142,0.0146651428571428,0.0150881714285714,2024-03-10 14:45:00+00:00,0.01298,5日線弱化退出,勝,4.0,3.9435158600473232,39.43515860047323,2024-03-06 21:45:00+00:00,LONG,LONG,V96強勢突破延續_驗證型,45.381990573683154,10.0,只限BTCETH加大尾單,5,進場前歷史：5日均線持有品質較高,短線轉弱或趨勢不夠順（效率0.52），使用5日線,3,0,5.0,False,一般配置,0.5,0.2,0.15,0.15,-0.0407278934513135,-0.0420068407718218,2024-03-08 01:45:00+00:00,,,2024-03-11 00:00:00+00:00,2024-03-10 14:45:00+00:00,0.01298,5日線弱化退出,0.0,2.9455626097524945,2.4525818384436,28.900188641940584,0.0,0.0,WIN,2024-07-31 23:45:00+00:00,0.0055,已平倉,2.0,八根已追高、停損太寬,新增,,,,,,,,,,,,,,3.999999999999516,,,,,,,,,,,,,,,,CORE,45.381990573683154,fdc6982d8e2c47faa8b23fbe2cf787c21c3b39c42826c70d926cbb056793db02,2024-03-06 21:45:00+00:00,2024-03-06 21:30:00+00:00,5.0,短線轉弱或趨勢不夠順（效率0.07），使用5日線,,23.45040353059659,,,,,,,,,,,,,,,,,,,,,,
V84,均線假跌破站回,Binance,BTCDOM/USDT:USDT,BTCDOM,小幣,2024-03-12 06:00:00+00:00,2024-03-12 06:15:00+00:00,2187.0,2162.524571428571,24.475428571428893,0.011191325364165018,0.3578966688079221,0.4546915905019766,3.36035618217234,1.5027672139257444,4.779187817258861,0.0101594974088477,6.659740381023447,38.98715868721322,1.3807607900512275,True,1.2132821738573445,4.0,2284.901714285716,2309.3771428571445,2333.8525714285734,2024-03-15 06:45:00+00:00,2162.524571428571,原停損,敗,-1.0,-1.1584895810838245,-11.584895810838242,2024-03-12 06:15:00+00:00,LONG,LONG,V85暴漲前布局,0.2365616366941211,,只限BTCETH加大尾單,10,進場前歷史：10日均線持有品質較高,進場前歷史：10日均線持有品質較高,0,0,,False,一般配置,0.5,0.2,0.15,0.15,0.0088603374358868,0.0531999085562912,,,,,2024-03-15 06:45:00+00:00,2162.524571428571,原停損,0.0,-1.0,-1.1599388587971589,-11.584895810838242,0.0,0.0,LOSS,2024-07-31 23:45:00+00:00,2509.8,已平倉,2.0,成交量瞬間過熱、八根已追高,核心,,,,,,,,,,,,,,4.000000000000019,,,,,False,2024-03,0.2365616366941211,False,False,-11.584895810838242,保留V94核心,,,,,CORE,0.2365616366941211,757a9bd5343d346a7a2ecd4c29a083a19ff445f6c16fa53c286af4c99580088b,2024-03-12 06:15:00+00:00,2024-03-12 06:00:00+00:00,0.0,,,-11.362785738739912,,,,,,,,,,,,,,,,,,,,,,
V84,壓縮早突破,Binance,RNDR/USDT:USDT,RNDR,小幣,2024-03-26 03:00:00+00:00,2024-03-26 03:15:00+00:00,11.3024,10.969174857142855,0.3332251428571435,0.02948268888529386,0.8972413177394944,0.9765729704615866,2.755301061879222,1.5070592580245772,3.800522823245526,0.7637535219769036,7.094902802738246,46.57216663080597,4.023359731009157,False,6.961232748860102,4.0,12.635300571428576,12.968525714285718,13.301750857142862,2024-03-26 16:15:00+00:00,10.969174857142855,原停損,敗,-1.0,-1.059607704712057,-10.59607704712057,2024-03-26 03:15:00+00:00,LONG,LONG,V96強勢突破延續_驗證型,46.57216663080597,10.0,只限BTCETH加大尾單,10,進場前歷史：10日均線持有品質較高,進場前歷史：10日均線持有品質較高,0,0,,False,一般配置,0.5,0.2,0.15,0.15,-0.0281198603085265,0.0461812127778006,,,,,2024-03-26 16:15:00+00:00,10.969174857142855,原停損,0.0,-1.0,-1.0601527759867198,-10.596077047120566,0.0,0.0,LOSS,2024-07-30 06:15:00+00:00,6.6161,已平倉,2.0,八根已追高、停損太寬,新增,,,,,,,,,,,,,,3.999999999999984,,,,,,,,,,,,,,,,CORE,46.57216663080597,b0aafa1b73da347fbed907cbc13bb29d464f8d15e99378060ea93af540084345,2024-03-26 03:15:00+00:00,2024-03-26 03:00:00+00:00,0.0,,,-10.264816260118577,,,,,,,,,,,,,,,,,,,,,,
V84,壓縮早突破,Binance,1000FLOKI/USDT:USDT,FLOKI,小幣,2024-03-30 07:45:00+00:00,2024-03-30 08:00:00+00:00,0.24379,0.2359775142857142,0.0078124857142857,0.03204596461826082,0.7897457101509131,0.1725980110133917,2.443755008918641,1.476414368592598,3.022952677812408,0.5823101998414624,9.070096585319458,45.21079192348351,6.662290777814239,False,13.94986793119851,4.0,0.2750399428571429,0.2828524285714286,0.2906649142857143,2024-04-01 05:45:00+00:00,0.2359775142857142,原停損,敗,-1.0,-1.0547684986309922,-10.54768498630992,2024-03-30 08:00:00+00:00,LONG,LONG,V96強勢突破延續_驗證型,45.21079192348351,10.0,只限BTCETH加大尾單,10,進場前歷史：10日均線持有品質較高,進場前歷史：10日均線持有品質較高,0,0,,False,一般配置,0.5,0.2,0.15,0.15,0.057095996854976,0.1214287169126286,,,,,2024-04-01 05:45:00+00:00,0.2359775142857142,原停損,0.0,-1.0,-1.0552693187096107,-10.547684986309918,0.0,0.0,LOSS,2024-07-31 23:45:00+00:00,0.16124,已平倉,1.0,停損太寬,新增,,,,,,,,,,,,,,3.9999999999999574,,,,,,,,,,,,,,,,CORE,45.21079192348351,3154c3c9db1ad96f8efaa9089869d28ebfa36a187c032ee0700dbbdbd54cc471,2024-03-30 08:00:00+00:00,2024-03-30 07:45:00+00:00,0.0,,,-10.109211248907448,,,,,,,,,,,,,,,,,,,,,,
V84,壓縮早突破,Binance,GAS/USDT:USDT,GAS,小幣,2024-04-10 04:45:00+00:00,2024-04-10 05:00:00+00:00,6.601,6.350668571428572,0.2503314285714282,0.03792325838076476,1.1490730810479466,2.3090035642336915,2.903156137220095,1.442048374249732,3.2695473251028777,0.4241141337276339,6.982742878013159,46.46367679836956,1.5752802181157266,False,3.627902293039625,4.0,7.602325714285713,7.852657142857141,8.102988571428568,2024-04-10 12:30:00+00:00,6.350668571428572,原停損,敗,-1.0,-1.04614233614852,-10.4614233614852,2024-04-10 05:00:00+00:00,LONG,LONG,V96強勢突破延續_驗證型,46.46367679836956,10.0,只限BTCETH加大尾單,5,進場前歷史：5日均線持有品質較高,進場前歷史：5日均線持有品質較高,0,0,,False,一般配置,0.5,0.2,0.15,0.15,-0.0164535171982745,-0.0795518857749969,,,,,2024-04-10 12:30:00+00:00,6.350668571428572,原停損,0.0,-1.0,-1.0465642759313367,-10.4614233614852,0.0,0.0,LOSS,2024-07-31 23:45:00+00:00,3.611,已平倉,3.0,成交量瞬間過熱、八根已追高、停損太寬,,,,,,,,,,,,,,,4.0,,,,,,,,,,,,,,LONG連敗冷卻中,新增,CORE,46.46367679836956,51ca921451a8d82c6a9b98812b05cecb58a91a7a35344253ca876055f8909d5c,2024-04-10 05:00:00+00:00,2024-04-10 04:45:00+00:00,0.0,,,-9.920019763146133,,,,,,,,,,,,,,,,,,,,,,
V84,壓縮早突破,Binance,XMR/USDT:USDT,XMR,小幣,2024-04-16 00:00:00+00:00,2024-04-16 00:15:00+00:00,123.78492000000001,119.60325,4.181670000000011,0.033781740134420334,0.6013815522145638,2.2466341785743804,2.678786299403082,1.4144237167572569,3.4832535885167544,0.8604885911243362,5.2282416055946745,47.165073028225166,0.0323127877857487,False,2.8495105986363307,3.999999999999983,140.5116,144.68699999999998,148.86239999999998,2024-04-16 03:45:00+00:00,119.60325,原停損,敗,-1.0,-1.0519985571180743,-10.519985571180744,2024-04-16 00:15:00+00:00,LONG,LONG,V96強勢突破延續_驗證型,47.165073028225166,10.0,只限BTCETH加大尾單,5,進場前歷史：5日均線持有品質較高,進場前歷史：5日均線持有品質較高,0,0,,False,一般配置,0.5,0.2,0.15,0.15,-0.1286333149426934,-0.1790734352679991,,,,,2024-04-16 03:45:00+00:00,119.60325,原停損,0.0,-1.0,-1.0523832232098658,-10.519985571180744,0.0,0.0,LOSS,2024-07-31 23:45:00+00:00,157.6,已平倉,2.0,八根已追高、停損太寬,新增,,,,,,,,,,,,,,3.999999999999983,,,,,,,,,,,,,,,,CORE,47.165073028225166,9192200cf44f9544b6feb816894b12b91104b654d5ae0a05c6b1345a2ad03f57,2024-04-16 00:15:00+00:00,2024-04-16 00:00:00+00:00,0.0,,,-9.870778922328801,123.81,123.78492000000001,2024-04-16 00:15:00+00:00,2024-04-16 00:15:00+00:00,119.6346,119.76,2024-04-15 20:45:00+00:00,1.0449999999999977,0.15,119.60325,0.15016525362874233,140.5116,3.999999999999983,123.78492000000001,等回踩重新定價,,,,,,,
V84,壓縮早突破,Binance,DYM/USDT:USDT,DYM,小幣,2024-04-27 07:00:00+00:00,2024-04-27 07:15:00+00:00,3.684,3.552842857142857,0.1311571428571429,0.03560183030867073,0.9589041095890538,2.5890868596881944,2.5444924671723026,1.6740182442878109,3.319587628865984,0.463754827373425,23.910249428166846,46.7737960919883,1.6824966078697434,False,3.904146805198314,4.0,4.208628571428572,4.339785714285715,4.470942857142858,2024-04-29 02:30:00+00:00,3.552842857142857,原停損,敗,-1.0,-1.0492092140818965,-10.492092140818963,2024-04-27 07:15:00+00:00,LONG,LONG,V96強勢突破延續_驗證型,46.7737960919883,10.0,只限BTCETH加大尾單,5,進場前歷史：5日均線持有品質較高,進場前歷史：5日均線持有品質較高,0,0,,False,一般配置,0.5,0.2,0.15,0.15,-0.1617188442770192,-0.1693598569976339,,,,,2024-04-29 02:30:00+00:00,3.552842857142857,原停損,0.0,-1.0,-1.0496591983444068,-10.492092140818963,0.0,0.0,LOSS,2024-07-31 23:45:00+00:00,1.479,已平倉,3.0,八根已追高、停損太寬、空間數值異常,新增,,,,,,,,,,,,,,4.0,,,,,,,,,,,,,,,,CORE,46.7737960919883,c7d91f4a15e0ed790e40125108f5630ab33fbdd9fdfa92ee214a1f33c9883599,2024-04-27 07:15:00+00:00,2024-04-27 07:00:00+00:00,0.0,,,-9.74161952037543,,,,,,,,,,,,,,,,,,,,,,
V84,壓縮早突破,Binance,KSM/USDT:USDT,KSM,小幣,2024-04-29 15:00:00+00:00,2024-04-29 15:15:00+00:00,29.7,28.75042857142857,0.9495714285714278,0.03197210197210195,1.7117425539198816,1.399317406143341,2.2731512110112466,1.7228470462943564,3.4492753623188435,0.7562676608468397,21.9046186249436,46.50190113314952,2.086839447997302,False,3.776675766979791,4.0,33.498285714285714,34.44785714285714,35.39742857142856,2024-04-30 08:45:00+00:00,28.75042857142857,原停損,敗,-1.0,-1.054897086368134,-10.54897086368134,2024-04-29 15:15:00+00:00,LONG,LONG,V96強勢突破延續_驗證型,46.50190113314952,10.0,只限BTCETH加大尾單,5,進場前歷史：5日均線持有品質較高,進場前歷史：5日均線持有品質較高,0,0,,False,一般配置,0.5,0.2,0.15,0.15,-0.0511286348450809,-0.1667281086021481,,,,,2024-04-30 08:45:00+00:00,28.75042857142857,原停損,0.0,-1.0,-1.0553990822927637,-10.548970863681342,0.0,0.0,LOSS,2024-07-31 23:45:00+00:00,20.482,已平倉,4.0,量能堆積過頭、八根已追高、停損太寬、空間數值異常,,,,,,,,,,,,,,,4.0000000000000036,,,,,,,,,,,,,,LONG連敗冷卻中,新增,CORE,46.50190113314952,e2f5f06cd36edef4e7ebca805bbcec735662805c8d214f1236ed7b394b7cbc77,2024-04-29 15:15:00+00:00,2024-04-29 15:00:00+00:00,0.0,,,-9.692076957506048,,,,,,,,,,,,,,,,,,,,,,
V84,壓縮早突破,Binance,FRONT/USDT:USDT,FRONT,小幣,2024-05-19 18:00:00+00:00,2024-05-19 18:15:00+00:00,1.2144,1.1613345714285714,0.0530654285714284,0.04369682853378499,0.8721654622476871,1.9647355163727955,2.670343359123697,1.4153994469969122,3.84055241682359,0.7293770656118574,12.482703293508306,45.426365699697264,1.004611330698291,False,7.330958833039169,4.0,1.426661714285714,1.4797271428571424,1.5327925714285708,2024-05-20 01:30:00+00:00,1.1613345714285714,原停損,敗,-1.0,-1.0399278086459496,-10.399278086459496,2024-05-19 18:15:00+00:00,LONG,LONG,V96強勢突破延續_驗證型,45.426365699697264,10.0,只限BTCETH加大尾單,5,進場前歷史：5日均線持有品質較高,進場前歷史：5日均線持有品質較高,0,0,,False,一般配置,0.5,0.2,0.15,0.15,0.0987143836665937,0.0541350425131954,,,,,2024-05-20 01:30:00+00:00,1.1613345714285714,原停損,0.0,-1.0,-1.0402929208685774,-10.399278086459496,0.0,0.0,LOSS,2024-07-31 23:45:00+00:00,0.7813,已平倉,2.0,八根已追高、停損太寬,新增,,,,,,,,,,,,,,4.000000000000004,,,,,,,,,,,,,,,,CORE,45.426365699697264,29cc460c8bfa7b32e6f133721d05fe55b5bf0b2bec58fe28c74147dd516a4c4b,2024-05-19 18:15:00+00:00,2024-05-19 18:00:00+00:00,0.0,,,-9.452526117340373,,,,,,,,,,,,,,,,,,,,,,
V84,均線假跌破站回,Binance,COMBO/USDT:USDT,COMBO,小幣,2024-06-15 04:00:00+00:00,2024-06-15 04:15:00+00:00,0.7380846285714285,0.7233789285714285,0.014705700000000044,0.019924138006319272,1.567656765676584,1.7635712317442875,2.2344561627546806,1.3672418787567748,3.4947994056463605,0.521684811949161,24.385329673538497,38.74339192085557,3.29000812347684,False,3.761591689225353,3.9999999999999925,0.7969074285714286,0.8115842857142858,0.8262611428571429,2024-06-16 04:15:00+00:00,0.7233789285714285,原停損,敗,-1.0,-1.0888221517696186,-10.888221517696186,2024-06-15 04:15:00+00:00,LONG,LONG,V85暴漲前布局,0.2228493445831706,,只限BTCETH加大尾單,10,進場前歷史：10日均線持有品質較高,進場前歷史：10日均線持有品質較高,0,0,,False,一般配置,0.5,0.2,0.15,0.15,-0.058417746346758,-0.0245831956918704,,,,,2024-06-16 04:15:00+00:00,0.7233789285714285,原停損,0.0,-1.0,-1.0894426787863596,-10.888221517696188,0.0,0.0,LOSS,2024-07-31 23:45:00+00:00,0.4947,已平倉,2.0,八根已追高、空間數值異常,核心,,,,,,,,,,,,,,3.9999999999999925,,,,,False,2024-06,0.2228493445831706,False,False,-10.888221517696186,保留V94核心,,,,,CORE,0.2228493445831706,d50907f827ab8cfff7bfd69e4f241127c86b981e91e6ac94cf7bd23e1fb9f560,2024-06-15 04:15:00+00:00,2024-06-15 04:00:00+00:00,0.0,,,-9.79614102653015,0.7382,0.7380846285714285,2024-06-15 04:15:00+00:00,2024-06-15 04:15:00+00:00,0.7235231428571428,0.7241,2024-06-15 02:45:00+00:00,0.004807142857142867,0.15,0.7233789285714285,0.19651930152446706,0.7969074285714286,3.9999999999999925,0.7380846285714285,等回踩重新定價,,,,,,,
V84,壓縮早突破,Binance,1000PEPE/USDT:USDT,PEPE,小幣,2024-06-16 19:00:00+00:00,2024-06-16 19:15:00+00:00,0.0123503,0.0119584808571428,0.0003918191428571,0.031725475725869,1.93125077373828,1.3540683599359893,3.377555833792892,1.662916685965696,2.7803760361210346,0.75610956482542,12.573403035073763,49.95363779783559,0.830735597749066,False,5.117401196687589,4.0,0.0139175765714285,0.0143093957142857,0.0147012148571428,2024-06-17 02:15:00+00:00,0.0119584808571428,原停損,敗,-1.0,-1.055330776150092,-10.55330776150092,2024-06-16 19:15:00+00:00,LONG,LONG,V96強勢突破延續_驗證型,49.95363779783559,10.0,只限BTCETH加大尾單,5,進場前歷史：5日均線持有品質較高,進場前歷史：5日均線持有品質較高,0,0,,False,一般配置,0.5,0.2,0.15,0.15,0.165325903447619,0.1445913922655263,,,,,2024-06-17 02:15:00+00:00,0.0119584808571428,原停損,0.0,-1.0,-1.055836737868119,-10.55330776150084,0.0,0.0,LOSS,2024-07-31 23:45:00+00:00,0.0110435,已平倉,4.0,成交量瞬間過熱、結構太窄、八根已追高、停損太寬,新增,,,,,,,,,,,,,,3.999999999999234,,,,,,,,,,,,,,,,CORE,49.95363779783559,9cb16ca8c6215b5401109deedb1ee5737bfb443526b0aa054de20d6db9c3d11a,2024-06-16 19:15:00+00:00,2024-06-16 19:00:00+00:00,0.0,,,-9.390529084191284,,,,,,,,,,,,,,,,,,,,,,
V84,壓縮早突破,Binance,BTCDOM/USDT:USDT,BTCDOM,小幣,2024-06-18 11:15:00+00:00,2024-06-18 11:30:00+00:00,2519.2,2499.125142857143,20.074857142856672,0.007968742911581722,0.3225292665445467,0.4345053017619449,2.451468965031352,1.4169386972280298,2.957964601769909,0.6146048247534638,4.772138567077631,46.073488947489885,0.6707680095257018,False,1.2,4.0,2599.4994285714265,2619.574285714283,2639.64914285714,2024-06-18 14:15:00+00:00,2499.125142857143,原停損,敗,-1.0,-1.2229438860709692,-12.229438860709692,2024-06-18 11:30:00+00:00,LONG,LONG,V96強勢突破延續_驗證型,46.073488947489885,10.0,只限BTCETH加大尾單,10,進場前歷史：10日均線持有品質較高,進場前歷史：10日均線持有品質較高,0,0,,False,一般配置,0.5,0.2,0.15,0.15,-0.0094367277889777,-0.0005432617784293,,,,,2024-06-18 14:15:00+00:00,2499.125142857143,原停損,0.0,-1.0,-1.224982553869807,-12.229438860709692,0.0,0.0,LOSS,2024-07-31 23:45:00+00:00,2509.8,已平倉,1.0,八根已追高,新增,,,,,,,,,,,,,,4.0,,,,,,,,,,,,,,,,CORE,46.073488947489885,b6c3c4aa8e3ab7b2aba6d9d76e0e4afe22f4206593b71ef537a7f687f33a416f,2024-06-18 11:30:00+00:00,2024-06-18 11:15:00+00:00,0.0,,低追價窄停損早期趨勢,-10.77986635409468,,,,,,,,,,,,,,,,,,,,,,
V84,壓縮早突破,Binance,W/USDT:USDT,W,小幣,2024-06-30 15:00:00+00:00,2024-06-30 15:15:00+00:00,0.3542324571428571,0.3440778571428571,0.010154600000000014,0.028666486639604576,1.4608994557433477,2.104352839434997,2.490735249983647,1.4433966433721683,2.664974619289336,0.5699230475961665,40.41344907276921,46.35502372860093,4.065499717673626,False,4.346786660099031,4.000000000000005,0.3948508571428572,0.4049885714285715,0.4151262857142858,2024-07-03 16:00:00+00:00,0.3440778571428571,原停損,敗,-1.0,-1.061445792180836,-10.61445792180836,2024-06-30 15:15:00+00:00,LONG,LONG,V96強勢突破延續_驗證型,46.35502372860093,10.0,只限BTCETH加大尾單,10,進場前歷史：10日均線持有品質較高,進場前歷史：10日均線持有品質較高,0,0,,False,一般配置,0.5,0.2,0.15,0.15,-0.3271505598721027,-0.2263793861824145,,,,,2024-07-03 16:00:00+00:00,0.3440778571428571,原停損,0.0,-1.0,-1.0618910920033426,-10.614457921808356,0.0,0.0,LOSS,2024-07-31 23:45:00+00:00,0.2486,已平倉,4.0,結構太窄、八根已追高、停損太寬、空間數值異常,新增,,,,,,,,,,,,,,4.000000000000005,,,,,,,,,,,,,,,,CORE,46.35502372860093,600538e468fbe0a7c6ec36d830236a9eb0f929be8fd99a1de032110dfd08bb86,2024-06-30 15:15:00+00:00,2024-06-30 15:00:00+00:00,0.0,,,-9.230188402341287,0.3543,0.3542324571428571,2024-06-30 15:15:00+00:00,2024-06-30 15:15:00+00:00,0.3441622857142857,0.3445,2024-06-30 12:45:00+00:00,0.0028142857142857214,0.15,0.3440778571428571,0.16656332788449468,0.3948508571428572,4.000000000000005,0.3542324571428571,等回踩重新定價,,,,,,,
V84,壓縮早突破,Binance,TAO/USDT:USDT,TAO,小幣,2024-07-14 06:00:00+00:00,2024-07-14 06:15:00+00:00,264.78,256.7405428571429,8.039457142857088,0.030362780961013254,1.889697109648636,1.897540510372964,2.307593671125032,1.4114155602322116,3.182028410967954,0.7485678847930343,7.428362256158074,45.619126998348165,4.064365037395179,True,3.7688965869317976,4.0,296.9378285714283,304.9772857142854,313.0167428571425,2024-07-17 01:00:00+00:00,313.0167428571425,TP3賣全部剩餘,勝,4.0,3.937686704784389,39.37686704784389,2024-07-14 06:15:00+00:00,LONG,LONG,V96強勢突破延續_驗證型,45.619126998348165,10.0,只限BTCETH加大尾單,5,進場前歷史：5日均線持有品質較高,短線轉弱或趨勢不夠順（效率0.06），使用5日線,5,3,5.0,False,一般配置,0.5,0.2,0.15,0.15,-0.1825665807718186,-0.217018070132784,2024-07-15 14:30:00+00:00,2024-07-16 19:30:00+00:00,2024-07-17 01:00:00+00:00,2024-07-23 00:00:00+00:00,2024-07-17 01:00:00+00:00,313.0167428571425,TP3賣全部剩餘,0.0,5.022277268187981,4.686441892753953,49.59052260412429,0.0,0.0,WIN,2024-07-31 23:45:00+00:00,302.05,已平倉,2.0,八根已追高、停損太寬,,,,,,,,,,,,,,,4.0,,,,,,,,,,,,,,LONG連敗冷卻中,新增,CORE,45.619126998348165,165de1cdbe1aeff119c743de6cf7745087520a152179bf13a430ec88dcf95369,2024-07-14 06:15:00+00:00,2024-07-14 06:00:00+00:00,10.0,趨勢完整且順暢（效率0.37），使用10日線,,40.30300512286081,,,,,,,,,,,,,,,,,,,,,,
V84,均線假跌破站回,Binance,LIT/USDT:USDT,LIT,小幣,2024-07-31 00:45:00+00:00,2024-07-31 01:00:00+00:00,0.753,0.7383914285714286,0.0146085714285714,0.01940049326503508,1.072386058981234,1.072386058981234,3.098347804863923,1.8213576074472155,4.535211267605634,0.4818881219312557,4.517895560336398,43.17799081209148,2.1220159151193574,False,2.6968763371844275,4.0,0.8114342857142857,0.8260428571428571,0.8406514285714285,2024-07-31 18:15:00+00:00,0.7383914285714286,原停損,敗,-1.0,-1.0910485698354944,-10.910485698354943,2024-07-31 01:00:00+00:00,LONG,LONG,V85暴漲前布局,0.2262824631496895,,只限BTCETH加大尾單,5,進場前歷史：5日均線持有品質較高,進場前歷史：5日均線持有品質較高,0,0,,False,一般配置,0.5,0.2,0.15,0.15,-0.092409923170742,-0.1449832630151805,,,,,2024-07-31 18:15:00+00:00,0.7383914285714286,原停損,0.0,-1.0,-1.0918811460981812,-10.910485698354943,0.0,0.0,LOSS,2024-07-31 23:45:00+00:00,0.722,已平倉,3.0,成交量瞬間過熱、量能堆積過頭、八根已追高,核心,,,,,,,,,,,,,,4.0,,,,,False,2024-07,0.2262824631496895,False,False,-10.910485698354943,保留V94核心,,,,,CORE,0.2262824631496895,c818c22c5de813021888d3a1debc9e0535bd1838365a82f509ebaf95c40a755b,2024-07-31 01:00:00+00:00,2024-07-31 00:45:00+00:00,0.0,,,-9.830146704661574,,,,,,,,,,,,,,,,,,,,,,
V84,均線假跌破站回,Binance,EOS/USDT:USDT,EOS,小幣,2024-07-31 01:00:00+00:00,2024-07-31 01:15:00+00:00,0.5769057142857142,0.5654107142857142,0.011495000000000033,0.019925266322300805,1.763668430335108,1.5845070422535246,2.647413297356436,2.2151232473341547,4.581818181818154,0.4812774451387155,4.009962640099628,46.072112585017535,3.466204506065851,True,2.1884053033529187,3.9999999999999902,0.6228857142857143,0.6343571428571428,0.6458285714285714,2024-07-31 23:45:00+00:00,0.583,資料結束仍持有,未平,0.5230386052303863,0.4328545587145553,4.328545587145553,2024-07-31 01:15:00+00:00,LONG,LONG,V85暴漲前布局,0.2140542312307948,,只限BTCETH加大尾單,10,進場前歷史：10日均線持有品質較高,進場前歷史：10日均線持有品質較高,0,0,,False,一般配置,0.5,0.2,0.15,0.15,-0.1451455970563973,-0.1145448121183482,,,,,,,資料結束仍持有,100.0,0.0,-0.045168781457776544,-0.4485878865485729,0.4845224631827493,4.777133473694127,OPEN,2024-07-31 23:45:00+00:00,0.583,仍持有,2.0,量能堆積過頭、八根已追高,核心,,,,,,,,,,,,,,3.9999999999999902,,,,,False,2024-07,0.2140542312307948,False,False,0.0,保留V94核心,,,,,CORE,0.2140542312307948,baf8ea41a71e569d1e82b07eebbe32ce06f2ea52c85dfb7974641b59be69abcb,2024-07-31 01:15:00+00:00,2024-07-31 01:00:00+00:00,0.0,,單標的量能堆積加高結構分,-0.40646344003344054,0.577,0.5769057142857142,2024-07-31 01:15:00+00:00,2024-07-31 01:15:00+00:00,0.5655285714285714,0.566,2024-07-31 00:15:00+00:00,0.003928571428571432,0.15,0.5654107142857142,0.20547945205502405,0.6228857142857143,3.9999999999999902,0.5769057142857142,等回踩重新定價,,,,,,,
V84,壓縮早突破,Binance,BICO/USDT:USDT,BICO,小幣,2024-08-18 12:45:00+00:00,2024-08-18 13:00:00+00:00,0.2529,0.2464634285714285,0.0064365714285714,0.025451053493758456,1.0791366906474975,0.9177972865123784,2.40154675892948,1.5399556990015315,3.144927536231882,0.64229508446051,4.707475142045452,45.98894167689223,7.473309608540912,True,4.212027058715573,4.0,0.2786462857142857,0.2850828571428572,0.2915194285714286,2024-08-19 08:45:00+00:00,0.2464634285714285,原停損,敗,-1.0,-1.0691912814636886,-10.691912814636886,2024-08-18 13:00:00+00:00,LONG,LONG,V96強勢突破延續_驗證型,45.98894167689223,10.0,只限BTCETH加大尾單,10,歷史不足，保守使用10日均線,歷史不足，保守使用10日均線,0,0,,False,一般配置,0.5,0.2,0.15,0.15,,,,,,,2024-08-19 08:45:00+00:00,0.2464634285714285,原停損,0.0,-1.0,-1.0698239879261355,-10.691912814636876,0.0,0.0,LOSS,2025-07-31 23:45:00+00:00,0.1002,已平倉,0.0,,新增,,,,,,,,,,,,,,3.9999999999999396,,,,,,,,,,,,,,,,CORE,45.98894167689223,dfa1efb30a71c460343a08ed00376e35db07369c9867522fa46c1726bf391925,2024-08-18 13:00:00+00:00,2024-08-18 12:45:00+00:00,0.0,,,-10.698239879261354,,,,,,,,,,,,,,,,,,,,,,
V84,壓縮早突破,Binance,ZRX/USDT:USDT,ZRX,小幣,2024-08-22 23:30:00+00:00,2024-08-22 23:45:00+00:00,0.3296,0.3256902857142857,0.0039097142857142,0.011861997226074922,0.4265691651432091,0.4571776897287494,3.254082169942779,1.565551162841066,3.390625000000028,0.7536983354899974,9.847266881028911,49.34128597802183,1.3349514563106846,False,3.291376116345672,4.0,0.3452388571428572,0.3491485714285715,0.3530582857142857,2024-08-24 10:30:00+00:00,0.3530582857142857,TP3賣全部剩餘,勝,4.0,3.846062547868455,38.46062547868455,2024-08-22 23:45:00+00:00,LONG,LONG,V96強勢突破延續_驗證型,49.34128597802183,10.0,只限BTCETH加大尾單,10,歷史不足，保守使用10日均線,趨勢完整且順暢（效率0.59），使用10日線,0,3,,False,一般配置,0.5,0.2,0.15,0.15,,,2024-08-23 20:00:00+00:00,2024-08-24 09:00:00+00:00,2024-08-24 10:30:00+00:00,,2024-08-24 10:30:00+00:00,0.3530582857142857,TP3賣全部剩餘,0.0,3.8999999999999977,4.59397989622917,37.46151732338099,0.0,0.0,WIN,2025-07-31 23:45:00+00:00,0.2367,已平倉,0.0,,新增,,,,,,,,,,,,,,4.0,,,,,,,,,,,,,,,,CORE,49.34128597802183,2590289e192452aa3423755f125d0a6ec89e7086cf346266e580d9243b598b61,2024-08-22 23:45:00+00:00,2024-08-22 23:30:00+00:00,10.0,趨勢完整且順暢（效率1.00），使用10日線,,45.44832397298806,,,,,,,,,,,,,,,,,,,,,,
V84,壓縮早突破,Binance,TRX/USDT:USDT,TRX,小幣,2024-08-27 14:30:00+00:00,2024-08-27 14:45:00+00:00,0.16177,0.1601466571428571,0.0016233428571428,0.010034881975291366,0.6094906399651823,0.8289703315881303,2.23209260602932,1.6713562618321356,2.91745602165088,0.2733037970810795,4.379851100902903,45.12259443725744,1.16832540025964,False,1.8749955499851343,4.0,0.1682633714285714,0.1698867142857142,0.1715100571428571,2024-08-27 21:30:00+00:00,0.1601466571428571,原停損,敗,-1.0,-1.1768570712652462,-11.768570712652462,2024-08-27 14:45:00+00:00,LONG,LONG,V96強勢突破延續_驗證型,45.12259443725744,10.0,只限BTCETH加大尾單,10,進場前歷史：10日均線持有品質較高,進場前歷史：10日均線持有品質較高,0,0,,False,一般配置,0.5,0.2,0.15,0.15,0.3460640997346159,0.3787712280407262,,,,,2024-08-27 21:30:00+00:00,0.1601466571428571,原停損,0.0,-1.0,-1.1784743069855823,-11.768570712652432,0.0,0.0,LOSS,2025-07-31 23:45:00+00:00,0.32478,已平倉,0.0,,新增,,,,,,,,,,,,,,3.9999999999999143,,,,,,,,,,,,,,,,CORE,45.12259443725744,0fa5244fc946cf79bfbe4bf4964806a10ee6dc6b7b6be6902c0fc5989e5ad256,2024-08-27 14:45:00+00:00,2024-08-27 14:30:00+00:00,0.0,,,-12.194263882556275,,,,,,,,,,,,,,,,,,,,,,
,,Binance,TRX/USDT:USDT,TRX,,,2024-09-06 20:00:00+00:00,0.14761,0.1508083928571428,,0.021667860288210796,,,,,,,,,,,,,0.13382,0.13308,0.1299,2024-09-07 12:45:00+00:00,0.1508083928571428,原停損,LOSS,,,,,SHORT,SHORT,V72.8S核心,1101.12973891,9.79282680686028,只限BTCETH加大尾單,10,進場前歷史：10日均線持有品質較高,進場前歷史：10日均線持有品質較高,0,0,,False,一般配置,0.5,0.2,0.15,0.15,-0.0386097028211293,0.3440342530299053,,,,,2024-09-07 12:45:00+00:00,0.1508083928571428,原停損,0.0,-1.0,-1.083972346602648,-10.607701983241771,0.0,0.0,LOSS,2025-07-31 23:45:00+00:00,0.32478,已平倉,0.0,,核心,❌,C0003,V62_BASE,V65_CORE,CORE_PROTECTED,,,,,TP1_NOT_HIT,-10.602505653351622,0.0,,4.311540394171262,False,,2024-09-07 04:00:00+08:00,2024-09-07 20:45:00+08:00,False,,,,,-10.602505653351622,保留V94核心,,,,,CORE,1101.12973891,704d7d99c1a106a4126beb578536f25b65efc0771967beeea52e8113a6cf57f9,2024-09-06 20:00:00+00:00,,0.0,,核心反彈失敗空單,-11.084222319664978,,,,,,,,,,,,,,,,,,,,,,
V84,壓縮早突破,Binance,BB/USDT:USDT,BB,小幣,2024-09-07 05:00:00+00:00,2024-09-07 05:15:00+00:00,0.29074531428571426,0.2813582142857143,0.009387099999999982,0.03228633287886908,1.928471248246844,2.539682539682553,2.924734873185297,1.6320490954028768,3.423197492162976,0.690295441209723,9.505593318499086,48.56660670956056,3.095975232198156,False,4.699500144878017,4.0000000000000115,0.3282937142857143,0.3376671428571429,0.3470405714285715,2024-09-11 04:45:00+00:00,0.2912691272831262,含成本保本,勝,4.0,3.941095678973025,39.41095678973025,2024-09-07 05:15:00+00:00,LONG,LONG,V96強勢突破延續_驗證型,48.56660670956056,10.0,只限BTCETH加大尾單,5,進場前歷史：5日均線持有品質較高,趨勢完整且順暢（效率0.57），使用10日線,0,2,,False,一般配置,0.5,0.2,0.15,0.15,-0.1796097630907598,-0.2501587530437831,2024-09-09 21:15:00+00:00,,,,2024-09-11 04:45:00+00:00,0.2912691272831262,含成本保本,0.0,1.999999999999997,1.9703244279002998,19.42879368365934,0.0,0.0,WIN,2025-07-31 23:45:00+00:00,0.10034,已平倉,3.0,成交量瞬間過熱、八根已追高、停損太寬,新增,,,,,,,,,,,,,,4.0000000000000115,,,,,,,,,,,,,,,,CORE,48.56660670956056,693db2f72ceaa9366765621561037b06a9942ba6f1b606581c2de426cb9ecabe,2024-09-07 05:15:00+00:00,2024-09-07 05:00:00+00:00,10.0,趨勢完整且順暢（效率0.41），使用10日線,,20.13929854460809,0.2908,0.29074531428571426,2024-09-07 05:15:00+00:00,2024-09-07 05:15:00+00:00,0.2814265714285714,0.2817,2024-09-07 02:45:00+00:00,0.002278571428571443,0.15,0.2813582142857143,0.1458530191723595,0.3282937142857143,4.0000000000000115,0.29074531428571426,等回踩重新定價,,,,,,,
V84,壓縮早突破,Binance,AXL/USDT:USDT,AXL,小幣,2024-09-18 02:15:00+00:00,2024-09-18 02:30:00+00:00,0.5059,0.4946185714285714,0.0112814285714286,0.0222997204416458,0.7563694267515908,1.361633960752906,3.1097163843854148,1.6069775872957386,3.271910112359545,0.599794329033475,17.559832847916866,48.900366978969856,9.482418016594242,True,3.167939743072318,4.0,0.5510257142857145,0.5623071428571431,0.5735885714285717,2024-09-18 15:15:00+00:00,0.5068114402962667,含成本保本,勝,4.0,3.916445547045278,39.16445547045278,2024-09-18 02:30:00+00:00,LONG,LONG,V96強勢突破延續_驗證型,48.900366978969856,10.0,只限BTCETH加大尾單,5,進場前歷史：5日均線持有品質較高,進場前歷史：5日均線持有品質較高,0,0,,False,一般配置,0.5,0.2,0.15,0.15,0.0041933131865117,-0.1000010974244279,2024-09-18 07:00:00+00:00,,,,2024-09-18 15:15:00+00:00,0.5068114402962667,含成本保本,0.0,2.0,1.9578407496517678,19.18229236438189,0.0,0.0,WIN,2025-07-31 23:45:00+00:00,0.3407,已平倉,3.0,成交量瞬間過熱、八根已追高、空間數值異常,新增,,,,,,,,,,,,,,4.0,,,,,,,,,,,,,,,,CORE,48.900366978969856,ba7283553d938dbf1664681e0de17ad5865deda083de64d20fddae52987563af,2024-09-18 02:30:00+00:00,2024-09-18 02:15:00+00:00,5.0,短線轉弱或趨勢不夠順（效率-0.21），使用5日線,,20.19729850827412,,,,,,,,,,,,,,,,,,,,,,
V84,壓縮早突破,Binance,BICO/USDT:USDT,BICO,小幣,2024-10-24 17:30:00+00:00,2024-10-24 17:45:00+00:00,0.2012,0.1961362857142857,0.0050637142857142,0.025167566032377152,0.599700149925031,0.8012018027040657,2.6805404374550736,1.470019217509939,2.8586387434554865,0.7139527573251037,13.033910737459808,48.338126519200216,0.9438648782911008,False,2.5359616472620083,4.0,0.2214548571428571,0.2265185714285714,0.2315822857142856,2024-10-25 04:15:00+00:00,0.1961362857142857,原停損,敗,-1.0,-1.0699806977900517,-10.699806977900517,2024-10-24 17:45:00+00:00,LONG,LONG,V96強勢突破延續_驗證型,48.338126519200216,10.0,只限BTCETH加大尾單,10,進場前歷史：10日均線持有品質較高,進場前歷史：10日均線持有品質較高,0,0,,False,一般配置,0.5,0.2,0.15,0.15,-0.1149983555537435,-0.0021618079475751,,,,,2024-10-25 04:15:00+00:00,0.1961362857142857,原停損,0.0,-1.0,-1.0706206229193704,-10.699806977900517,0.0,0.0,LOSS,2025-07-31 23:45:00+00:00,0.1002,已平倉,2.0,結構太窄、八根已追高,新增,,,,,,,,,,,,,,3.9999999999999947,,,,,,,,,,,,,,,,CORE,48.338126519200216,3e8113fd341e6e514bafebaad98d3c71df93accb8d799d6845cbf16788c25f25,2024-10-24 17:45:00+00:00,2024-10-24 17:30:00+00:00,0.0,,,-11.260875448630589,,,,,,,,,,,,,,,,,,,,,,
V84,壓縮早突破,Binance,BTCDOM/USDT:USDT,BTCDOM,小幣,2024-11-21 11:00:00+00:00,2024-11-21 11:15:00+00:00,3454.6,3388.156285714286,66.44371428571412,0.01923340308160543,0.8318739054290702,0.9821976672805376,2.574843779001424,1.64283858194642,4.04184100418408,0.7391229542857113,inf,46.4058026712608,0.037632074106253,False,1.3099145364030047,4.0,3720.374857142856,3786.8185714285705,3853.2622857142846,2024-11-21 12:00:00+00:00,3388.156285714286,原停損,敗,-1.0,-1.0918473021588155,-10.918473021588156,2024-11-21 11:15:00+00:00,LONG,LONG,V96強勢突破延續_驗證型,46.4058026712608,10.0,只限BTCETH加大尾單,5,進場前歷史：5日均線持有品質較高,進場前歷史：5日均線持有品質較高,0,0,,False,一般配置,0.5,0.2,0.15,0.15,0.0673583740770037,-0.0262915452674202,,,,,2024-11-21 12:00:00+00:00,3388.156285714286,原停損,0.0,-1.0,-1.0926871822767286,-10.918473021588156,0.0,0.0,LOSS,2025-07-31 23:45:00+00:00,4463.8,已平倉,1.0,八根已追高,新增,,,,,,,,,,,,,,3.9999999999999933,,,,,,,,,,,,,,,,CORE,46.4058026712608,b04b6c9c3b9835f2487ba14a64594064e10ef6ff1729788df2854d4a551556d6,2024-11-21 11:15:00+00:00,2024-11-21 11:00:00+00:00,0.0,,,-11.369927185654218,,,,,,,,,,,,,,,,,,,,,,
V84,壓縮早突破,Binance,YFI/USDT:USDT,YFI,小幣,2024-11-21 12:00:00+00:00,2024-11-21 12:15:00+00:00,6394.866857142857,6216.917857142857,177.94899999999961,0.027826849874323246,1.2995245641838291,1.929516823473132,2.5860910031023785,1.6149603584970658,3.537065052950076,0.5804275989622798,9.731759484103394,46.754051412759246,3.911138923654578,True,3.176362666813777,4.000000000000005,7106.662857142856,7284.328571428569,7461.994285714283,2024-11-23 15:30:00+00:00,7461.994285714283,TP3賣全部剩餘,勝,4.0,3.93221945885514,39.3221945885514,2024-11-21 12:15:00+00:00,LONG,LONG,V96強勢突破延續_驗證型,46.754051412759246,10.0,只限BTCETH加大尾單,10,進場前歷史：10日均線持有品質較高,短線轉弱或趨勢不夠順（效率0.04），使用5日線,9,8,5.0,False,一般配置,0.5,0.2,0.15,0.15,-0.0320953421239865,-0.0280858506393928,2024-11-23 13:15:00+00:00,2024-11-23 13:15:00+00:00,2024-11-23 15:30:00+00:00,2024-12-10 00:00:00+00:00,2024-11-23 15:30:00+00:00,7461.994285714283,TP3賣全部剩餘,0.0,7.359868452792575,4.679846386404454,72.89091430787302,0.0,0.0,WIN,2025-07-31 23:45:00+00:00,5203.0,已平倉,1.0,八根已追高,新增,,,,,,,,,,,,,,4.000000000000005,,,,,,,,,,,,,,,,CORE,46.754051412759246,5ecf990c6787c8ed555fdd752bae4c6e33b44ddad14bef3143c9c8fd607ee894,2024-11-21 12:15:00+00:00,2024-11-21 12:00:00+00:00,5.0,短線轉弱或趨勢不夠順（效率0.38），使用5日線,,48.163921003715934,6396.0,6394.866857142857,2024-11-21 12:15:00+00:00,2024-11-21 12:15:00+00:00,6218.334285714286,6224.0,2024-11-21 09:45:00+00:00,47.214285714285715,0.15,6216.917857142857,0.15944872392776865,7106.662857142856,4.000000000000005,6394.866857142857,等回踩重新定價,,,,,,,
V84,壓縮早突破,Binance,DOT/USDT:USDT,DOT,小幣,2024-11-27 00:00:00+00:00,2024-11-27 00:15:00+00:00,8.168,7.873551428571429,0.2944485714285703,0.03604904155589744,1.0139730431556917,0.6902502157032142,2.851940027870586,1.33431590711355,3.732567678424948,0.4125999049441575,7.960643139233663,45.01597930427347,1.7872444607663018,False,4.4912794614670775,4.0,9.34579428571428,9.640242857142852,9.93469142857142,2024-11-27 00:45:00+00:00,7.873551428571429,原停損,敗,-1.0,-1.0485876786397157,-10.485876786397156,2024-11-27 00:15:00+00:00,LONG,LONG,V96強勢突破延續_驗證型,45.01597930427347,10.0,只限BTCETH加大尾單,10,進場前歷史：10日均線持有品質較高,進場前歷史：10日均線持有品質較高,0,0,,False,一般配置,0.5,0.2,0.15,0.15,0.0939814142924096,0.1194523773441489,,,,,2024-11-27 00:45:00+00:00,7.873551428571429,原停損,0.0,-1.0,-1.0490319793900464,-10.485876786397151,0.0,0.0,LOSS,2025-07-31 23:45:00+00:00,3.679,已平倉,3.0,成交量瞬間過熱、八根已追高、停損太寬,新增,,,,,,,,,,,,,,4.0,,,,,,,,,,,,,,,,CORE,45.01597930427347,eb2b4fa97be6964f02d9f522a09ff99a8e41b7fecf384b0353101d80cbcc586a,2024-11-27 00:15:00+00:00,2024-11-27 00:00:00+00:00,0.0,,,-11.301654903842675,,,,,,,,,,,,,,,,,,,,,,
V84,壓縮早突破,Binance,CKB/USDT:USDT,CKB,小幣,2024-12-06 08:30:00+00:00,2024-12-06 08:45:00+00:00,0.017367,0.0170770028571428,0.0002899971428571,0.016698171408832955,1.1648902090977795,0.9414773057476512,3.103394040495908,1.5890538419308002,3.129210042865876,0.2355364832989682,5.351776864796625,47.01820382700499,0.028786919223922,False,3.962320352608055,4.0,0.0185269885714285,0.0188169857142857,0.0191069828571428,2024-12-06 09:00:00+00:00,0.0170770028571428,原停損,敗,-1.0,-1.1059275997349531,-11.05927599734953,2024-12-06 08:45:00+00:00,LONG,LONG,V96強勢突破延續_驗證型,47.01820382700499,10.0,只限BTCETH加大尾單,10,進場前歷史：10日均線持有品質較高,進場前歷史：10日均線持有品質較高,0,0,,False,一般配置,0.5,0.2,0.15,0.15,0.0549944826106722,0.0566423255905084,,,,,2024-12-06 09:00:00+00:00,0.0170770028571428,原停損,0.0,-1.0,-1.1068962344456377,-11.059275997349328,0.0,0.0,LOSS,2025-07-31 23:45:00+00:00,0.005378,已平倉,2.0,成交量瞬間過熱、八根已追高,新增,,,,,,,,,,,,,,3.999999999998935,,,,,,,,,,,,,,,,CORE,47.01820382700499,b648618cfb5a760105ef733d7aec38109dcb002f9a9ccedb9223cf7a642e1519,2024-12-06 08:45:00+00:00,2024-12-06 08:30:00+00:00,0.0,,,-11.799952836637164,,,,,,,,,,,,,,,,,,,,,,
V84,壓縮早突破,Binance,1000LUNC/USDT:USDT,LUNC,小幣,2025-01-14 03:15:00+00:00,2025-01-14 03:30:00+00:00,0.10077,0.0991021999999999,0.0016678,0.016550560682743815,0.4885831089839421,0.7095033476566259,2.5469320414988177,1.3265439566411117,2.619469026548675,0.6623290846294011,21.92109365631357,46.38766776257998,1.7463782496527136,False,3.601177127928537,4.0,0.1074412,0.109109,0.1107768,2025-01-15 09:45:00+00:00,0.0991021999999999,原停損,敗,-1.0,-1.106880298320515,-11.06880298320515,2025-01-14 03:30:00+00:00,LONG,LONG,V96強勢突破延續_驗證型,46.38766776257998,10.0,只限BTCETH加大尾單,5,進場前歷史：5日均線持有品質較高,進場前歷史：5日均線持有品質較高,0,0,,False,一般配置,0.5,0.2,0.15,0.15,0.0463866574919455,-0.0150468401226082,,,,,2025-01-15 09:45:00+00:00,0.0991021999999999,原停損,0.0,-1.0,-1.107857644801529,-11.068802983205098,0.0,0.0,LOSS,2025-07-31 23:45:00+00:00,0.05841,已平倉,3.0,結構太窄、八根已追高、空間數值異常,新增,,,,,,,,,,,,,,3.9999999999997753,,,,,,,,,,,,,,,,CORE,46.38766776257998,47c5ae8fca1e7314ac39bdd65cbe6745a6780bd48e59ab1ab210e3022b6a2703,2025-01-14 03:30:00+00:00,2025-01-14 03:15:00+00:00,0.0,,,-11.679475172727365,,,,,,,,,,,,,,,,,,,,,,
V84,壓縮早突破,Binance,POWR/USDT:USDT,POWR,小幣,2025-01-20 23:15:00+00:00,2025-01-20 23:30:00+00:00,0.2694388,0.25991749999999997,0.00952130000000001,0.03533752377163204,0.9737827715355696,0.9737827715355696,2.476887671882145,1.5926032897444964,3.411764705882373,0.2102041047791434,5.207237534188924,45.339577056314674,0.5563798219584637,False,5.075270488745181,4.000000000000006,0.3075240000000001,0.3170300000000001,0.3265360000000001,2025-01-21 04:30:00+00:00,0.25991749999999997,原停損,敗,-1.0,-1.049676669020111,-10.49676669020111,2025-01-20 23:30:00+00:00,LONG,LONG,V96強勢突破延續_驗證型,45.339577056314674,10.0,只限BTCETH加大尾單,10,進場前歷史：10日均線持有品質較高,進場前歷史：10日均線持有品質較高,0,0,,False,一般配置,0.5,0.2,0.15,0.15,-0.1805684731724913,0.0181954788743196,,,,,2025-01-21 04:30:00+00:00,0.25991749999999997,原停損,0.0,-1.0,-1.0500373551930933,-10.49676669020111,0.0,0.0,LOSS,2025-07-31 23:45:00+00:00,0.168,已平倉,2.0,八根已追高、停損太寬,,,,,,,,,,,,,,,4.000000000000006,,,,,,,,,,,,,,LONG連敗冷卻中,新增,CORE,45.339577056314674,58a2c1db71b7ab367072088bf6708bf40603391224ae2ecedab4333f106cece4,2025-01-20 23:30:00+00:00,2025-01-20 23:15:00+00:00,0.0,,,-10.947271869593601,0.2695,0.2694388,2025-01-20 23:30:00+00:00,2025-01-20 23:30:00+00:00,0.259994,0.2603,2025-01-20 22:00:00+00:00,0.0025499999999999967,0.15,0.25991749999999997,0.16095097832942162,0.3075240000000001,4.000000000000006,0.2694388,等回踩重新定價,,,,,,,
V84,壓縮早突破,Binance,KSM/USDT:USDT,KSM,小幣,2025-02-23 07:00:00+00:00,2025-02-23 07:15:00+00:00,20.474,20.14785714285714,0.3261428571428588,0.015929611074673188,1.0363717119873606,0.723211650103317,3.4433401750027004,1.5945410680204108,3.463157894736836,0.499254746062817,25.06570302233889,48.59173762129375,1.2308894641723356,False,3.278664910218905,4.0,21.77857142857144,22.10471428571429,22.43085714285716,2025-02-23 12:00:00+00:00,20.14785714285714,原停損,敗,-1.0,-1.1110813468993863,-11.110813468993864,2025-02-23 07:15:00+00:00,LONG,LONG,V96強勢突破延續_驗證型,48.59173762129375,10.0,只限BTCETH加大尾單,10,進場前歷史：10日均線持有品質較高,進場前歷史：10日均線持有品質較高,0,0,,False,一般配置,0.5,0.2,0.15,0.15,0.0078187666561391,0.0230249790859807,,,,,2025-02-23 12:00:00+00:00,20.14785714285714,原停損,0.0,-1.0,-1.1120971090670164,-11.110813468993864,0.0,0.0,LOSS,2025-07-31 23:45:00+00:00,14.049,已平倉,3.0,成交量瞬間過熱、八根已追高、空間數值異常,新增,,,,,,,,,,,,,,4.000000000000011,,,,,,,,,,,,,,,,CORE,48.59173762129375,a90d4701f48a387c2e2d034849da2280cf3f7cd65711608a772040ac9b91333e,2025-02-23 07:15:00+00:00,2025-02-23 07:00:00+00:00,0.0,,,-11.472537888584169,,,,,,,,,,,,,,,,,,,,,,
V84,均線假跌破站回,Binance,BNB/USDT:USDT,BNB,小幣,2025-03-05 01:30:00+00:00,2025-03-05 01:45:00+00:00,587.1257085714285,580.0606785714285,7.065029999999979,0.012033249263075765,0.8831008178131983,0.708344052825649,1.5276652608567969,1.0833789483012972,4.482475528891664,0.5287918712091165,20.38869372490404,31.41391414594914,2.895193977996535,True,2.74520664222613,3.999999999999984,615.3858285714283,622.4372857142854,629.4887428571425,2025-03-07 00:45:00+00:00,580.0606785714285,原停損,敗,-1.0,-1.1476372772298942,-11.47637277229894,2025-03-05 01:45:00+00:00,LONG,LONG,V85暴漲前布局,0.2188637889271079,,只限BTCETH加大尾單,10,進場前歷史：10日均線持有品質較高,進場前歷史：10日均線持有品質較高,0,0,,False,一般配置,0.5,0.2,0.15,0.15,-0.1360346507820895,-0.0105025014486786,,,,,2025-03-07 00:45:00+00:00,580.0606785714285,原停損,0.0,-1.0,-1.1486855326061707,-11.476372772298944,0.0,0.0,LOSS,2025-07-31 23:45:00+00:00,783.68,已平倉,2.0,八根已追高、空間數值異常,,,,,,,,,,,,,,,3.999999999999984,,,,,False,2025-03,0.2188637889271079,False,False,-11.47637277229894,保留V94核心,,,LONG連敗冷卻中,核心,CORE,0.2188637889271079,b51440090638a21fdfafb859b8d5d84b4de5941987e00da455ab94ac1d5b8e24,2025-03-05 01:45:00+00:00,2025-03-05 01:30:00+00:00,0.0,,,-11.71820542418737,587.18,587.1257085714285,2025-03-05 01:45:00+00:00,2025-03-05 01:45:00+00:00,580.1285428571429,580.4,2025-03-05 00:45:00+00:00,2.2621428571428703,0.15,580.0606785714285,0.19248301263008472,615.3858285714283,3.999999999999984,587.1257085714285,等回踩重新定價,,,,,,,
V84,壓縮早突破,Binance,1000SHIB/USDT:USDT,SHIB,小幣,2025-03-14 21:45:00+00:00,2025-03-14 22:00:00+00:00,0.012769,0.0125399114285714,0.0002290885714285,0.017940995491314993,0.6067291781577611,0.8132649032767558,3.0668267427051767,1.5191641910696014,2.7424425634824563,0.6447754663586858,19.900599892742644,48.2879709495471,1.065162907268169,False,2.5263912461945126,4.0,0.0136853542857142,0.0139144428571428,0.0141435314285714,2025-03-17 14:00:00+00:00,0.012792004904413972,含成本保本,勝,4.0,3.8970128652828335,38.970128652828336,2025-03-14 22:00:00+00:00,LONG,LONG,V96強勢突破延續_驗證型,48.2879709495471,10.0,只限BTCETH加大尾單,10,進場前歷史：10日均線持有品質較高,短線轉弱或趨勢不夠順（效率0.64），使用5日線,1,0,,False,一般配置,0.5,0.2,0.15,0.15,-0.1617138113274824,-0.0992324500398843,2025-03-16 17:45:00+00:00,,,,2025-03-17 14:00:00+00:00,0.012792004904413972,含成本保本,0.0,1.9999999999995528,1.9480355595460823,18.98796554675312,0.0,0.0,WIN,2025-07-31 23:45:00+00:00,0.012436,已平倉,4.0,成交量瞬間過熱、結構太窄、八根已追高、空間數值異常,新增,,,,,,,,,,,,,,3.9999999999991065,,,,,,,,,,,,,,,,CORE,48.2879709495471,349e5776da094a690d370741d93af50a5feb30ff4d52e8372a6c98599c9c774b,2025-03-14 22:00:00+00:00,2025-03-14 21:45:00+00:00,5.0,短線轉弱或趨勢不夠順（效率0.69），使用5日線,,19.644423342813766,,,,,,,,,,,,,,,,,,,,,,
V84,均線假跌破站回,Binance,XLM/USDT:USDT,XLM,小幣,2025-03-23 19:30:00+00:00,2025-03-23 19:45:00+00:00,0.28225,0.2787686,0.0034814,0.012334455270150658,0.5307023792562982,1.07430617726052,1.5597931100019458,1.898513314831922,3.251141552511432,0.2534650590803209,26.78232894812413,39.74837989948546,0.8609388839680987,False,3.544034521730942,4.0,0.2961756000000001,0.2996570000000001,0.3031384000000001,2025-03-24 01:45:00+00:00,0.2787686,原停損,敗,-1.0,-1.143718464704735,-11.43718464704735,2025-03-23 19:45:00+00:00,LONG,LONG,V85暴漲前布局,0.1852344325509392,,只限BTCETH加大尾單,10,進場前歷史：10日均線持有品質較高,進場前歷史：10日均線持有品質較高,0,0,,False,一般配置,0.5,0.2,0.15,0.15,-0.2166884316435041,-0.1299268390852732,,,,,2025-03-24 01:45:00+00:00,0.2787686,原停損,0.0,-1.0,-1.1450326707646339,-11.437184647047347,0.0,0.0,LOSS,2025-07-31 23:45:00+00:00,0.40092,已平倉,3.0,量能堆積過頭、八根已追高、空間數值異常,核心,,,,,,,,,,,,,,4.0,,,,,False,2025-03,0.1852344325509392,False,False,-11.43718464704735,保留V94核心,,,,,CORE,0.1852344325509392,98fdc9bb89a021bd0ead46b236e125db80e99d6c94b4cc0a3b95a0a3fc90d8bc,2025-03-23 19:45:00+00:00,2025-03-23 19:30:00+00:00,0.0,,,-11.771698888755902,,,,,,,,,,,,,,,,,,,,,,
V84,壓縮早突破,Binance,TRUMP/USDT:USDT,TRUMP,小幣,2025-03-26 00:45:00+00:00,2025-03-26 01:00:00+00:00,11.692,11.482837142857145,0.2091628571428572,0.0178893993450954,0.7844151366261487,1.0893999654158604,2.236384136229827,1.7119433642734228,3.115438108483976,0.4601264047729808,28.94873441064378,46.8029516672008,1.436879917892564,False,4.829143684366106,4.0,12.528651428571427,12.737814285714286,12.946977142857143,2025-03-26 02:30:00+00:00,11.482837142857145,原停損,敗,-1.0,-1.0988146551419884,-10.988146551419884,2025-03-26 01:00:00+00:00,LONG,LONG,V96強勢突破延續_驗證型,46.8029516672008,10.0,只限BTCETH加大尾單,5,進場前歷史：5日均線持有品質較高,進場前歷史：5日均線持有品質較高,0,0,,False,一般配置,0.5,0.2,0.15,0.15,0.0064315445234928,-0.2950820416315927,,,,,2025-03-26 02:30:00+00:00,11.482837142857145,原停損,0.0,-1.0,-1.0997182468889595,-10.988146551419891,0.0,0.0,LOSS,2025-07-31 23:45:00+00:00,8.941,已平倉,3.0,量能堆積過頭、八根已追高、空間數值異常,新增,,,,,,,,,,,,,,4.000000000000026,,,,,,,,,,,,,,,,CORE,46.8029516672008,75e55eb6db9029c2bbc39f71defd38747b7fb6b78dda128fb92d6e295345c488,2025-03-26 01:00:00+00:00,2025-03-26 00:45:00+00:00,0.0,,,-11.176380893785472,,,,,,,,,,,,,,,,,,,,,,
V84,壓縮早突破,Binance,ETC/USDT:USDT,ETC,小幣,2025-04-01 06:30:00+00:00,2025-04-01 06:45:00+00:00,16.939,16.653568571428572,0.2854314285714281,0.01685054776382479,0.7494200915957983,0.9054625603145404,2.5556037119925024,1.6416844028943864,3.536332179930754,0.5089131590880581,15.607951872353649,46.00069652943401,1.1748037074207571,False,2.312212160977015,4.0,18.08072571428572,18.36615714285714,18.65158857142857,2025-04-02 01:00:00+00:00,16.653568571428572,原停損,敗,-1.0,-1.1049616514575924,-11.049616514575924,2025-04-01 06:45:00+00:00,LONG,LONG,V96強勢突破延續_驗證型,46.00069652943401,10.0,只限BTCETH加大尾單,5,進場前歷史：5日均線持有品質較高,進場前歷史：5日均線持有品質較高,0,0,,False,一般配置,0.5,0.2,0.15,0.15,-0.1822799513680782,-0.2593418096784657,,,,,2025-04-02 01:00:00+00:00,16.653568571428572,原停損,0.0,-1.0,-1.1059214532387065,-11.049616514575924,0.0,0.0,LOSS,2025-07-31 23:45:00+00:00,20.545,已平倉,2.0,八根已追高、空間數值異常,,,,,,,,,,,,,,,4.000000000000025,,,,,,,,,,,,,,LONG連敗冷卻中,新增,CORE,46.00069652943401,2e079aa090186ec3b232ead6d32c9cbbc9e86339c066bdf07b2d93fc5f60b9b4,2025-04-01 06:45:00+00:00,2025-04-01 06:30:00+00:00,0.0,,,-11.115821772015336,,,,,,,,,,,,,,,,,,,,,,
V84,壓縮早突破,Binance,CFX/USDT:USDT,CFX,小幣,2025-04-02 10:15:00+00:00,2025-04-02 10:30:00+00:00,0.08286,0.0802206857142857,0.0026393142857142,0.03185269473466453,0.9872029250457048,1.0980966325036643,3.297254249736174,1.6747998131827386,3.224568138195781,0.5084420660382384,13.980904130943156,48.97179453816712,5.563601255129136,True,2.8608245248909507,4.0,0.0934172571428571,0.0960565714285713,0.0986958857142856,2025-04-02 22:15:00+00:00,0.0802206857142857,原停損,敗,-1.0,-1.0551062241567426,-10.551062241567426,2025-04-02 10:30:00+00:00,LONG,LONG,V96強勢突破延續_驗證型,48.97179453816712,10.0,只限BTCETH加大尾單,5,進場前歷史：5日均線持有品質較高,進場前歷史：5日均線持有品質較高,0,0,,False,一般配置,0.5,0.2,0.15,0.15,-0.2080488928072808,-0.269120928731605,,,,,2025-04-02 22:15:00+00:00,0.0802206857142857,原停損,0.0,-1.0,-1.0556101325019482,-10.551062241567418,0.0,0.0,LOSS,2025-07-31 23:45:00+00:00,0.21439,已平倉,3.0,成交量瞬間過熱、八根已追高、停損太寬,新增,,,,,,,,,,,,,,3.999999999999958,,,,,,,,,,,,,,,,CORE,48.97179453816712,cfdf70efdce02f2a6be52769d17adb643d8785d1aa47c09d5c55137b87f307f0,2025-04-02 10:30:00+00:00,2025-04-02 10:15:00+00:00,0.0,,,-10.492793609187341,,,,,,,,,,,,,,,,,,,,,,
V84,均線假跌破站回,Binance,TRX/USDT:USDT,TRX,小幣,2025-04-13 23:30:00+00:00,2025-04-13 23:45:00+00:00,0.2539833885714286,0.2518461785714286,0.0021372100000000005,0.008414762918240795,0.4627432368296214,0.6777645659928666,2.037925809141233,1.4450157993612445,3.814241486068108,0.493388341491338,,38.65917275255698,2.3503011692453057,True,1.519426783721689,4.0,0.2625322285714286,0.2646652857142858,0.266798342857143,2025-04-14 20:15:00+00:00,0.2518461785714286,原停損,敗,-1.0,-1.211506171604551,-12.11506171604551,2025-04-13 23:45:00+00:00,LONG,LONG,V85暴漲前布局,0.1782997576986509,,只限BTCETH加大尾單,5,進場前歷史：5日均線持有品質較高,進場前歷史：5日均線持有品質較高,0,0,,False,一般配置,0.5,0.2,0.15,0.15,-0.177034054351121,-0.2655262453879115,,,,,2025-04-14 20:15:00+00:00,0.2518461785714286,原停損,0.0,-1.0,-1.2130097699470672,-12.115061716045457,0.0,0.0,LOSS,2025-07-31 23:45:00+00:00,0.32478,已平倉,1.0,八根已追高,核心,,,,,,,,,,,,,,4.0,,,,,False,2025-04,0.1782997576986509,False,False,-12.11506171604551,保留V94核心,,,,,CORE,0.1782997576986509,af0979958ab2bda62ee56445dc224930680fe08b3b114ae9f6ab6f1f4fb3c73c,2025-04-13 23:45:00+00:00,2025-04-13 23:30:00+00:00,0.0,,,-11.930071701810313,0.254,0.2539833885714286,2025-04-13 23:45:00+00:00,2025-04-13 23:45:00+00:00,0.2518669428571428,0.25195,2025-04-13 22:00:00+00:00,0.0006921428571428515,0.15,0.2518461785714286,0.19469038401933592,0.2625322285714286,4.0,0.2539833885714286,等回踩重新定價,,,,,,,
V84,壓縮早突破,Binance,EGLD/USDT:USDT,EGLD,小幣,2025-04-15 12:00:00+00:00,2025-04-15 12:15:00+00:00,14.21,14.048294285714285,0.1617057142857163,0.011379712476123599,0.6444759206798878,0.5661312009058062,2.848606617263334,1.6484535365132311,3.2235817575083634,0.2008536133792159,35.6078944113641,46.54000061491359,1.0907043839279318,False,2.382201588735473,4.0,14.856822857142866,15.018528571428584,15.1802342857143,2025-04-15 14:15:00+00:00,14.048294285714285,原停損,敗,-1.0,-1.1558510779963709,-11.558510779963706,2025-04-15 12:15:00+00:00,LONG,LONG,V96強勢突破延續_驗證型,46.54000061491359,10.0,只限BTCETH加大尾單,5,進場前歷史：5日均線持有品質較高,進場前歷史：5日均線持有品質較高,0,0,,False,一般配置,0.5,0.2,0.15,0.15,-0.2020553464240802,-0.2865155139249533,,,,,2025-04-15 14:15:00+00:00,14.048294285714285,原停損,0.0,-1.0,-1.1572762284219993,-11.558510779963706,0.0,0.0,LOSS,2025-07-31 23:45:00+00:00,14.23,已平倉,2.0,八根已追高、空間數值異常,新增,,,,,,,,,,,,,,4.0,,,,,,,,,,,,,,,,CORE,46.54000061491359,8a6789270bea2c1a9031ccbe5bc8484c71f903d0a9f542bde7ba87193ac453ee,2025-04-15 12:15:00+00:00,2025-04-15 12:00:00+00:00,0.0,,,-11.243862895265044,,,,,,,,,,,,,,,,,,,,,,
V84,壓縮早突破,Binance,NEO/USDT:USDT,NEO,小幣,2025-04-19 16:15:00+00:00,2025-04-19 16:30:00+00:00,5.578,5.508505714285715,0.0694942857142857,0.012458638528914616,0.8496023138105491,0.9225759768451524,1.214751593633337,1.281848438205821,2.982817869415799,0.1619437755951617,42.420754018829896,37.33299755398908,1.3443269403118796,False,3.5422248969386034,4.0,5.855977142857143,5.925471428571429,5.994965714285715,2025-04-20 10:45:00+00:00,5.508505714285715,原停損,敗,-1.0,-1.1422770407938776,-11.422770407938776,2025-04-19 16:30:00+00:00,LONG,LONG,V85暴漲前布局,0.1855991468963581,,只限BTCETH加大尾單,10,進場前歷史：10日均線持有品質較高,進場前歷史：10日均線持有品質較高,0,0,,False,一般配置,0.5,0.2,0.15,0.15,-0.1852146802519702,-0.1629565673315335,,,,,2025-04-20 10:45:00+00:00,5.508505714285715,原停損,0.0,-1.0,-1.1435780660280392,-11.422770407938776,0.0,0.0,LOSS,2025-07-31 23:45:00+00:00,6.012,已平倉,2.0,八根已追高、空間數值異常,,,,,,,,,,,,,,,4.0,,,,,False,2025-04,0.1855991468963581,False,False,-11.422770407938776,保留V94核心,,,LONG過去24小時已有2筆進場,核心,CORE,0.1855991468963581,8967ff647b054c10023c8656cfa7e5bf6d67538890ea68a6538c14129b2d4b73,2025-04-19 16:30:00+00:00,2025-04-19 16:15:00+00:00,0.0,,,-10.982191956808652,,,,,,,,,,,,,,,,,,,,,,
V84,均線假跌破站回,Binance,APT/USDT:USDT,APT,小幣,2025-04-20 11:30:00+00:00,2025-04-20 11:45:00+00:00,4.9383,4.867838571428571,0.0704614285714289,0.014268357242660207,0.7919013797044405,0.9939056812139356,2.007412376543414,2.008894932360155,4.802177858439233,0.5181058579325684,16.487034446404234,40.43251304354301,2.845051028673251,True,2.570129326799937,4.0,5.220145714285716,5.290607142857144,5.361068571428573,2025-04-21 22:00:00+00:00,4.947196947252526,含成本保本,勝,4.0,3.871422477258805,38.71422477258805,2025-04-20 11:45:00+00:00,LONG,LONG,V85暴漲前布局,0.1912066475132775,,只限BTCETH加大尾單,5,進場前歷史：5日均線持有品質較高,進場前歷史：5日均線持有品質較高,0,0,,False,一般配置,0.5,0.2,0.15,0.15,-0.1306167462761924,-0.2167025036657796,2025-04-21 08:00:00+00:00,,,,2025-04-21 22:00:00+00:00,4.947196947252526,含成本保本,0.0,2.000000000000006,1.9351233623258914,18.73206166651722,0.0,0.0,WIN,2025-07-31 23:45:00+00:00,4.3163,已平倉,3.0,量能堆積過頭、八根已追高、空間數值異常,,,,,,,,,,,,,,,4.000000000000012,,,,,False,2025-04,0.1912066475132775,False,False,38.71422477258805,保留V94核心,,,LONG連敗冷卻中,核心,CORE,0.1912066475132775,97b334c40ffff810a4dc15174ca0f69fe44959eec325f8f023a0b4187261a1c7,2025-04-20 11:45:00+00:00,2025-04-20 11:30:00+00:00,5.0,短線轉弱或趨勢不夠順（效率0.88），使用5日線,,18.37116750086981,,,,,,,,,,,,,,,,,,,,,,
V84,壓縮早突破,Binance,BIO/USDT:USDT,BIO,小幣,2025-05-01 07:15:00+00:00,2025-05-01 07:30:00+00:00,0.07365,0.0710644,0.0025855999999999,0.03510658520027147,1.111721108976127,1.7822602928985851,2.965354039176237,1.4919717898802485,2.590909090909093,0.4056663222562638,5.623452970297048,47.36890035075926,7.737206461246093,True,6.283774903166821,4.0,0.0839923999999999,0.0865779999999999,0.0891635999999999,2025-05-01 23:00:00+00:00,0.0710644,原停損,敗,-1.0,-1.049915984738856,-10.49915984738856,2025-05-01 07:30:00+00:00,LONG,LONG,V96強勢突破延續_驗證型,47.36890035075926,10.0,只限BTCETH加大尾單,10,進場前歷史：10日均線持有品質較高,進場前歷史：10日均線持有品質較高,0,0,,False,一般配置,0.5,0.2,0.15,0.15,-0.1163233944677079,-0.0888268431090062,,,,,2025-05-01 23:00:00+00:00,0.0710644,原停損,0.0,-1.0,-1.0503724319306933,-10.49915984738856,0.0,0.0,LOSS,2025-07-31 23:45:00+00:00,0.06071,已平倉,4.0,成交量瞬間過熱、結構太窄、八根已追高、停損太寬,,,,,,,,,,,,,,,3.9999999999999734,,,,,,,,,,,,,,LONG連敗冷卻中,新增,CORE,47.36890035075926,6dfc953e87096297daebe655b851de041a904b226b8b9553bc265c205c8bec3f,2025-05-01 07:30:00+00:00,2025-05-01 07:15:00+00:00,0.0,,,-10.164716452458164,,,,,,,,,,,,,,,,,,,,,,
V84,均線假跌破站回,Binance,FORM/USDT:USDT,FORM,小幣,2025-05-04 11:00:00+00:00,2025-05-04 11:15:00+00:00,2.168418457142857,2.145365357142857,0.023053099999999827,0.010631296705699029,0.3609774157719458,0.4167438414521163,1.2205369408806204,1.15883608478666,3.344664778092522,0.1871324745180891,6.528245184844811,32.92632249798882,2.135017983952792,False,3.2261098486348514,4.000000000000038,2.260630857142857,2.283638571428572,2.306646285714286,2025-05-05 06:15:00+00:00,2.306646285714286,TP3賣全部剩餘,勝,4.0,3.828310365807437,38.28310365807437,2025-05-04 11:15:00+00:00,LONG,LONG,V85暴漲前布局,0.1756001965081643,,只限BTCETH加大尾單,5,進場前歷史：5日均線持有品質較高,短線轉弱或趨勢不夠順（效率0.39），使用5日線,1,4,5.0,False,一般配置,0.5,0.2,0.15,0.15,-0.0355504893805809,-0.1316144004005326,2025-05-04 23:30:00+00:00,2025-05-05 06:00:00+00:00,2025-05-05 06:15:00+00:00,2025-05-09 00:00:00+00:00,2025-05-05 06:15:00+00:00,2.306646285714286,TP3賣全部剩餘,0.0,5.613990338644167,4.574938343402274,54.40861275727954,0.0,0.0,WIN,2025-07-31 23:45:00+00:00,3.7822,已平倉,0.0,,核心,,,,,,,,,,,,,,4.000000000000038,,,,,False,2025-05,0.1756001965081643,False,False,38.28310365807437,保留V94核心,,,,,CORE,0.1756001965081643,48aab0cb99ae52a82ce43c7eae88c9b700fc2d53787d91abdaa487e239999611,2025-05-04 11:15:00+00:00,2025-05-04 11:00:00+00:00,5.0,短線轉弱或趨勢不夠順（效率0.11），使用5日線,,43.807791856969494,2.1686,2.168418457142857,2025-05-04 11:15:00+00:00,2025-05-04 11:15:00+00:00,2.1455922857142857,2.1465,2025-05-04 08:45:00+00:00,0.0075642857142857855,0.15,2.145365357142857,0.1972630297901956,2.260630857142857,4.000000000000038,2.168418457142857,等回踩重新定價,,,,,,,
V84,壓縮早突破,Binance,RIF/USDT:USDT,RIF,小幣,2025-05-06 09:15:00+00:00,2025-05-06 09:30:00+00:00,0.04482,0.0440870857142857,0.0007329142857142,0.016352393701791625,1.33423790140208,0.6513926325247166,3.20978070784672,1.6065824449929418,3.0260416666666856,0.7575601709137393,5.580461562451268,49.668026212590746,0.022316447221593,False,2.8658346941339023,4.0,0.0477516571428571,0.0484845714285714,0.0492174857142857,2025-05-06 09:30:00+00:00,0.0440870857142857,原停損,敗,-1.0,-1.108186338316973,-11.081863383169727,2025-05-06 09:30:00+00:00,LONG,LONG,V96強勢突破延續_驗證型,49.668026212590746,10.0,只限BTCETH加大尾單,10,進場前歷史：10日均線持有品質較高,進場前歷史：10日均線持有品質較高,0,0,,False,一般配置,0.5,0.2,0.15,0.15,-0.2378876057863316,-0.1813385987407469,,,,,2025-05-06 09:30:00+00:00,0.0440870857142857,原停損,0.0,-1.0,-1.1091756276313716,-11.08186338316971,0.0,0.0,LOSS,2025-07-31 23:45:00+00:00,0.05617,已平倉,2.0,成交量瞬間過熱、八根已追高,新增,,,,,,,,,,,,,,3.999999999999858,,,,,,,,,,,,,,,,CORE,49.668026212590746,b7486346ddd069554fd58fa578733886591ff90b5d337d5c33b71ccf4bfd41a8,2025-05-06 09:30:00+00:00,2025-05-06 09:15:00+00:00,0.0,,,-11.106930461618987,,,,,,,,,,,,,,,,,,,,,,
V84,壓縮早突破,Binance,ENA/USDT:USDT,ENA,小幣,2025-05-16 13:45:00+00:00,2025-05-16 14:00:00+00:00,0.3906,0.3735779999999999,0.017022,0.043579109062980265,2.1437908496731994,1.5068849051701694,2.309479894426332,1.6069138102549063,3.6321839080459815,0.5659164967232975,4.241569733286325,45.46752823054578,0.8958280010238129,False,4.463217617911116,4.0,0.4586880000000001,0.4757100000000002,0.4927320000000002,2025-05-16 16:30:00+00:00,0.3735779999999999,原停損,敗,-1.0,-1.0400380740481854,-10.400380740481854,2025-05-16 14:00:00+00:00,LONG,LONG,V96強勢突破延續_驗證型,45.46752823054578,10.0,只限BTCETH加大尾單,5,進場前歷史：5日均線持有品質較高,進場前歷史：5日均線持有品質較高,0,0,,False,一般配置,0.5,0.2,0.15,0.15,-0.1723456089518154,-0.1809091431047319,,,,,2025-05-16 16:30:00+00:00,0.3735779999999999,原停損,0.0,-1.0,-1.0404041945717304,-10.400380740481852,0.0,0.0,LOSS,2025-07-31 23:45:00+00:00,0.5692,已平倉,2.0,八根已追高、停損太寬,新增,,,,,,,,,,,,,,3.9999999999999836,,,,,,,,,,,,,,,,CORE,45.46752823054578,fb628517f988002ea822ea43e121fbf473bcd8939362dd08be705ef2042d07fb,2025-05-16 14:00:00+00:00,2025-05-16 13:45:00+00:00,0.0,,,-10.302718326317358,,,,,,,,,,,,,,,,,,,,,,
V84,均線假跌破站回,Binance,BTCDOM/USDT:USDT,BTCDOM,小幣,2025-05-17 16:15:00+00:00,2025-05-17 17:15:00+00:00,5018.180857142857,4974.280357142857,43.90050000000065,0.00874828971887549,0.5953216139830575,0.5953216139830575,1.3682562171432833,1.5276213911984429,3.378323108384508,0.3113319466868006,13.190788400691336,36.3614215294916,0.8329016060255601,False,1.2,4.0,5193.78285714286,5237.578571428575,5281.37428571429,2025-05-18 05:00:00+00:00,4974.280357142857,原停損,敗,-1.0,-1.2035031225569068,-12.035031225569067,2025-05-17 16:30:00+00:00,LONG,LONG,V85暴漲前布局,0.1832137735389745,,只限BTCETH加大尾單,10,進場前歷史：10日均線持有品質較高,進場前歷史：10日均線持有品質較高,0,0,,False,一般配置,0.5,0.2,0.15,0.15,0.0283822879890327,0.0920305411902218,,,,,2025-05-18 05:00:00+00:00,4974.280357142857,原停損,0.0,-1.0,-1.204854502633387,-12.035031225569067,0.0,0.0,LOSS,2025-07-31 23:45:00+00:00,4463.8,已平倉,1.0,八根已追高,,,,,,,,,,,,,,,4.0,,,,,False,2025-05,0.1832137735389745,False,False,-12.035031225569067,保留V94核心,,,LONG連敗冷卻中,核心,CORE,0.1832137735389745,bff2408b1adf1808b6289f733ad59498de0b84bd3cce1241a4f6a2a945415561,2025-05-17 17:15:00+00:00,2025-05-17 16:15:00+00:00,0.0,,,-11.807073038396718,5018.6,5018.180857142857,2025-05-17 16:30:00+00:00,2025-05-17 17:15:00+00:00,4974.8042857142855,4976.9,2025-05-17 15:30:00+00:00,17.464285714285456,0.15,4974.280357142857,0.23926020158537842,5193.78285714286,4.0,5018.180857142857,等回踩重新定價,,,,,,,
,,Binance,AIOT/USDT:USDT,AIOT,,,2025-05-30 08:00:00+00:00,0.30445,0.3195544642857142,,0.049612298524270695,,,,,,,,,,,,,0.23572,0.22718,0.1836142857142862,2025-05-31 05:00:00+00:00,0.1836142857142862,TP3賣全部剩餘,WIN,,,,,SHORT,SHORT,V72.8S核心,1108.47758639,10.48093661542456,只限BTCETH加大尾單,10,進場前歷史：10日均線持有品質較高,短線轉弱或趨勢不夠順（效率0.84），使用5日線,5,0,5.0,False,一般配置,0.5,0.2,0.15,0.15,0.121304456092194,0.3505074727074305,2025-05-31 02:00:00+00:00,2025-05-31 02:00:00+00:00,2025-05-31 05:00:00+00:00,2025-06-05 00:00:00+00:00,2025-05-31 05:00:00+00:00,0.1836142857142862,TP3賣全部剩餘,0.0,6.140757817579973,5.522799040018933,64.04147682214548,0.0,0.0,WIN,2025-07-31 23:45:00+00:00,0.40577,已平倉,0.0,,核心,✅,C0017,V62_BASE,V65_CORE,CORE_PROTECTED,2025-05-31T02:00:00+00:00,,,,NOT_USED,47.35936277909597,0.0,,4.550310338712558,False,,2025-05-30 16:00:00+08:00,2025-05-31 10:00:00+08:00,False,,,,,47.35936277909597,保留V94核心,,,,,CORE,1108.47758639,14e92ca169ab7bbadcc78a782c97535e8f681e9aa11becadc2539c0c171ec908,2025-05-30 08:00:00+00:00,,10.0,趨勢完整且順暢（效率0.85），使用10日線,核心反彈失敗空單,53.4690527967132,,,,,,,,,,,,,,,,,,,,,,
V84,壓縮早突破,Binance,BANK/USDT:USDT,BANK,小幣,2025-05-31 17:00:00+00:00,2025-05-31 17:15:00+00:00,0.064335,0.0619735028571428,0.0023614971428571,0.03670625853512399,1.3573306879556712,2.5196298596843247,2.918697363623606,1.5763815243261785,3.731376418352237,0.4119571182072233,11.542677526605374,46.15639139529816,0.1522471997390084,False,5.03978129529354,4.0,0.0737809885714285,0.0761424857142857,0.0785039828571428,2025-05-31 23:15:00+00:00,0.0619735028571428,原停損,敗,-1.0,-1.0477017593398932,-10.477017593398932,2025-05-31 17:15:00+00:00,LONG,LONG,V96強勢突破延續_驗證型,46.15639139529816,10.0,只限BTCETH加大尾單,10,進場前歷史：10日均線持有品質較高,進場前歷史：10日均線持有品質較高,0,0,,False,一般配置,0.5,0.2,0.15,0.15,0.1274888097181634,0.1540956047208695,,,,,2025-05-31 23:15:00+00:00,0.0619735028571428,原停損,0.0,-1.0,-1.0481379589703372,-10.47701759339892,0.0,0.0,LOSS,2025-07-31 23:45:00+00:00,0.054976,已平倉,3.0,成交量瞬間過熱、八根已追高、停損太寬,新增,,,,,,,,,,,,,,3.999999999999865,,,,,,,,,,,,,,,,CORE,46.15639139529816,715a04cf479aa1b40b9df60909d96040c8a2c6b1e6882bf2db02f3c0b39081c8,2025-05-31 17:15:00+00:00,2025-05-31 17:00:00+00:00,0.0,,,-10.707991111708939,,,,,,,,,,,,,,,,,,,,,,
V84,均線假跌破站回_延後一根確認,Binance,KAVA/USDT:USDT,KAVA,小幣,2025-06-02 03:45:00+00:00,2025-06-02 04:00:00+00:00,0.4207,0.4148702857142857,0.0058297142857143,0.013857176814153379,0.8397312859884876,0.9365994236311348,1.947438205751709,1.377882699504727,5.119402985074666,0.2581190070121684,16.409703220374727,33.74934161980116,0.9041161075422188,False,2.7474917973361155,4.0,0.4440188571428573,0.4498485714285716,0.455678285714286,2025-06-04 09:00:00+00:00,0.4214579421479331,含成本保本,勝,4.0,3.8583618844512495,38.58361884451249,2025-06-02 03:45:00+00:00,LONG,LONG,V85暴漲前布局,0.1937906805724993,,只限BTCETH加大尾單,5,進場前歷史：5日均線持有品質較高,進場前歷史：5日均線持有品質較高,0,0,,False,一般配置,0.5,0.2,0.15,0.15,-0.1487755134414471,-0.1946591888616298,2025-06-04 08:30:00+00:00,,,,2025-06-04 09:00:00+00:00,0.4214579421479331,含成本保本,0.0,2.0,1.9332517055479257,18.69496772938361,0.0,0.0,WIN,2025-07-31 23:45:00+00:00,0.3802,已平倉,2.0,八根已追高、空間數值異常,,,,,,,,,,,,,,,4.0,,,,,False,2025-06,0.1937906805724993,False,False,38.58361884451249,保留V94核心,0.4203,0.4207,LONG連敗冷卻中,核心,CORE,0.1937906805724993,4feb87d3b655f7742b98a878abe859360f034fcffc893e9e257fea723b7cf18f,2025-06-02 04:00:00+00:00,2025-06-02 03:45:00+00:00,5.0,短線轉弱或趨勢不夠順（效率0.19），使用5日線,,19.543481207007158,,,,,,,,,,,,,,,,,,,,,,
V84,壓縮早突破,Binance,TST/USDT:USDT,TST,小幣,2025-06-06 11:15:00+00:00,2025-06-06 11:30:00+00:00,0.0414,0.0403708571428571,0.0010291428571428,0.02485852311939377,1.2224938875305735,1.970443349753692,2.8313097378336787,1.3895237310675157,2.882352941176479,0.896487054287021,35.8550805108272,49.02737701702293,2.898550724637672,False,3.597575313062895,4.0,0.0455165714285714,0.0465457142857143,0.0475748571428571,2025-06-11 10:00:00+00:00,0.0403708571428571,原停損,敗,-1.0,-1.0708617902377182,-10.70861790237718,2025-06-06 11:30:00+00:00,LONG,LONG,V96強勢突破延續_驗證型,49.02737701702293,10.0,只限BTCETH加大尾單,10,進場前歷史：10日均線持有品質較高,進場前歷史：10日均線持有品質較高,0,0,,False,一般配置,0.5,0.2,0.15,0.15,-0.3064043428331228,-0.2061253612006835,,,,,2025-06-11 10:00:00+00:00,0.0403708571428571,原停損,0.0,-1.0,-1.071509772348692,-10.708617902377153,0.0,0.0,LOSS,2025-07-31 23:45:00+00:00,0.041,已平倉,3.0,結構太窄、八根已追高、空間數值異常,新增,,,,,,,,,,,,,,3.999999999999798,,,,,,,,,,,,,,,,CORE,49.02737701702293,e06927d4cb44440c4a0775cf94620ba5cfe3c9b6b1f5b272b437a6af585bc443,2025-06-06 11:30:00+00:00,2025-06-06 11:15:00+00:00,0.0,,,-11.041435462669067,,,,,,,,,,,,,,,,,,,,,,
V84,壓縮早突破,Binance,ETHFI/USDT:USDT,ETHFI,小幣,2025-06-11 12:00:00+00:00,2025-06-11 12:15:00+00:00,1.3474526285714286,1.3118539285714286,0.03559869999999998,0.026419259011533327,1.1482176360225305,2.013321223130493,2.490077273259378,1.6049058386904718,3.1725571725571924,0.1013970681986954,8.714895601347495,45.00838137859336,4.473957560468889,False,5.783538718523672,4.0,1.4898474285714285,1.5253842857142856,1.5609211428571428,2025-06-11 19:30:00+00:00,1.3118539285714286,原停損,敗,-1.0,-1.066752803370296,-10.66752803370296,2025-06-11 12:15:00+00:00,LONG,LONG,V96強勢突破延續_驗證型,45.00838137859336,10.0,只限BTCETH加大尾單,10,進場前歷史：10日均線持有品質較高,進場前歷史：10日均線持有品質較高,0,0,,False,一般配置,0.5,0.2,0.15,0.15,-0.0650396237007518,-0.0536871981398285,,,,,2025-06-11 19:30:00+00:00,1.3118539285714286,原停損,0.0,-1.0,-1.0672321152578204,-10.66752803370296,0.0,0.0,LOSS,2025-07-31 23:45:00+00:00,1.0616,已平倉,1.0,八根已追高,新增,,,,,,,,,,,,,,4.0,,,,,,,,,,,,,,,,CORE,45.00838137859336,eb5cd3688a7e13ca64d39e168925ca4c522eb8b79f54b42cee6028f60339077a,2025-06-11 12:15:00+00:00,2025-06-11 12:00:00+00:00,0.0,,,-10.87951834837203,1.3477,1.3474526285714286,2025-06-11 12:15:00+00:00,2025-06-11 12:15:00+00:00,1.3121631428571428,1.3134,2025-06-11 10:00:00+00:00,0.010307142857142848,0.15,1.3118539285714286,0.1740245539841423,1.4898474285714285,4.0,1.3474526285714286,等回踩重新定價,,,,,,,
V84,壓縮早突破,Binance,ZK/USDT:USDT,ZK,小幣,2025-06-14 10:30:00+00:00,2025-06-14 10:45:00+00:00,0.05198,0.0503952571428571,0.0015847428571428,0.030487550156654452,1.049766718507006,0.8732777023093385,2.825690194291108,1.5934368282894464,3.969348659003841,0.897394208814742,13.800346158006713,47.91166123652071,1.5198153135821402,False,3.073360787344537,4.0,0.0583189714285714,0.0599037142857142,0.0614884571428571,2025-06-14 20:15:00+00:00,0.0503952571428571,原停損,敗,-1.0,-1.057613656196418,-10.57613656196418,2025-06-14 10:45:00+00:00,LONG,LONG,V96強勢突破延續_驗證型,47.91166123652071,10.0,只限BTCETH加大尾單,10,進場前歷史：10日均線持有品質較高,進場前歷史：10日均線持有品質較高,0,0,,False,一般配置,0.5,0.2,0.15,0.15,-0.1682082744389607,-0.147063345601237,,,,,2025-06-14 20:15:00+00:00,0.0503952571428571,原停損,0.0,-1.0,-1.0581404932751581,-10.576136561964164,0.0,0.0,LOSS,2025-07-31 23:45:00+00:00,0.05171,已平倉,1.0,八根已追高,,,,,,,,,,,,,,,3.9999999999998774,,,,,,,,,,,,,,LONG連敗冷卻中,新增,CORE,47.91166123652071,88764329f44e6f9ebe59d8597e5bfa2d6c4aa4bc4269fb525e0dd39a256df11b,2025-06-14 10:45:00+00:00,2025-06-14 10:30:00+00:00,0.0,,,-10.671716451446565,,,,,,,,,,,,,,,,,,,,,,
V84,壓縮早突破,Binance,1000RATS/USDT:USDT,RATS,小幣,2025-06-14 21:15:00+00:00,2025-06-14 21:30:00+00:00,0.02394,0.0230848857142857,0.0008551142857142,0.03571905955364662,1.959114139693341,1.3118916631400743,2.25176196632569,1.7749757015061285,3.488054607508533,0.3411139565137476,7.028300310735405,46.59520008838971,0.1253132832080394,False,4.970757507744043,4.0,0.0273604571428571,0.0282155714285714,0.0290706857142857,2025-06-15 09:00:00+00:00,0.0230848857142857,原停損,敗,-1.0,-1.0490447834007297,-10.490447834007297,2025-06-14 21:30:00+00:00,LONG,LONG,V96強勢突破延續_驗證型,46.59520008838971,10.0,只限BTCETH加大尾單,10,進場前歷史：10日均線持有品質較高,進場前歷史：10日均線持有品質較高,0,0,,False,一般配置,0.5,0.2,0.15,0.15,-0.0418143483133752,-0.0273262662053182,,,,,2025-06-15 09:00:00+00:00,0.0230848857142857,原停損,0.0,-1.0,-1.0494932640582704,-10.490447834007286,0.0,0.0,LOSS,2025-07-31 23:45:00+00:00,0.01763,已平倉,3.0,量能堆積過頭、八根已追高、停損太寬,,,,,,,,,,,,,,,3.9999999999998823,,,,,,,,,,,,,,LONG連敗冷卻中,新增,CORE,46.59520008838971,60726a1e806c8c29a01e9446981457e3e066dd141baefb9ea11c1fc446ee1a2a,2025-06-14 21:30:00+00:00,2025-06-14 21:15:00+00:00,0.0,,,-10.472507179258876,,,,,,,,,,,,,,,,,,,,,,
V84,壓縮早突破,Binance,TUT/USDT:USDT,TUT,小幣,2025-06-18 20:15:00+00:00,2025-06-18 20:30:00+00:00,0.03541,0.0343962285714285,0.0010137714285714,0.02862952354056748,0.940438871473348,1.3447782546494924,2.214198545145105,1.4506032707856724,2.9847715736040583,0.8673040023502023,inf,45.87820477731928,2.4844720496894457,False,3.499236415140871,4.0,0.0394650857142857,0.0404788571428571,0.0414926285714285,2025-06-22 13:30:00+00:00,0.03547379541587428,含成本保本,勝,4.0,3.934130173519429,39.34130173519429,2025-06-18 20:30:00+00:00,LONG,LONG,V96強勢突破延續_驗證型,45.87820477731928,10.0,只限BTCETH加大尾單,5,進場前歷史：5日均線持有品質較高,趨勢完整且順暢（效率0.75），使用10日線,0,1,,False,一般配置,0.5,0.2,0.15,0.15,-0.1026390604329894,-0.2632866118265849,2025-06-21 01:15:00+00:00,,,,2025-06-22 13:30:00+00:00,0.03547379541587428,含成本保本,0.0,1.999999999999863,1.9667639197338138,19.35913862912208,0.0,0.0,WIN,2025-07-31 23:45:00+00:00,0.0599,已平倉,1.0,八根已追高,,,,,,,,,,,,,,,3.999999999999726,,,,,,,,,,,,,,LONG連敗冷卻中,新增,CORE,45.87820477731928,571778b90815bace88654971f978bc72b3bcee73280d2f864baaab3413ab488b,2025-06-18 20:30:00+00:00,2025-06-18 20:15:00+00:00,10.0,趨勢完整且順暢（效率1.00），使用10日線,,19.419644100741074,,,,,,,,,,,,,,,,,,,,,,
V84,壓縮早突破,Binance,JUP/USDT:USDT,JUP,小幣,2025-06-28 02:30:00+00:00,2025-06-28 02:45:00+00:00,0.41035388571428566,0.40271178571428573,0.0076420999999999295,0.018623193945629755,1.2580167735569692,1.2830002467308033,2.281434712040951,1.4476885789422576,2.9144981412639392,0.6722921558650401,26.315198262627955,46.179024798814105,5.018270401948843,True,3.1762190282142493,4.000000000000014,0.4409222857142855,0.4485528571428568,0.4561834285714282,2025-06-28 22:00:00+00:00,0.4561834285714282,TP3賣全部剩餘,勝,4.0,3.900499291226597,39.00499291226597,2025-06-28 02:45:00+00:00,LONG,LONG,V96強勢突破延續_驗證型,46.179024798814105,10.0,只限BTCETH加大尾單,5,進場前歷史：5日均線持有品質較高,短線轉弱或趨勢不夠順（效率0.28），使用5日線,1,3,5.0,False,一般配置,0.5,0.2,0.15,0.15,-0.0411462563891597,-0.0815274726560326,2025-06-28 17:45:00+00:00,2025-06-28 19:00:00+00:00,2025-06-28 22:00:00+00:00,2025-07-02 00:00:00+00:00,2025-06-28 22:00:00+00:00,0.4561834285714282,TP3賣全部剩餘,0.0,4.185037630583742,4.6479409300360714,40.85371896980859,0.0,0.0,WIN,2025-07-31 23:45:00+00:00,0.4825,已平倉,2.0,八根已追高、空間數值異常,,,,,,,,,,,,,,,4.000000000000014,,,,,,,,,,,,,,LONG連敗冷卻中,新增,CORE,46.179024798814105,5b0076d68dbbb976f18945ce75bb281ff886c5bb748d2728d4c0ef5afbc913ca,2025-06-28 02:45:00+00:00,2025-06-28 02:30:00+00:00,5.0,短線轉弱或趨勢不夠順（效率0.55），使用5日線,,46.79595022805856,0.4104,0.41035388571428566,2025-06-28 02:45:00+00:00,2025-06-28 02:45:00+00:00,0.4027694285714286,0.403,2025-06-28 01:30:00+00:00,0.00192142857142857,0.15,0.40271178571428573,0.15108398547174495,0.4409222857142855,4.000000000000014,0.41035388571428566,等回踩重新定價,,,,,,,
V84,壓縮早突破,Binance,RIF/USDT:USDT,RIF,小幣,2025-06-28 12:00:00+00:00,2025-06-28 12:15:00+00:00,0.05233,0.0517051714285714,0.0006248285714285,0.01194015997379323,0.383582662063664,0.7119492014623807,3.184080411825747,1.700242808988002,4.289017341040422,0.7799274650451905,8.546344140106989,48.143617650003904,3.095147115017194,True,2.0589426605683787,4.0,0.0548293142857142,0.0554541428571428,0.0560789714285714,2025-07-01 05:00:00+00:00,0.052424278850965865,含成本保本,勝,4.0,3.847046901355596,38.47046901355596,2025-06-28 12:15:00+00:00,LONG,LONG,V96強勢突破延續_驗證型,48.143617650003904,10.0,只限BTCETH加大尾單,10,進場前歷史：10日均線持有品質較高,趨勢完整且順暢（效率0.57），使用10日線,0,1,,False,一般配置,0.5,0.2,0.15,0.15,-0.0744566954829257,-0.0533330678423914,2025-06-30 19:30:00+00:00,,,,2025-07-01 05:00:00+00:00,0.052424278850965865,含成本保本,0.0,1.999999999999839,1.9228241254742535,18.488305907483536,0.0,0.0,WIN,2025-07-31 23:45:00+00:00,0.05617,已平倉,2.0,成交量瞬間過熱、八根已追高,,,,,,,,,,,,,,,3.999999999999678,,,,,,,,,,,,,,LONG連敗冷卻中,新增,CORE,48.143617650003904,a4692c9f64c8d77f9229216144fbc04850db11db842e5aee0fe5da8c45869447,2025-06-28 12:15:00+00:00,2025-06-28 12:00:00+00:00,10.0,趨勢完整且順暢（效率0.41），使用10日線,,19.34983657430915,,,,,,,,,,,,,,,,,,,,,,
V84,壓縮早突破,Binance,KMNO/USDT:USDT,KMNO,小幣,2025-07-01 11:30:00+00:00,2025-07-01 11:45:00+00:00,0.05957,0.0584661999999999,0.0011038,0.018529461138158454,1.1544991511035718,0.7610350076103556,1.6802902708834777,1.4858547965322753,2.876712328767124,0.2113968419589693,14.178293169052337,41.584021606236725,0.4028197381671594,False,4.424834976293786,4.0,0.0639852,0.065089,0.0661928,2025-07-01 14:30:00+00:00,0.0584661999999999,原停損,敗,-1.0,-1.0953705009601358,-10.953705009601356,2025-07-01 11:45:00+00:00,LONG,LONG,V85暴漲前布局,0.1887760559559647,,只限BTCETH加大尾單,10,進場前歷史：10日均線持有品質較高,進場前歷史：10日均線持有品質較高,0,0,,False,一般配置,0.5,0.2,0.15,0.15,-0.02885933722812,0.06235815973446,,,,,2025-07-01 14:30:00+00:00,0.0584661999999999,原停損,0.0,-1.0,-1.096242598296784,-10.953705009601274,0.0,0.0,LOSS,2025-07-31 23:45:00+00:00,0.05202,已平倉,2.0,結構太窄、八根已追高,核心,,,,,,,,,,,,,,3.999999999999648,,,,,False,2025-07,0.1887760559559647,False,False,-10.953705009601356,保留V94核心,,,,,CORE,0.1887760559559647,e071af93639ced9a2cf75b9bbac610606c1c0ccf1840b6938d5fc5d327286bf1,2025-07-01 11:45:00+00:00,2025-07-01 11:30:00+00:00,0.0,,,-11.762202204970352,,,,,,,,,,,,,,,,,,,,,,
V84,壓縮早突破,Binance,AIOT/USDT:USDT,AIOT,小幣,2025-07-01 15:15:00+00:00,2025-07-01 15:30:00+00:00,0.15869,0.1543077428571428,0.0043822571428571,0.027615206647282117,2.3236300264635634,1.5436843453753513,2.691895970686601,1.5133702948179315,3.030460142579384,0.3404500761608445,6.640413615944819,45.43629582599189,6.200719106793673,True,4.869224966230788,4.0,0.1762190285714285,0.1806012857142857,0.1849835428571428,2025-07-04 06:15:00+00:00,0.1543077428571428,原停損,敗,-1.0,-1.063698995259732,-10.63698995259732,2025-07-01 15:30:00+00:00,LONG,LONG,V96強勢突破延續_驗證型,45.43629582599189,10.0,只限BTCETH加大尾單,10,進場前歷史：10日均線持有品質較高,進場前歷史：10日均線持有品質較高,0,0,,False,一般配置,0.5,0.2,0.15,0.15,-0.1401116481965038,-0.0680437374247976,,,,,2025-07-04 06:15:00+00:00,0.1543077428571428,原停損,0.0,-1.0,-1.0642814785596455,-10.636989952597313,0.0,0.0,LOSS,2025-07-31 23:45:00+00:00,0.40577,已平倉,1.0,八根已追高,,,,,,,,,,,,,,,3.9999999999999303,,,,,,,,,,,,,,LONG連敗冷卻中,新增,CORE,45.43629582599189,b49e203b917f2f97d01adf503df50f98e00d0ba378a0f27c0d9cf9372783e386,2025-07-01 15:30:00+00:00,2025-07-01 15:15:00+00:00,0.0,,,-11.29409047062924,,,,,,,,,,,,,,,,,,,,,,
V84,壓縮早突破,Binance,BROCCOLIF3B/USDT:USDT,BROCCOLIF3B,小幣,2025-07-04 03:15:00+00:00,2025-07-04 03:30:00+00:00,0.00957,0.0094311114285714,0.0001388885714285,0.014512912374984411,0.9709762532981614,0.800758613423258,1.4957921734952069,1.3459331288093828,2.934497816593886,0.4574238264611887,23.60165394663731,40.07347971523219,0.16724155952752,False,3.307039739765861,4.0,0.0101255542857142,0.0102644428571428,0.0104033314285714,2025-07-04 03:45:00+00:00,0.0094311114285714,原停損,敗,-1.0,-1.122011770155274,-11.22011770155274,2025-07-04 03:30:00+00:00,LONG,LONG,V85暴漲前布局,0.2158749566662641,,只限BTCETH加大尾單,10,進場前歷史：10日均線持有品質較高,進場前歷史：10日均線持有品質較高,0,0,,False,一般配置,0.5,0.2,0.15,0.15,0.0116901412186643,0.0429298162686436,,,,,2025-07-04 03:45:00+00:00,0.0094311114285714,原停損,0.0,-1.0,-1.1231274834913647,-11.220117701552496,0.0,0.0,LOSS,2025-07-31 23:45:00+00:00,0.008877,已平倉,2.0,八根已追高、空間數值異常,,,,,,,,,,,,,,,3.9999999999985385,,,,,False,2025-07,0.2158749566662641,False,False,-11.22011770155274,保留V94核心,,,LONG連敗冷卻中,核心,CORE,0.2158749566662641,6e04b66ba4e6d47707aeccd8c840f6e54de7bcc994b474518d49d55430555292,2025-07-04 03:30:00+00:00,2025-07-04 03:15:00+00:00,0.0,,,-11.914676357185757,,,,,,,,,,,,,,,,,,,,,,
V84,壓縮早突破,Binance,BTCDOM/USDT:USDT,BTCDOM,小幣,2025-07-04 15:15:00+00:00,2025-07-04 15:45:00+00:00,5530.039085714287,5480.169285714286,49.869800000000396,0.009017983277700283,0.3647780479837381,0.479659877541394,2.3360051006466893,1.6224003400431255,3.762155059132692,0.6589409114749367,5.720358429518759,45.50134331723273,0.692548324684017,False,1.2,3.999999999999982,5729.518285714287,5779.322857142859,5829.127428571431,2025-07-06 13:15:00+00:00,5480.169285714286,原停損,敗,-1.0,-1.1971690394086578,-11.97169039408658,2025-07-04 15:30:00+00:00,LONG,LONG,V96強勢突破延續_驗證型,45.50134331723273,10.0,只限BTCETH加大尾單,10,進場前歷史：10日均線持有品質較高,進場前歷史：10日均線持有品質較高,0,0,,False,一般配置,0.5,0.2,0.15,0.15,-0.0138175943083092,0.0982949054566485,,,,,2025-07-06 13:15:00+00:00,5480.169285714286,原停損,0.0,-1.0,-1.1987011685285611,-11.97169039408658,0.0,0.0,LOSS,2025-07-31 23:45:00+00:00,4463.8,已平倉,1.0,八根已追高,新增,,,,,,,,,,,,,,3.999999999999982,,,,,,,,,,,,,,,,CORE,45.50134331723273,586e853add3b61b3f5a8974218f00c7da5ebc150250a99d75115f6a8bc797bda,2025-07-04 15:45:00+00:00,2025-07-04 15:15:00+00:00,0.0,,低追價窄停損早期趨勢,-12.442340304921778,5530.3,5530.039085714287,2025-07-04 15:30:00+00:00,2025-07-04 15:45:00+00:00,5480.495428571428,5481.8,2025-07-04 13:00:00+00:00,10.871428571428558,0.15,5480.169285714286,0.13096904472349458,5729.518285714287,3.999999999999982,5530.039085714287,等回踩重新定價,,,,,,,
V84,壓縮早突破,Binance,FLUX/USDT:USDT,FLUX,小幣,2025-07-09 04:45:00+00:00,2025-07-09 05:00:00+00:00,0.20767994285714284,0.20427464285714286,0.0034052999999999722,0.01639686506627355,0.6786233640329487,1.0705596107055904,1.606181038539978,2.408800920357685,3.709401709401703,0.5797696106762055,9.028653054365174,48.34540654092276,2.3591718825228813,False,2.623475057381241,4.000000000000025,0.2213011428571428,0.2247014285714285,0.2281017142857143,2025-07-10 21:00:00+00:00,0.2281017142857143,TP3賣全部剩餘,勝,4.0,3.8874793396263176,38.87479339626318,2025-07-09 05:00:00+00:00,LONG,LONG,V85暴漲前布局,0.2010044920179136,,只限BTCETH加大尾單,10,進場前歷史：10日均線持有品質較高,短線轉弱或趨勢不夠順（效率-0.10），使用5日線,1,13,5.0,False,一般配置,0.5,0.2,0.15,0.15,-0.0479013899007325,-0.0389377125212041,2025-07-10 17:30:00+00:00,2025-07-10 20:00:00+00:00,2025-07-10 21:00:00+00:00,2025-07-24 00:00:00+00:00,2025-07-10 21:00:00+00:00,0.2281017142857143,TP3賣全部剩餘,0.0,5.889538694227219,4.634844541072562,57.75332858790344,0.0,0.0,WIN,2025-07-31 23:45:00+00:00,0.2146,已平倉,2.0,量能堆積過頭、八根已追高,核心,,,,,,,,,,,,,,4.000000000000025,,,,,False,2025-07,0.2010044920179136,False,False,38.87479339626318,保留V94核心,,,,,CORE,0.2010044920179136,a0789658e295229bbc999153fbae3c04ab08e1e6ba161d1f585a41b02ee79d1e,2025-07-09 05:00:00+00:00,2025-07-09 04:45:00+00:00,10.0,趨勢完整且順暢（效率1.00），使用10日線,單標的量能堆積加高結構分,47.53231563800705,0.2077,0.20767994285714284,2025-07-09 05:00:00+00:00,2025-07-09 05:00:00+00:00,0.2042997142857142,0.2044,2025-07-09 02:15:00+00:00,0.0008357142857142849,0.15,0.20427464285714286,0.14746659944209206,0.2213011428571428,4.000000000000025,0.20767994285714284,等回踩重新定價,,,,,,,
V84,壓縮早突破,Binance,ARPA/USDT:USDT,ARPA,小幣,2025-07-10 06:45:00+00:00,2025-07-10 07:00:00+00:00,0.02066,0.0203303142857142,0.0003296857142857,0.015957682201636028,1.076847772883016,0.4377431906614992,2.2433577222610586,3.023017856904454,3.345132743362817,0.4359536007347083,13.01239275500479,56.57243435071201,0.2905569007263908,False,2.8874487895717045,4.0,0.0219787428571428,0.0223084285714285,0.0226381142857142,2025-07-11 17:45:00+00:00,0.0226381142857142,TP3賣全部剩餘,勝,4.0,3.884656401436518,38.84656401436518,2025-07-10 07:00:00+00:00,LONG,LONG,V85暴漲前布局,0.1901861631569183,,只限BTCETH加大尾單,5,進場前歷史：5日均線持有品質較高,短線轉弱或趨勢不夠順（效率0.09），使用5日線,2,11,5.0,False,一般配置,0.5,0.2,0.15,0.15,-0.0388066837476243,-0.0926053802759088,2025-07-11 04:45:00+00:00,2025-07-11 05:00:00+00:00,2025-07-11 17:45:00+00:00,2025-07-24 00:00:00+00:00,2025-07-11 17:45:00+00:00,0.0226381142857142,TP3賣全部剩餘,0.0,5.178490337116076,4.632926663920932,50.620957081956426,0.0,0.0,WIN,2025-07-31 23:45:00+00:00,0.02143,已平倉,2.0,量能堆積過頭、八根已追高,核心,,,,,,,,,,,,,,3.999999999998779,,,,,False,2025-07,0.1901861631569183,False,False,38.84656401436518,保留V94核心,,,,,CORE,0.1901861631569183,c27fbd2ff3f2ebc05c1b769e78ad830c56c6d1e40658324858d2670a2811e77c,2025-07-10 07:00:00+00:00,2025-07-10 06:45:00+00:00,5.0,短線轉弱或趨勢不夠順（效率0.74），使用5日線,單標的量能堆積加高結構分,47.486567987779374,,,,,,,,,,,,,,,,,,,,,,
V84,壓縮早突破,Binance,MOCA/USDT:USDT,MOCA,小幣,2025-07-14 22:15:00+00:00,2025-07-14 22:30:00+00:00,0.08277829142857142,0.08042682142857142,0.0023514699999999944,0.028406843864723336,1.1359472334188323,1.857547053758157,2.9696365055955583,1.738737047013817,4.345534407027819,0.1645199721906183,14.489835642769403,45.32688204462812,2.379227053140087,False,3.6463336958187633,4.0,0.0921841714285714,0.0945327142857142,0.0968812571428571,2025-07-15 03:00:00+00:00,0.08042682142857142,原停損,敗,-1.0,-1.0619861412811158,-10.619861412811158,2025-07-14 22:30:00+00:00,LONG,LONG,V96強勢突破延續_驗證型,45.32688204462812,10.0,只限BTCETH加大尾單,5,進場前歷史：5日均線持有品質較高,進場前歷史：5日均線持有品質較高,0,0,,False,一般配置,0.5,0.2,0.15,0.15,-0.1190827290980115,-0.1279138736806282,,,,,2025-07-15 03:00:00+00:00,0.08042682142857142,原停損,0.0,-1.0,-1.0624650119165582,-10.619861412811142,0.0,0.0,LOSS,2025-07-31 23:45:00+00:00,0.07804,已平倉,3.0,成交量瞬間過熱、量能堆積過頭、八根已追高,新增,,,,,,,,,,,,,,4.0,,,,,,,,,,,,,,,,CORE,45.32688204462812,7ad6d4ccb0c432b0be5b6e08e3bd1963502507bd9a9e0a00c34437e0c96885f7,2025-07-14 22:30:00+00:00,2025-07-14 22:15:00+00:00,0.0,,,-11.905576090426186,0.08279,0.08277829142857142,2025-07-14 22:30:00+00:00,2025-07-14 22:30:00+00:00,0.0804414571428571,0.0805,2025-07-14 20:15:00+00:00,0.00048785714285714204,0.15,0.08042682142857142,0.12463655275374297,0.0921841714285714,4.0,0.08277829142857142,等回踩重新定價,,,,,,,
V84,壓縮早突破,Binance,BTCDOM/USDT:USDT,BTCDOM,小幣,2025-07-31 22:30:00+00:00,2025-07-31 22:45:00+00:00,4470.0,4434.004000000001,35.995999999999185,0.008052796420581473,0.546558704453437,0.5669163798339705,1.7825361010830325,1.2659296028880938,2.368421052631616,0.4227327167071364,31.259028780976365,40.95436004748187,0.1051383576046394,False,1.3710217136686604,4.0,4613.983999999997,4649.979999999996,4685.975999999995,2025-07-31 23:45:00+00:00,4463.8,資料結束仍持有,未平,-0.1722413601511267,-0.3935871249360237,-3.935871249360238,2025-07-31 22:45:00+00:00,LONG,LONG,V85暴漲前布局,0.22218512289292,,只限BTCETH加大尾單,10,進場前歷史：10日均線持有品質較高,進場前歷史：10日均線持有品質較高,0,0,,False,一般配置,0.5,0.2,0.15,0.15,-0.0906534239565137,0.0821779155546103,,,,,,,資料結束仍持有,100.0,0.0,-0.11176241804645212,-1.107496886642291,-0.2838487609734429,-2.8283743627179474,OPEN,2025-07-31 23:45:00+00:00,4463.8,仍持有,3.0,結構太窄、八根已追高、空間數值異常,,,,,,,,,,,,,,,4.0,,,,,False,2025-07,0.22218512289292,False,False,0.0,保留V94核心,,,LONG連敗冷卻中,核心,CORE,0.22218512289292,3b970f2ed0ea8b61eeaeee204af1115a998237da0d856d2f85d2be72a166dc8b,2025-07-31 22:45:00+00:00,2025-07-31 22:30:00+00:00,0.0,,,-1.2390609014726695,,,,,,,,,,,,,,,,,,,,,,
V84,均線假跌破站回,Binance,ETH/USDT:USDT,ETH,ETH,2025-08-05 23:00:00+00:00,2025-08-05 23:15:00+00:00,3607.92,3540.7619142857143,67.15808571428579,0.018614072849255467,0.88556201171055,0.9315649451831388,1.95630682874791,1.1675206700868428,4.5159587006742,0.1496105587147358,inf,33.279172744058165,1.4820132319640411,False,1.5837142961596644,4.0,3876.5523428571432,3943.710428571429,4010.868514285715,2025-08-08 13:45:00+00:00,4010.868514285715,TP3賣全部剩餘,勝,4.0,3.900607843512021,39.00607843512021,2025-08-05 23:15:00+00:00,LONG,LONG,V88_ETH暴漲前布局,0.3327917274405816,,只限BTCETH加大尾單,10,歷史不足，保守使用10日均線,短線轉弱或趨勢不夠順（效率0.22），使用5日線,4,5,5.0,True,ETH核心資產,0.25,0.2,0.15,0.4,,,2025-08-07 20:45:00+00:00,2025-08-08 03:15:00+00:00,2025-08-08 13:45:00+00:00,2025-08-16 00:00:00+00:00,2025-08-08 13:45:00+00:00,4010.868514285715,TP3賣全部剩餘,0.0,7.838973415816746,4.649023970914257,77.36157491248035,0.0,0.0,WIN,2026-07-29 17:15:00+00:00,1894.78,已平倉,0.0,,核心,,,,,,,,,,,,,,4.0,,,,,False,2025-08,,False,False,39.00607843512021,保留V94核心,,,,,CORE,0.3327917274405816,e90fdd4ab988eaa78691c6620eae5b453e040d9df5f5138e5ec8511e87581568,2025-08-05 23:15:00+00:00,2025-08-05 23:00:00+00:00,5.0,日K不足，先用5日線保護,,46.49023970914257,,,,,,,,,,,,,,,,,,,,,,
V84,壓縮早突破,Binance,BTC/USDT:USDT,BTC,BTC,2025-08-10 22:45:00+00:00,2025-08-10 23:00:00+00:00,119046.7,117975.68514285714,1071.014857142858,0.008996594253707647,0.3105883145991805,0.6505908582472797,1.5586066370024974,1.4800316544171646,3.286856172253581,0.3557524802788709,inf,41.92397735995563,2.8588804720168337,True,1.2,4.0,123330.75942857144,124401.77428571427,125472.78914285716,2025-08-14 12:30:00+00:00,119261.17708938044,含成本保本,勝,4.0,3.7981698850485945,37.98169885048595,2025-08-10 23:00:00+00:00,LONG,LONG,V85暴漲前布局,41.92397735995563,,只限BTCETH加大尾單,10,歷史不足，保守使用10日均線,趨勢完整且順暢（效率0.80），使用10日線,0,1,,True,BTC核心資產,0.25,0.2,0.15,0.4,,,2025-08-13 22:30:00+00:00,2025-08-14 00:30:00+00:00,,,2025-08-14 12:30:00+00:00,119261.17708938044,含成本保本,0.0,2.000000000000001,3.0970182160738355,17.999535744415066,0.0,0.0,WIN,2026-07-29 17:00:00+00:00,63849.9,已平倉,0.0,,核心,,,,,,,,,,,,,,4.000000000000013,,,,,False,2025-08,,False,False,37.98169885048595,保留V94核心,,,,,CORE,41.92397735995563,7db3790362bf16222b44ffd1af3b7e6eba2e8cd4329818cc92bd61c4b47f4d53,2025-08-10 23:00:00+00:00,2025-08-10 22:45:00+00:00,10.0,趨勢完整且順暢（效率0.45），使用10日線,,32.4099933532269,,,,,,,,,,,,,,,,,,,,,,
V84,壓縮早突破,Binance,DEXE/USDT:USDT,DEXE,小幣,2025-08-16 11:00:00+00:00,2025-08-16 11:15:00+00:00,7.351,7.252974285714286,0.0980257142857139,0.013335017587500195,0.5883157750718349,0.6296194908294694,2.3093071014705857,1.608512358416952,3.767705382436263,0.8632758981410296,15.210294674866711,46.700439455748295,0.6256800870511281,False,2.287695020368172,4.0,7.743102857142856,7.84112857142857,7.939154285714284,2025-08-18 08:15:00+00:00,7.252974285714286,原停損,敗,-1.0,-1.1328679633583612,-11.328679633583612,2025-08-16 11:15:00+00:00,LONG,LONG,V96強勢突破延續_驗證型,46.700439455748295,10.0,只限BTCETH加大尾單,10,歷史不足，保守使用10日均線,歷史不足，保守使用10日均線,0,0,,False,一般配置,0.5,0.2,0.15,0.15,,,,,,,2025-08-18 08:15:00+00:00,7.252974285714286,原停損,0.0,-1.0,-1.1340829490804167,-11.32867963358361,0.0,0.0,LOSS,2026-07-29 23:45:00+00:00,2.748,已平倉,,,新增,,,,,,,,,,,,,,4.0,,,,,,,,,,,,,,,,CORE,46.700439455748295,73d2fc7ab32c3e9244e43b0ae198067145f51a93afe54dfe6fda8eed7454cf40,2025-08-16 11:15:00+00:00,2025-08-16 11:00:00+00:00,0.0,,,-12.235623580749209,,,,,,,,,,,,,,,,,,,,,,
V84,壓縮早突破,Binance,IDOL/USDT:USDT,IDOL,小幣,2025-08-26 07:45:00+00:00,2025-08-26 08:00:00+00:00,0.01301,0.0125270571428571,0.0004829428571428,0.03712089601405843,1.5600624024961096,3.2513877874702724,2.702055847633241,1.7010195389002485,4.0794701986754935,0.8776249688633742,10.622374726379938,47.10746048327631,0.7680491551459223,False,4.624217621569563,4.0,0.0149417714285714,0.0154247142857142,0.0159076571428571,2025-08-27 09:00:00+00:00,0.0159076571428571,TP3賣全部剩餘,勝,4.0,3.9483818038999536,39.48381803899954,2025-08-26 08:00:00+00:00,LONG,LONG,V96強勢突破延續_驗證型,47.10746048327631,10.0,只限BTCETH加大尾單,5,進場前歷史：5日均線持有品質較高,短線轉弱或趨勢不夠順（效率0.35），使用5日線,11,1,5.0,False,一般配置,0.5,0.2,0.15,0.15,0.1112326055991958,-0.2030208041055464,2025-08-27 08:45:00+00:00,2025-08-27 08:45:00+00:00,2025-08-27 09:00:00+00:00,2025-09-08 00:00:00+00:00,2025-08-27 09:00:00+00:00,0.0159076571428571,TP3賣全部剩餘,0.0,9.416180559663047,4.697234791160816,93.5973197165582,0.0,0.0,WIN,2026-07-29 23:45:00+00:00,0.01529,已平倉,,,新增,,,,,,,,,,,,,,3.9999999999995834,,,,,,,,,,,,,,,,CORE,47.10746048327631,5b758520abacdb8838e12abeaf5a1b17aaed8f3cd3d2b3c37f28f96eeef902e3,2025-08-26 08:00:00+00:00,2025-08-26 07:45:00+00:00,5.0,短線轉弱或趨勢不夠順（效率0.10），使用5日線,,50.10374114157032,,,,,,,,,,,,,,,,,,,,,,
V84,壓縮早突破,Binance,CHR/USDT:USDT,CHR,小幣,2025-08-28 00:00:00+00:00,2025-08-28 00:15:00+00:00,0.1005,0.0966091428571428,0.0038908571428571,0.03871499644634039,1.617795753286155,2.9713114754098324,2.580207149343176,1.6627702047404902,4.22641509433964,0.534731550101318,5.320164488177396,45.383229317067375,8.059701492537318,True,3.2091315136476326,4.0,0.1160634285714286,0.1199542857142857,0.1238451428571429,2025-08-29 06:30:00+00:00,0.0966091428571428,原停損,敗,-1.0,-1.0451804672404412,-10.451804672404412,2025-08-28 00:15:00+00:00,LONG,LONG,V96強勢突破延續_驗證型,45.383229317067375,10.0,只限BTCETH加大尾單,10,進場前歷史：10日均線持有品質較高,進場前歷史：10日均線持有品質較高,0,0,,False,一般配置,0.5,0.2,0.15,0.15,-0.2833912849416634,-0.2691867875637009,,,,,2025-08-29 06:30:00+00:00,0.0966091428571428,原停損,0.0,-1.0,-1.0455936113966802,-10.451804672404403,0.0,0.0,LOSS,2026-07-29 23:45:00+00:00,0.01233,已平倉,,,新增,,,,,,,,,,,,,,3.9999999999999356,,,,,,,,,,,,,,,,CORE,45.383229317067375,9296dfb1c69e9080c2d3a340551ab1f742a18e33d39413f4bba87465d44651a8,2025-08-28 00:15:00+00:00,2025-08-28 00:00:00+00:00,0.0,,,-11.67685852821616,,,,,,,,,,,,,,,,,,,,,,
V84,壓縮早突破,Binance,MOVR/USDT:USDT,MOVR,小幣,2025-08-30 14:00:00+00:00,2025-08-30 14:15:00+00:00,6.566,6.401268571428571,0.1647314285714287,0.02508855141203606,2.067143301212316,0.8136321768498656,2.757198365366762,1.6201964762376746,3.4746376811594404,0.50357418625272,8.091959206327175,47.087644718576605,2.923709456372769,False,3.333753660917666,4.0,7.224925714285715,7.389657142857144,7.554388571428572,2025-08-31 22:45:00+00:00,6.401268571428571,原停損,敗,-1.0,-1.0702039058559625,-10.702039058559622,2025-08-30 14:15:00+00:00,LONG,LONG,V96強勢突破延續_驗證型,47.087644718576605,10.0,只限BTCETH加大尾單,5,進場前歷史：5日均線持有品質較高,進場前歷史：5日均線持有品質較高,0,0,,False,一般配置,0.5,0.2,0.15,0.15,-0.1142048537968329,-0.2513143830870195,,,,,2025-08-31 22:45:00+00:00,6.401268571428571,原停損,0.0,-1.0,-1.0708458720688219,-10.702039058559622,0.0,0.0,LOSS,2026-07-29 23:45:00+00:00,1.136,已平倉,,,新增,,,,,,,,,,,,,,4.0,,,,,,,,,,,,,,,,CORE,47.087644718576605,e239604307bc8fc15e1142b4659e1795c7b219015df7eb785c4244d9bd19f1c0,2025-08-30 14:15:00+00:00,2025-08-30 14:00:00+00:00,0.0,,,-11.833826625682788,,,,,,,,,,,,,,,,,,,,,,
V84,壓縮早突破,Binance,BTCDOM/USDT:USDT,BTCDOM,小幣,2025-08-31 23:15:00+00:00,2025-08-31 23:30:00+00:00,3831.0,3797.484,33.51599999999962,0.008748629600626489,0.477289415713833,0.5141927698200321,3.400425985090522,1.749230860253217,4.485294117647067,0.8301506786749691,26.945339539324817,48.30612551237495,0.9552643942162042,False,1.261458090924593,4.0,3965.064,3998.579999999998,4032.0959999999977,2025-09-04 00:15:00+00:00,3882.5,5日線弱化退出,勝,4.0,3.792550473456552,37.92550473456552,2025-08-31 23:30:00+00:00,LONG,LONG,V96強勢突破延續_驗證型,48.30612551237495,10.0,只限BTCETH加大尾單,10,進場前歷史：10日均線持有品質較高,短線轉弱或趨勢不夠順（效率-0.03），使用5日線,3,4,5.0,False,一般配置,0.5,0.2,0.15,0.15,-0.3746739495697709,-0.2290998604197346,2025-09-01 14:00:00+00:00,,,2025-09-08 00:00:00+00:00,2025-09-04 00:15:00+00:00,3882.5,5日線弱化退出,0.0,3.3307077216851457,2.5600518021243506,31.238550999104948,0.0,0.0,WIN,2026-07-29 23:45:00+00:00,5505.4,已平倉,,,新增,,,,,,,,,,,,,,3.9999999999999862,,,,,,,,,,,,,,,,CORE,48.30612551237495,4778b08d0982dd251aa35e404dcd72d6859a360982bd50d522a6b236349c8038,2025-08-31 23:30:00+00:00,2025-08-31 23:15:00+00:00,5.0,短線轉弱或趨勢不夠順（效率0.76），使用5日線,低追價窄停損早期趨勢,27.987962566709214,,,,,,,,,,,,,,,,,,,,,,
V84,均線假跌破站回,Binance,ETH/USDT:USDT,ETH,ETH,2025-09-09 12:15:00+00:00,2025-09-09 12:30:00+00:00,4365.09,4324.990657142857,40.0993428571428,0.009186372527746919,0.277279399771646,0.4764776561902994,1.330708290491775,2.09490758298872,4.404658439075276,0.2345633868085342,14.777798282408638,38.86879343319094,0.0309272682287753,False,2.0824747230869405,4.0,4525.487371428571,4565.586714285714,4605.686057142857,2025-09-09 13:15:00+00:00,4324.990657142857,原停損,敗,-1.0,-1.193275046263398,-11.93275046263398,2025-09-09 12:30:00+00:00,LONG,LONG,V88_ETH暴漲前布局,0.3886879343319094,,只限BTCETH加大尾單,5,進場前歷史：5日均線持有品質較高,進場前歷史：5日均線持有品質較高,0,0,,False,一般配置,0.5,0.2,0.15,0.15,0.0091254571770571,-0.1021189286717676,,,,,2025-09-09 13:15:00+00:00,4324.990657142857,原停損,0.0,-1.0,-1.195042413021375,-11.93275046263398,0.0,0.0,LOSS,2026-07-29 17:15:00+00:00,1894.78,已平倉,0.0,,核心,,,,,,,,,,,,,,4.0,,,,,False,2025-09,,False,False,-11.93275046263398,保留V94核心,,,,,CORE,0.3886879343319094,27de39589b92850f2fdf5f4b045bf0998bc2619d3e5a16845d8c808c8d8fcb79,2025-09-09 12:30:00+00:00,2025-09-09 12:15:00+00:00,0.0,,,-13.399360809178104,,,,,,,,,,,,,,,,,,,,,,
V84,壓縮早突破,Binance,AVAAI/USDT:USDT,AVAAI,小幣,2025-09-13 23:45:00+00:00,2025-09-14 00:00:00+00:00,0.02562,0.0249123428571428,0.0007076571428571,0.027621278019406663,0.7072691552062915,0.7864726700747005,2.965150249891521,1.7985674935572151,4.281553398058244,0.8309478941698129,10.570090439276475,48.45810159065553,0.3901677721420249,False,3.747301498646991,4.0,0.0284506285714285,0.0291582857142857,0.0298659428571428,2025-09-14 01:15:00+00:00,0.0249123428571428,原停損,敗,-1.0,-1.0636847976898434,-10.636847976898434,2025-09-14 00:00:00+00:00,LONG,LONG,V96強勢突破延續_驗證型,48.45810159065553,10.0,只限BTCETH加大尾單,5,進場前歷史：5日均線持有品質較高,進場前歷史：5日均線持有品質較高,0,0,,False,一般配置,0.5,0.2,0.15,0.15,0.0348443867302945,0.0023811648353251,,,,,2025-09-14 01:15:00+00:00,0.0249123428571428,原停損,0.0,-1.0,-1.0642671511627855,-10.636847976898382,0.0,0.0,LOSS,2026-07-29 23:45:00+00:00,0.007222,已平倉,,,新增,,,,,,,,,,,,,,3.9999999999995834,,,,,,,,,,,,,,,,CORE,48.45810159065553,b6972d4585adaa2c617313077091d35a3bf8bb6934e8af18a17e8bbbfec63ca5,2025-09-14 00:00:00+00:00,2025-09-13 23:45:00+00:00,0.0,,,-11.790443907478172,,,,,,,,,,,,,,,,,,,,,,
V84,壓縮早突破,Binance,USUAL/USDT:USDT,USUAL,小幣,2025-09-21 14:30:00+00:00,2025-09-21 14:45:00+00:00,0.0684,0.0660026285714285,0.0023973714285714,0.0350492898913963,2.120035831591527,2.1047917599641863,2.489164519929861,1.739075094038927,4.150127226463106,0.5823442039123936,4.930399961863001,46.89838119475422,0.2631578947368318,False,3.3200992631051154,4.0,0.0779894857142857,0.0803868571428571,0.0827842285714285,2025-09-21 17:00:00+00:00,0.0660026285714285,原停損,敗,-1.0,-1.0499990406378443,-10.499990406378444,2025-09-21 14:45:00+00:00,LONG,LONG,V96強勢突破延續_驗證型,46.89838119475422,10.0,只限BTCETH加大尾單,5,進場前歷史：5日均線持有品質較高,進場前歷史：5日均線持有品質較高,0,0,,False,一般配置,0.5,0.2,0.15,0.15,-0.1825960362428537,-0.2108998243329866,,,,,2025-09-21 17:00:00+00:00,0.0660026285714285,原停損,0.0,-1.0,-1.05045624731849,-10.499990406378426,0.0,0.0,LOSS,2026-07-29 23:45:00+00:00,0.00769,已平倉,,,新增,,,,,,,,,,,,,,3.999999999999861,,,,,,,,,,,,,,,,CORE,46.89838119475422,186ebdc7be411d963d6ac0605caa2b902194234e72157817148d9ef4289292a3,2025-09-21 14:45:00+00:00,2025-09-21 14:30:00+00:00,0.0,,,-11.513586870156171,,,,,,,,,,,,,,,,,,,,,,
V84,壓縮早突破,Binance,PROM/USDT:USDT,PROM,小幣,2025-09-25 15:45:00+00:00,2025-09-25 16:00:00+00:00,9.785,9.571971428571429,0.2130285714285715,0.021770932184831022,0.6169665809768743,1.2939958592132594,2.404491228070176,1.4919547758284488,2.8682926829268154,0.5196568390052004,12.040638412017158,46.16926751196621,0.9095554420030628,False,2.854161710858645,4.0,10.637114285714286,10.850142857142858,11.06317142857143,2025-09-25 19:00:00+00:00,9.571971428571429,原停損,敗,-1.0,-1.081038013784957,-10.810380137849569,2025-09-25 16:00:00+00:00,LONG,LONG,V96強勢突破延續_驗證型,46.16926751196621,10.0,只限BTCETH加大尾單,5,進場前歷史：5日均線持有品質較高,進場前歷史：5日均線持有品質較高,0,0,,False,一般配置,0.5,0.2,0.15,0.15,-0.0195676401513937,-0.1284522944959745,,,,,2025-09-25 19:00:00+00:00,9.571971428571429,原停損,0.0,-1.0,-1.0817790504291844,-10.810380137849563,0.0,0.0,LOSS,2026-07-29 23:45:00+00:00,1.998,已平倉,,,新增,,,,,,,,,,,,,,4.0,,,,,,,,,,,,,,,,CORE,46.16926751196621,20ad79aacd0fc22546d4db7e992af634cb00f1898419021b2373a5c25719e697,2025-09-25 16:00:00+00:00,2025-09-25 15:45:00+00:00,0.0,,,-11.732350706963476,,,,,,,,,,,,,,,,,,,,,,
V84,壓縮早突破,Binance,GPS/USDT:USDT,GPS,小幣,2025-09-30 12:45:00+00:00,2025-09-30 13:00:00+00:00,0.01075,0.0104508285714285,0.0002991714285714,0.02782990033223243,1.3195098963242111,1.5108593012275628,2.8023145946153467,1.6296885897651918,2.6168224299065352,0.2115639075571476,34.09416483621443,47.32379195758071,8.093023255813957,True,5.769466790791951,4.0,0.0119466857142857,0.0122458571428571,0.0125450285714285,2025-10-02 05:00:00+00:00,0.0125450285714285,TP3賣全部剩餘,勝,4.0,3.9323400671044446,39.323400671044446,2025-09-30 13:00:00+00:00,LONG,LONG,V96強勢突破延續_驗證型,47.32379195758071,10.0,只限BTCETH加大尾單,10,進場前歷史：10日均線持有品質較高,短線轉弱或趨勢不夠順（效率0.48），使用5日線,2,2,5.0,False,一般配置,0.5,0.2,0.15,0.15,-0.0209482161745805,0.0518454633003791,2025-10-02 02:00:00+00:00,2025-10-02 03:15:00+00:00,2025-10-02 05:00:00+00:00,2025-10-06 00:00:00+00:00,2025-10-02 05:00:00+00:00,0.0125450285714285,TP3賣全部剩餘,0.0,4.611966383343311,4.6810463637653825,45.437606714743765,0.0,0.0,WIN,2026-07-29 23:45:00+00:00,0.009653,已平倉,,,新增,,,,,,,,,,,,,,3.99999999999902,,,,,,,,,,,,,,,,CORE,47.32379195758071,ed96ca4b3153342e051374558c325be1ef89da6f710e7ef2ad2e9095d2ab4f31,2025-09-30 13:00:00+00:00,2025-09-30 12:45:00+00:00,5.0,短線轉弱或趨勢不夠順（效率0.58），使用5日線,,50.218728146652,,,,,,,,,,,,,,,,,,,,,,
V84,壓縮早突破,Binance,THETA/USDT:USDT,THETA,小幣,2025-10-01 08:15:00+00:00,2025-10-01 08:30:00+00:00,0.7008,0.6853031428571428,0.0154968571428572,0.02211309523809532,0.6608245941674973,0.878203282464729,3.0425583367198983,1.6118511383039729,3.658747300215973,0.5878581806757693,11.666881764044284,48.92874722870292,3.653489367775076,True,1.8934138972809675,4.0,0.7627874285714288,0.778284285714286,0.7937811428571432,2025-10-05 00:45:00+00:00,0.7277,5日線弱化退出,勝,4.0,3.915770489852359,39.15770489852359,2025-10-01 08:30:00+00:00,LONG,LONG,V96強勢突破延續_驗證型,48.92874722870292,10.0,只限BTCETH加大尾單,5,進場前歷史：5日均線持有品質較高,短線轉弱或趨勢不夠順（效率0.50），使用5日線,3,0,5.0,False,一般配置,0.5,0.2,0.15,0.15,-0.1458071616492618,-0.158314067475701,2025-10-03 16:30:00+00:00,2025-10-03 21:30:00+00:00,,2025-10-06 00:00:00+00:00,2025-10-05 00:45:00+00:00,0.7277,5日線弱化退出,0.0,3.6620697284241945,3.5992436655358677,35.781415995970306,0.0,0.0,WIN,2026-07-29 20:45:00+00:00,0.121,已平倉,,,新增,,,,,,,,,,,,,,4.0,,,,,,,,,,,,,,,,CORE,48.92874722870292,877978e9ed72b7608b5cc8edc360ebe1e970ac337f742183ed9628057be38d85,2025-10-01 08:30:00+00:00,2025-10-01 08:15:00+00:00,5.0,短線轉弱或趨勢不夠順（效率0.50），使用5日線,,38.600554661379356,,,,,,,,,,,,,,,,,,,,,,
V84,壓縮早突破,Binance,SIGN/USDT:USDT,SIGN,小幣,2025-10-03 19:00:00+00:00,2025-10-03 19:15:00+00:00,0.06921,0.0661600857142857,0.0030499142857142,0.044067537721634166,2.9906263948817013,2.5785417901600605,2.5526687916102944,1.5187539863925474,3.122974261201121,0.6474839301894458,21.069444574554883,46.28951880241074,0.4334007512279525,False,3.982990321923653,4.0,0.081409657142857,0.0844595714285713,0.0875094857142856,2025-10-04 10:45:00+00:00,0.0661600857142857,原停損,敗,-1.0,-1.039584421624092,-10.39584421624092,2025-10-03 19:15:00+00:00,LONG,LONG,V96強勢突破延續_驗證型,46.28951880241074,10.0,只限BTCETH加大尾單,10,進場前歷史：10日均線持有品質較高,進場前歷史：10日均線持有品質較高,0,0,,False,一般配置,0.5,0.2,0.15,0.15,-0.2392322021829356,-0.0242369879290717,,,,,2025-10-04 10:45:00+00:00,0.0661600857142857,原停損,0.0,-1.0,-1.0399463938096618,-10.395844216240915,0.0,0.0,LOSS,2026-07-29 23:45:00+00:00,0.00702,已平倉,,,,,,,,,,,,,,,,,3.9999999999999365,,,,,,,,,,,,,,新增模組已滿兩倉,新增,CORE,46.28951880241074,46f7228100c69168331f71cd388d412cd05bff6faaef0274ed2c024686618511,2025-10-03 19:15:00+00:00,2025-10-03 19:00:00+00:00,0.0,,,-11.894946703338793,,,,,,,,,,,,,,,,,,,,,,
V84,壓縮早突破,Binance,BNT/USDT:USDT,BNT,小幣,2025-10-05 23:00:00+00:00,2025-10-05 23:15:00+00:00,0.69794,0.6877798857142857,0.0101601142857142,0.014557289001510565,0.73182349629759,0.6315971621387861,3.385942516730494,1.583510631439145,3.068546158098385,0.1644914420215687,9.462491985466984,47.62348231292656,1.2395036253689762,False,1.5544938528149204,4.0,0.7385804571428571,0.7487405714285714,0.7589006857142857,2025-10-07 16:00:00+00:00,0.6877798857142857,原停損,敗,-1.0,-1.1216371091991868,-11.216371091991869,2025-10-05 23:15:00+00:00,LONG,LONG,V96強勢突破延續_驗證型,47.62348231292656,10.0,只限BTCETH加大尾單,10,進場前歷史：10日均線持有品質較高,進場前歷史：10日均線持有品質較高,0,0,,False,一般配置,0.5,0.2,0.15,0.15,-0.2049680312015276,-0.1553318103896734,,,,,2025-10-07 16:00:00+00:00,0.6877798857142857,原停損,0.0,-1.0,-1.1227493965197242,-11.216371091991869,0.0,0.0,LOSS,2026-07-29 23:45:00+00:00,0.2725,已平倉,,,,,,,,,,,,,,,,,4.0,,,,,,,,,,,,,,新增模組已滿兩倉,新增,CORE,47.62348231292656,97fc15ba4b02d3b4dc3a1f4f47c454a0f3e1459aae78f5ff4c30dd534dd03ba4,2025-10-05 23:15:00+00:00,2025-10-05 23:00:00+00:00,0.0,,,-12.908634037367023,,,,,,,,,,,,,,,,,,,,,,
V84,壓縮早突破,Bitget,H/USDT:USDT,H,小幣,2025-10-07 17:00:00+00:00,2025-10-07 17:15:00+00:00,0.06811,0.06557974272286679,0.0025295142857142,0.03714957094601693,2.1605401350337505,1.8853808169983388,2.815583377651277,1.7243612026355064,2.7372954349698446,0.6381681212835214,7.048784069217137,49.33870917614525,2.14422088412396,False,12.062828377442385,4.0,0.07823102910853279,0.08076128638566601,0.08329154366279913,2025-10-08 12:30:00+00:00,0.06557974272286679,原停損,勝,4.0,3.948418893262821,39.48418893262821,2025-10-07 17:15:00+00:00,LONG,LONG,V96強勢突破延續_驗證型,49.33870917614525,10.0,只限BTCETH加大尾單,10,歷史不足，保守使用10日均線,短線轉弱或趨勢不夠順（效率0.72），使用5日線,6,0,,False,一般配置,0.5,0.2,0.15,0.15,,,,,,,2025-10-08 12:30:00+00:00,0.06557974272286679,原停損,0.0,16.763339093897102,-1.0475527803192028,167.00375070879966,0.0,0.0,LOSS,2026-07-29 23:45:00+00:00,0.06632,已平倉,,,新增,,,,,,,,,,,,,,3.9999999999999725,,,,,,,,,,,,,,,,CORE,47.33870917614525,1370f620797eeb983c64564fbdfcf638f2c32ed09c33381ba36e70fd71e6212c,2025-10-07 17:15:00+00:00,2025-10-07 17:00:00+00:00,0.0,,,-11.908848052479073,,,,,,,,,,,,,,,,0.06809,H/USDT:USDT,1.0002937288882363,,,,
V84,壓縮早突破,Binance,GPS/USDT:USDT,GPS,小幣,2025-10-08 02:00:00+00:00,2025-10-08 02:15:00+00:00,0.01281,0.0122428571428571,0.0005671428571428,0.04427344708375486,3.3898305084745672,2.071713147410348,2.3922238094125423,1.5191629838850436,3.220000000000011,0.4847244648074461,14.352644836272017,45.084733331596645,1.3270882123341154,False,4.367746544876272,4.0,0.0150785714285714,0.0156457142857142,0.0162128571428571,2025-10-09 02:30:00+00:00,0.0162128571428571,TP3賣全部剩餘,勝,4.0,3.956144604120377,39.561446041203766,2025-10-08 02:15:00+00:00,LONG,LONG,V96強勢突破延續_驗證型,45.084733331596645,10.0,只限BTCETH加大尾單,10,進場前歷史：10日均線持有品質較高,進場前歷史：10日均線持有品質較高,0,0,,False,一般配置,0.5,0.2,0.15,0.15,-0.002418990704164,0.0669376925047426,2025-10-09 02:30:00+00:00,2025-10-09 02:30:00+00:00,2025-10-09 02:30:00+00:00,,2025-10-09 02:30:00+00:00,0.0162128571428571,TP3賣全部剩餘,0.0,3.8999999999996393,4.705068576825761,38.56233788589665,0.0,0.0,WIN,2026-07-29 23:45:00+00:00,0.009653,已平倉,,,新增,,,,,,,,,,,,,,3.9999999999996483,,,,,,,,,,,,,,,,CORE,45.084733331596645,3a5aa1b361df47666bf16e1ed2b4cb602254102e06c60907d4e73005ff73f9d8,2025-10-08 02:15:00+00:00,2025-10-08 02:00:00+00:00,5.0,短線轉弱或趨勢不夠順（效率0.69），使用5日線,,53.4754651911733,,,,,,,,,,,,,,,,,,,,,,
V84,壓縮早突破,Binance,IDOL/USDT:USDT,IDOL,小幣,2025-10-21 04:00:00+00:00,2025-10-21 04:15:00+00:00,0.02669,0.0255016571428571,0.0011883428571428,0.0445238987314686,0.8308157099697899,1.7142857142857348,2.747924626071666,1.2876407739567914,2.8546099290780105,0.4785723479638045,12.05039430659744,45.22497123065337,21.08614232209736,True,4.774558912283503,4.0,0.0314433714285714,0.0326317142857142,0.0338200571428571,2025-10-21 13:00:00+00:00,0.0338200571428571,TP3賣全部剩餘,勝,4.0,3.956371228485085,39.56371228485085,2025-10-21 04:15:00+00:00,LONG,LONG,V96強勢突破延續_驗證型,45.22497123065337,10.0,只限BTCETH加大尾單,5,進場前歷史：5日均線持有品質較高,短線轉弱或趨勢不夠順（效率0.27），使用5日線,5,0,5.0,False,一般配置,0.5,0.2,0.15,0.15,0.0899062411165723,0.0381878340537795,2025-10-21 11:45:00+00:00,2025-10-21 12:15:00+00:00,2025-10-21 13:00:00+00:00,2025-10-26 00:00:00+00:00,2025-10-21 13:00:00+00:00,0.0338200571428571,TP3賣全部剩餘,0.0,4.492000865550886,4.705297273513942,44.47933305673379,0.0,0.0,WIN,2026-07-29 23:45:00+00:00,0.01529,已平倉,,,新增,,,,,,,,,,,,,,3.9999999999998423,,,,,,,,,,,,,,,,CORE,45.22497123065337,d0e08e8eb5f2e481cd24ac16a2b23562fbdf4041438f0158f1413260c358d3df,2025-10-21 04:15:00+00:00,2025-10-21 04:00:00+00:00,5.0,短線轉弱或趨勢不夠順（效率-0.65），使用5日線,,55.44685629073062,,,,,,,,,,,,,,,,,,,,,,
V84,壓縮早突破,Binance,SKYAI/USDT:USDT,SKYAI,小幣,2025-10-23 03:30:00+00:00,2025-10-23 03:45:00+00:00,0.02411,0.0230368285714285,0.0010731714285714,0.04451146530781829,2.203389830508473,3.3419023136246784,2.294818383753664,1.7381471380069426,2.677002583979328,0.2346070830016488,51.03564867815017,45.54267878511168,5.306799336650081,False,11.547694763445492,4.0,0.0284026857142857,0.0294758571428571,0.0305490285714285,2025-10-23 12:45:00+00:00,0.0230368285714285,原停損,敗,-1.0,-1.039180738413911,-10.39180738413911,2025-10-23 03:45:00+00:00,LONG,LONG,V96強勢突破延續_驗證型,45.54267878511168,10.0,只限BTCETH加大尾單,5,進場前歷史：5日均線持有品質較高,進場前歷史：5日均線持有品質較高,0,0,,False,一般配置,0.5,0.2,0.15,0.15,-0.2935652252784839,-0.3632585863445879,,,,,2025-10-23 12:45:00+00:00,0.0230368285714285,原停損,0.0,-1.0,-1.0395390191954395,-10.39180738413908,0.0,0.0,LOSS,2026-07-29 23:45:00+00:00,0.02701,已平倉,,,,,,,,,,,,,,,,,3.999999999999725,,,,,,,,,,,,,,新增模組已滿兩倉,新增,CORE,45.54267878511168,d4e12d10a8cfa6e104871d6707937ca4478dc7ae07b3094216f902d8f1986e62,2025-10-23 03:45:00+00:00,2025-10-23 03:30:00+00:00,0.0,,,-12.826238475653867,,,,,,,,,,,,,,,,,,,,,,
,,Binance,STG/USDT:USDT,STG,,,2025-10-28 20:00:00+00:00,0.1485,0.1549321428571428,,0.04331409331409295,,,,,,,,,,,,,0.0983,0.0918678571428572,0.0790035714285715,2025-11-07 07:15:00+00:00,0.1549321428571428,原停損,LOSS,,,,,SHORT,SHORT,V72.8S核心,1078.62111781,9.584491372820448,只限BTCETH加大尾單,10,進場前歷史：10日均線持有品質較高,進場前歷史：10日均線持有品質較高,0,0,,False,一般配置,0.5,0.2,0.15,0.15,-0.1341257423526928,-0.0686746065982835,,,,,2025-11-07 07:15:00+00:00,0.1549321428571428,原停損,0.0,-1.0,-1.042456912826208,-9.987731931225412,0.0,0.0,LOSS,2026-07-29 23:45:00+00:00,0.1208,已平倉,,,核心,❌,C0007,V62_BASE,V65_CORE,CORE_PROTECTED,,,,,TP1_NOT_HIT,-9.987731931225412,0.0,,7.804553026096678,False,,2025-10-29 04:00:00+08:00,2025-11-07 15:15:00+08:00,False,,,,,-9.987731931225412,保留V94核心,,,,,CORE,1078.62111781,767df347d686c509186b0ac6e03cc56d96fcafd27da6b37d3de0933a36f2dac4,2025-10-28 20:00:00+00:00,,0.0,,核心反彈失敗空單,-12.728532577390665,,,,,,,,,,,,,,,,,,,,,,
,,Binance,2Z/USDT:USDT,2Z,,,2025-10-29 08:15:00+00:00,0.22114,0.2371233928571428,,0.07227725810410955,,,,,,,,,,,,,0.14456,0.1252396428571432,0.0932728571428577,2025-11-21 16:15:00+00:00,0.17676,10日線弱化退出,WIN,,,,,SHORT,SHORT,V72.8S核心,57.63064245315361,9.91440446360439,只限BTCETH加大尾單,5,進場前歷史：5日均線持有品質較高,進場前歷史：5日均線持有品質較高,0,0,,False,一般配置,0.5,0.2,0.15,0.15,0.2599441387941117,-0.1124218323303828,2025-11-16 16:45:00+00:00,2025-11-19 17:00:00+00:00,,,2025-11-21 16:15:00+00:00,0.17676,10日線弱化退出,0.0,0.1313863720155965,4.568996208676432,1.0591074102923237,0.0,0.0,WIN,2026-07-29 23:45:00+00:00,0.05547,已平倉,,,核心,✅,C0008,V52,V52_FLEX,FLEX_V52,,,,,NOT_USED,1.0590923131289651,0.0,"{""chase_penalty"": 0, ""freshness"": 14.0, ""own_volume"": 8.256973354647336, ""room"": 2.3736690985062765, ""side_bonus"": 8, ""structure"": 25}",4.791223032835442,True,C0009,2025-10-29 16:15:00+08:00,2025-10-30 08:00:00+08:00,False,,,,,1.0590923131289651,保留V94核心,,,,,CORE,57.63064245315361,0be8f58900c85d3968ae89fea9364976760431c3a45231b341c4e5fa5b4652a5,2025-10-29 08:15:00+00:00,,10.0,趨勢完整且順暢（效率0.69），使用10日線,核心反彈失敗空單,55.776437688099335,,,,,,,,,,,,,,,,,,,,,,
,,Binance,MAV/USDT:USDT,MAV,,,2025-10-30 00:00:00+00:00,0.03514,0.0371791071428571,,0.05802809171477233,,,,,,,,,,,,,0.01074,0.0087008928571429,0.0046226785714287,2025-11-09 12:00:00+00:00,0.0371791071428571,原停損,LOSS,,,,,SHORT,SHORT,V72.8S核心,1076.80795772,9.584491372820448,只限BTCETH加大尾單,10,進場前歷史：10日均線持有品質較高,進場前歷史：10日均線持有品質較高,0,0,,False,一般配置,0.5,0.2,0.15,0.15,-0.1642135759096218,-0.0085001441228179,,,,,2025-11-09 12:00:00+00:00,0.0371791071428571,原停損,0.0,-1.0,-1.0319194587967429,-9.887650965272908,0.0,0.0,LOSS,2026-07-29 23:45:00+00:00,0.00798,已平倉,,,核心,❌,C0011,V62_BASE,V65_CORE,CORE_PROTECTED,,,,,TP1_NOT_HIT,-9.887650965272908,0.0,,11.966021543042551,False,,2025-10-30 08:00:00+08:00,2025-11-09 20:00:00+08:00,False,,,,,-9.887650965272908,保留V94核心,,,,,CORE,1076.80795772,cb0f6848f204eee4e87a094b2726ef6f38eec7968a3aa38cbdaa53b115612820,2025-10-30 00:00:00+00:00,,0.0,,核心反彈失敗空單,-12.5956822383084,,,,,,,,,,,,,,,,,,,,,,
,,Binance,INIT/USDT:USDT,INIT,,,2025-10-30 00:00:00+00:00,0.1546,0.1645678571428571,,0.06447514322676011,,,,,,,,,,,,,0.0623,0.0523321428571428,0.0323964285714286,2026-02-11 10:15:00+00:00,0.072,10日線弱化退出,WIN,,,,,SHORT,SHORT,V72.8S核心,1074.39601069,9.584491372820448,只限BTCETH加大尾單,10,進場前歷史：10日均線持有品質較高,短線轉弱或趨勢不夠順（效率0.35），使用5日線,2,1,5.0,False,一般配置,0.5,0.2,0.15,0.15,0.0046260644302248,0.0844977448115923,2026-02-05 20:15:00+00:00,,,2026-02-08 00:00:00+00:00,2026-02-11 10:15:00+00:00,0.072,10日線弱化退出,0.0,8.848441418846317,8.753177714081001,84.61829317985224,0.0,0.0,WIN,2026-07-29 23:45:00+00:00,0.04799,已平倉,,,核心,✅,C0010,V62_BASE,V65_CORE,CORE_PROTECTED,2026-02-05T20:15:00+00:00,,,,NOT_USED,88.56412229476133,0.0,,9.259763525618085,False,,2025-10-30 08:00:00+08:00,2026-02-06 04:15:00+08:00,False,,,,,88.56412229476133,保留V94核心,,,,,CORE,1074.39601069,bcb73c45275054bc8b9b3fb9eac9777ab1a639fb4c2be78ca69a6b5e9d1e048f,2025-10-30 00:00:00+00:00,,10.0,趨勢完整且順暢（效率1.00），使用10日線,核心反彈失敗空單,106.84190914527892,,,,,,,,,,,,,,,,,,,,,,
,,Binance,G/USDT:USDT,G,,,2025-10-30 08:15:00+00:00,0.006976,0.0073684464285714,,0.05625665547181753,,,,,,,,,,,,,0.00524,0.0046213214285716,0.0038364285714288,2025-11-20 12:45:00+00:00,0.00551,5日線弱化退出,WIN,,,,,SHORT,SHORT,V72.8S核心,53.81272584557961,9.920752718572462,只限BTCETH加大尾單,10,進場前歷史：10日均線持有品質較高,進場前歷史：10日均線持有品質較高,0,0,,False,一般配置,0.5,0.2,0.15,0.15,-0.0271167816235389,0.0531835581994239,2025-11-19 17:00:00+00:00,,,,2025-11-20 12:45:00+00:00,0.00551,5日線弱化退出,0.0,4.01583473631554,4.051213068207977,39.56108437740728,0.0,0.0,WIN,2026-07-29 23:45:00+00:00,0.003305,已平倉,,,核心,✅,C0012,V52,V52_FLEX,FLEX_V52,,,,,NOT_USED,39.56105944041166,0.0,"{""chase_penalty"": 0, ""freshness"": 14.0, ""own_volume"": 5.5421247626292205, ""room"": 1.270601082950388, ""side_bonus"": 8, ""structure"": 25}",4.423533694317119,True,C0016,2025-10-30 16:15:00+08:00,2025-11-17 00:00:00+08:00,False,,,,,39.56105944041166,保留V94核心,,,,,CORE,53.81272584557961,35be6ec84c2a298f4749b0c0a8919bfe37f5cd7b1b2ca4cdadbd6e5867da2a0d,2025-10-30 08:15:00+00:00,,5.0,短線轉弱或趨勢不夠順（效率0.20），使用5日線,核心反彈失敗空單,49.43482253129636,,,,,,,,,,,,,,,,,,,,,,
V84,壓縮早突破,Binance,BNB/USDT:USDT,BNB,小幣,2025-11-07 17:15:00+00:00,2025-11-07 17:30:00+00:00,966.99,924.7688,42.22119999999995,0.0436624990951302,1.314893394101313,2.1853072956293795,2.761582698654256,1.5911701993745972,3.723744292237448,0.5947670296625738,9.654391632639536,47.11148823909628,3.012409513960712,True,2.960824062477501,4.0,1135.8747999999998,1178.0959999999998,1220.3171999999995,2025-11-13 18:15:00+00:00,924.7688,原停損,敗,-1.0,-1.039959902910235,-10.399599029102353,2025-11-07 17:30:00+00:00,LONG,LONG,V96強勢突破延續_驗證型,47.11148823909628,10.0,只限BTCETH加大尾單,5,進場前歷史：5日均線持有品質較高,進場前歷史：5日均線持有品質較高,0,0,,False,一般配置,0.5,0.2,0.15,0.15,-0.0239067277574044,-0.0497879050797863,,,,,2025-11-13 18:15:00+00:00,924.7688,原停損,0.0,0.7770977613142208,-1.0403253086127349,7.355529631904741,0.0,0.0,LOSS,2026-07-29 19:45:00+00:00,568.85,已平倉,,,新增,,,,,,,,,,,,,,4.0,,,,,,,,,,,,,,,,CORE,47.11148823909628,6b7f4e184a9e0ad282d7ecb5e4ddc46527545983acf718f880c1baa99c47babf,2025-11-07 17:30:00+00:00,2025-11-07 17:15:00+00:00,0.0,,,-12.562732984306058,,,,,,,,,,,,,,,,,,,,,,
V84,壓縮早突破,Binance,ASTER/USDT:USDT,ASTER,小幣,2025-11-11 01:00:00+00:00,2025-11-11 01:15:00+00:00,1.1056,1.059358,0.0462419999999998,0.04182525325615041,2.180944459846579,1.4403669724770474,2.5198535395058883,1.6740369786555047,2.7704280155642054,0.4749089786022711,10.54020154837596,47.75731081395735,3.1111513068644348,False,6.327496301432885,4.0,1.2905679999999995,1.3368099999999994,1.3830519999999993,2025-11-11 13:45:00+00:00,1.059358,原停損,敗,-1.0,-1.0417543858472729,-10.41754385847273,2025-11-11 01:15:00+00:00,LONG,LONG,V96強勢突破延續_驗證型,47.75731081395735,10.0,只限BTCETH加大尾單,5,進場前歷史：5日均線持有品質較高,進場前歷史：5日均線持有品質較高,0,0,,False,一般配置,0.5,0.2,0.15,0.15,-0.2150847872015713,-0.4019473753442608,,,,,2025-11-11 13:45:00+00:00,1.059358,原停損,0.0,-1.0,-1.0421362008563644,-10.417543858472731,0.0,0.0,LOSS,2026-07-29 23:45:00+00:00,0.5988,已平倉,,,新增,,,,,,,,,,,,,,4.0,,,,,,,,,,,,,,,,CORE,47.75731081395735,a5940765fcd56d590a62d6d0360dd4baf64ac62f0f427760ba4df8b12f9fbdc4,2025-11-11 01:15:00+00:00,2025-11-11 01:00:00+00:00,0.0,,,-12.452715622411862,,,,,,,,,,,,,,,,,,,,,,
V84,壓縮早突破,Binance,TRX/USDT:USDT,TRX,小幣,2025-11-12 02:00:00+00:00,2025-11-12 02:15:00+00:00,0.2992680228571429,0.2957626428571429,0.0035053800000000024,0.011713179264973837,0.4936033041200716,0.903573836817273,1.7718683365534866,1.1968827267157052,3.254290171606888,0.1780033141236723,7.425956765935202,38.45182665907906,0.5012028869286311,False,1.2,4.0,0.3132895428571429,0.3167894285714286,0.3202893142857143,2025-11-12 15:45:00+00:00,0.2957626428571429,原停損,敗,-1.0,-1.151638964016957,-11.516389640169573,2025-11-12 02:15:00+00:00,LONG,LONG,V85暴漲前布局,0.2469393999505606,,只限BTCETH加大尾單,10,進場前歷史：10日均線持有品質較高,進場前歷史：10日均線持有品質較高,0,0,,False,一般配置,0.5,0.2,0.15,0.15,-0.1490459660435295,-0.1145281792346739,,,,,2025-11-12 15:45:00+00:00,0.2957626428571429,原停損,0.0,-1.0,-1.152773051464565,-11.516389640169573,0.0,0.0,LOSS,2026-07-29 18:00:00+00:00,0.32572,已平倉,0.0,,,,,,,,,,,,,,,,4.0,,,,,False,2025-11,0.2469393999505606,False,False,-11.516389640169573,保留V94核心,,,LONG連敗冷卻中,核心,CORE,0.2469393999505606,83132ffecf5d1783e9132b56cda836f222146667e99aef8b74dfff7b61534d0f,2025-11-12 02:15:00+00:00,2025-11-12 02:00:00+00:00,0.0,,,-13.631188234882968,0.29929,0.2992680228571429,2025-11-12 02:15:00+00:00,2025-11-12 02:15:00+00:00,0.2957901142857143,0.2959,2025-11-12 00:00:00+00:00,0.0009157142857142737,0.15,0.2957626428571429,0.15698471786818047,0.3132895428571429,4.0,0.2992680228571429,等回踩重新定價,,,,,,,
,,Binance,SOPH/USDT:USDT,SOPH,,,2025-11-16 13:45:00+00:00,0.019017,0.0200397142857142,,0.053778949661576474,,,,,,,,,,,,,0.012095,0.0110722857142858,0.0090268571428574,2025-12-19 18:45:00+00:00,0.014429,10日線弱化退出,WIN,,,,,SHORT,SHORT,V72.8S核心,69.74010003626856,9.72383258965892,只限BTCETH加大尾單,10,進場前歷史：10日均線持有品質較高,短線轉弱或趨勢不夠順（效率-0.43），使用5日線,1,1,5.0,False,一般配置,0.5,0.2,0.15,0.15,-0.1128102717369782,0.0205242571227885,2025-12-18 05:30:00+00:00,,,2025-12-20 00:00:00+00:00,2025-12-19 18:45:00+00:00,0.014429,10日線弱化退出,0.0,4.290054476882607,5.598776686688554,41.430464630906805,0.0,0.0,WIN,2026-07-29 23:45:00+00:00,0.003929,已平倉,,,核心,✅,C0014,V52,V52_FLEX,FLEX_V52,2025-12-18T05:30:00+00:00,,,,NOT_USED,65.54962112425723,0.0,"{""chase_penalty"": 0, ""freshness"": 14.0, ""own_volume"": 3.4353088643171823, ""room"": 8.304791171951372, ""side_bonus"": 8, ""structure"": 36}",6.768263723984365,False,,2025-11-16 21:45:00+08:00,2025-12-18 13:30:00+08:00,False,,,,,65.54962112425723,保留V94核心,,,,,CORE,69.74010003626856,1d0912a0c56c0a8d3ffd0a38473f092fb98c6d1f177427248eb7d190e4acf3df,2025-11-16 13:45:00+00:00,,10.0,趨勢完整且順暢（效率0.79），使用10日線,核心反彈失敗空單,64.75121636427683,,,,,,,,,,,,,,,,,,,,,,
,,Binance,SOLV/USDT:USDT,SOLV,,,2025-11-16 16:00:00+00:00,0.01411,0.0149926785714285,,0.06255695049103482,,,,,,,,,,,,,0.00278,0.0018973214285714,0.0001319642857144,2025-11-18 10:15:00+00:00,0.0149926785714285,原停損,LOSS,,,,,SHORT,SHORT,V72.8S核心,1077.10846397,9.38567294844242,只限BTCETH加大尾單,10,進場前歷史：10日均線持有品質較高,進場前歷史：10日均線持有品質較高,0,0,,False,一般配置,0.5,0.2,0.15,0.15,-0.0808343006945015,-0.0005270192535655,,,,,2025-11-18 10:15:00+00:00,0.0149926785714285,原停損,0.0,-1.0,-1.0296737811045946,-9.66165766350154,0.0,0.0,LOSS,2026-07-29 23:45:00+00:00,0.002279,已平倉,,,核心,❌,C0015,V62_BASE,V65_CORE,CORE_PROTECTED,,,,,TP1_NOT_HIT,-9.661657663501538,0.0,,12.835929597411498,False,,2025-11-17 00:00:00+08:00,2025-11-18 18:15:00+08:00,False,,,,,-9.661657663501538,保留V94核心,,,,,CORE,1077.10846397,581e868cd5361feb832216eaa3d402c2f8c60d4630a47ba6f4dbcc927568ca8a,2025-11-16 16:00:00+00:00,,0.0,,核心反彈失敗空單,-11.906435233219241,,,,,,,,,,,,,,,,,,,,,,
,,Binance,DIA/USDT:USDT,DIA,,,2025-11-18 13:30:00+00:00,0.3783,0.4057821428571428,,0.07264642573920906,,,,,,,,,,,,,0.2161,0.1886178571428572,0.1336535714285716,2026-02-07 18:15:00+00:00,0.2061,5日線弱化退出,WIN,,,,,SHORT,SHORT,V72.8S核心,60.67754886828224,10.437150324853905,只限BTCETH加大尾單,5,進場前歷史：5日均線持有品質較高,進場前歷史：5日均線持有品質較高,0,0,,False,一般配置,0.5,0.2,0.15,0.15,0.0150426812635081,-0.054268651704628,2026-01-31 17:00:00+00:00,2026-02-05 15:30:00+00:00,,,2026-02-07 18:15:00+00:00,0.2061,5日線弱化退出,0.0,0.9424301494476968,6.223823596491245,9.588793982779922,0.0,0.0,WIN,2026-07-29 23:45:00+00:00,0.1171,已平倉,,,核心,✅,C0018,V52,V52_FLEX,FLEX_V52,,,,,NOT_USED,9.58877825073336,0.0,"{""chase_penalty"": 0, ""freshness"": 14.0, ""own_volume"": 1.9715059832919388, ""room"": 5.706042884990301, ""side_bonus"": 8, ""structure"": 31}",5.902014294996767,True,C0019,2025-11-18 21:30:00+08:00,2025-11-21 04:00:00+08:00,False,,,,,9.58877825073336,保留V94核心,,,,,CORE,60.67754886828224,e9a702ef3f0a442231ab083515af4600fe7ae4c74d9c192f1f41b58db75d3871,2025-11-18 13:30:00+00:00,,5.0,短線轉弱或趨勢不夠順（效率0.30），使用5日線,核心反彈失敗空單,73.0439975367956,,,,,,,,,,,,,,,,,,,,,,
,,Binance,XRP/USDT:USDT,XRP,,,2025-11-20 20:00:00+00:00,2.0058,2.163332142857143,,0.07853831032861863,,,,,,,,,,,,,1.1792,1.0216678571428568,0.7066035714285703,2025-11-24 17:15:00+00:00,2.163332142857143,原停損,LOSS,,,,,SHORT,SHORT,V72.8S核心,1056.98734904,9.7044379124456,只限BTCETH加大尾單,10,進場前歷史：10日均線持有品質較高,進場前歷史：10日均線持有品質較高,0,0,,False,一般配置,0.5,0.2,0.15,0.15,-0.096053284423799,-0.007074875165094,,,,,2025-11-24 17:15:00+00:00,2.163332142857143,原停損,0.0,-1.0,-1.02381875127525,-9.933490973366435,0.0,0.0,LOSS,2026-07-29 17:30:00+00:00,1.0747,已平倉,,,核心,❌,C0019,V62_BASE,V65_CORE,FLEX_CORE,,,,,TP1_NOT_HIT,-9.93349097336644,0.0,,5.247183114557106,False,,2025-11-21 04:00:00+08:00,2025-11-25 01:15:00+08:00,False,,,,,-9.93349097336644,保留V94核心,,,,,CORE,1056.98734904,ce01ea2f135a0f4fc26c379e03912e612553437469d668dfd9e6c741b13761a3,2025-11-20 20:00:00+00:00,,0.0,,核心反彈失敗空單,-12.709622998432536,,,,,,,,,,,,,,,,,,,,,,
V84,壓縮早突破,Binance,KNC/USDT:USDT,KNC,小幣,2025-11-21 20:00:00+00:00,2025-11-21 20:15:00+00:00,0.2777,0.2659948571428571,0.0117051428571428,0.04215031637429929,0.6159420289854944,2.3212969786293502,3.241443331813613,1.780285011709173,4.443820224719091,0.8199346568445898,6.082796328842021,49.02831766555295,0.0360100828231901,False,2.6059809050218177,4.0,0.3245205714285714,0.3362257142857143,0.3479308571428571,2025-11-24 14:45:00+00:00,0.2659948571428571,原停損,敗,-1.0,-1.0414254982404818,-10.41425498240482,2025-11-21 20:15:00+00:00,LONG,LONG,V96強勢突破延續_驗證型,49.02831766555295,10.0,只限BTCETH加大尾單,10,進場前歷史：10日均線持有品質較高,進場前歷史：10日均線持有品質較高,0,0,,False,一般配置,0.5,0.2,0.15,0.15,-0.2588840804776812,-0.1791642918437221,,,,,2025-11-24 14:45:00+00:00,0.2659948571428571,原停損,0.0,-1.0,-1.0418043057996482,-10.414254982404817,0.0,0.0,LOSS,2026-07-29 21:15:00+00:00,0.1019,已平倉,,,,,,,,,,,,,,,,,3.9999999999999765,,,,,,,,,,,,,,當下已滿五倉,新增,CORE,49.02831766555295,f2c56ee8894efe950d0741f17546659fa6a6d0771db2f8a3fa103bf62941796c,2025-11-21 20:15:00+00:00,2025-11-21 20:00:00+00:00,0.0,,,-13.019378546793927,,,,,,,,,,,,,,,,,,,,,,
V84,壓縮早突破,Binance,1000CHEEMS/USDT:USDT,CHEEMS,小幣,2025-11-27 09:00:00+00:00,2025-11-27 09:15:00+00:00,0.0011333,0.0011164917142857,1.680828571428588e-05,0.014831276550163218,0.8632965468138298,0.701972631953085,3.229267081422667,1.801902309697497,3.4940978077572145,0.345868704744418,20.680276734263508,49.34538140197345,5.761934174534544,True,1.894922201303767,4.0,0.0012005331428571,0.0012173414285714,0.0012341497142857,2025-11-28 03:00:00+00:00,0.0012341497142857,TP3賣全部剩餘,勝,4.0,3.876167222151579,38.76167222151579,2025-11-27 09:15:00+00:00,LONG,LONG,V85暴漲前布局,0.2377589057152838,,只限BTCETH加大尾單,10,進場前歷史：10日均線持有品質較高,短線轉弱或趨勢不夠順（效率0.30），使用5日線,3,2,5.0,False,一般配置,0.5,0.2,0.15,0.15,-0.024452240009211,-0.0035919277086407,2025-11-27 23:00:00+00:00,2025-11-28 01:15:00+00:00,2025-11-28 03:00:00+00:00,2025-12-02 00:00:00+00:00,2025-11-28 03:00:00+00:00,0.0012341497142857,TP3賣全部剩餘,0.0,4.459545462266478,4.624359856952465,43.35302841234856,0.0,0.0,WIN,2026-07-29 23:45:00+00:00,0.0004696,已平倉,2.0,成交量瞬間過熱、空間數值異常,核心,,,,,,,,,,,,,,3.9999999999940528,,,,,False,2025-11,0.2377589057152838,False,False,38.76167222151579,保留V94核心,,,,,CORE,0.2377589057152838,213e5d9157a3a409875d88a399d2cc461c1d0531c188e9b92822e619d1f87d70,2025-11-27 09:15:00+00:00,2025-11-27 09:00:00+00:00,5.0,短線轉弱或趨勢不夠順（效率0.46），使用5日線,,56.60718061103797,,,,,,,,,,,,,,,,,,,,,,
V84,壓縮早突破,Binance,STORJ/USDT:USDT,STORJ,小幣,2025-11-28 08:00:00+00:00,2025-11-28 08:15:00+00:00,0.15598645714285714,0.15361535714285715,0.002371099999999987,0.015200678593709336,1.1010362694300335,1.1010362694300335,2.745616236393864,1.8998034233612515,3.544303797468337,0.1467202443297141,34.80149631953673,47.96488000056182,0.8327994875080291,False,3.0529039977221544,4.0,0.1654708571428571,0.1678385714285714,0.1702062857142856,2025-11-28 16:15:00+00:00,0.15361535714285715,原停損,敗,-1.0,-1.1166288996657687,-11.166288996657688,2025-11-28 08:15:00+00:00,LONG,LONG,V85暴漲前布局,0.2393905232843475,,只限BTCETH加大尾單,10,進場前歷史：10日均線持有品質較高,進場前歷史：10日均線持有品質較高,0,0,,False,一般配置,0.5,0.2,0.15,0.15,-0.2177528586032853,-0.1862359377705966,,,,,2025-11-28 16:15:00+00:00,0.15361535714285715,原停損,0.0,-1.0,-1.1175157660398736,-11.166288996657672,0.0,0.0,LOSS,2026-07-29 23:00:00+00:00,0.04952,已平倉,1.0,空間數值異常,核心,,,,,,,,,,,,,,4.0,,,,,False,2025-11,0.2393905232843475,False,False,-11.166288996657688,保留V94核心,,,,,CORE,0.2393905232843475,435081995b354757b81822a347a3e82f4949a05deda50b78856660d78d2845ae,2025-11-28 08:15:00+00:00,2025-11-28 08:00:00+00:00,0.0,,,-14.312199294096542,0.156,0.15598645714285714,2025-11-28 08:15:00+00:00,2025-11-28 08:15:00+00:00,0.1536322857142857,0.1537,2025-11-28 06:30:00+00:00,0.0005642857142857176,0.15,0.15361535714285715,0.14299505249044664,0.1654708571428571,4.0,0.15598645714285714,等回踩重新定價,,,,,,,
V84,壓縮早突破,Binance,FIDA/USDT:USDT,FIDA,小幣,2025-11-29 11:30:00+00:00,2025-11-29 11:45:00+00:00,0.04834,0.0475782857142857,0.0007617142857142,0.0157574324723687,0.960133583802958,0.8969545264914558,2.972652798558857,1.6725178818882849,2.951351351351335,0.4363238975965312,18.07764441110269,48.477588301266366,0.5168492867479779,False,3.720660653873936,4.0,0.0513868571428571,0.0521485714285714,0.0529102857142857,2025-11-29 16:15:00+00:00,0.0475782857142857,原停損,敗,-1.0,-1.1123048576241434,-11.123048576241434,2025-11-29 11:45:00+00:00,LONG,LONG,V96強勢突破延續_驗證型,48.477588301266366,10.0,只限BTCETH加大尾單,10,進場前歷史：10日均線持有品質較高,進場前歷史：10日均線持有品質較高,0,0,,False,一般配置,0.5,0.2,0.15,0.15,-0.281239980410182,-0.1880935036489689,,,,,2025-11-29 16:15:00+00:00,0.0475782857142857,原停損,0.0,-1.0,-1.1133318079519854,-11.123048576241414,0.0,0.0,LOSS,2026-07-29 23:45:00+00:00,0.01724,已平倉,,,,,,,,,,,,,,,,,3.9999999999998543,,,,,,,,,,,,,,當下已滿五倉,新增,CORE,48.477588301266366,092fcea97befb61b3d27caa084ca917608ea83471f11535f09cd98083e0dc5c5,2025-11-29 11:45:00+00:00,2025-11-29 11:30:00+00:00,0.0,,,-14.099272420964759,,,,,,,,,,,,,,,,,,,,,,
,,Binance,GMT/USDT:USDT,GMT,,,2025-11-30 20:00:00+00:00,0.01715,0.0181558928571428,,0.05865264473135875,,,,,,,,,,,,,0.01099,0.0099841071428571,0.0079723214285715,2025-12-05 13:00:00+00:00,0.0181558928571428,原停損,LOSS,,,,,SHORT,SHORT,V72.8S核心,1065.07497211,9.605082057392115,只限BTCETH加大尾單,10,進場前歷史：10日均線持有品質較高,進場前歷史：10日均線持有品質較高,0,0,,False,一般配置,0.5,0.2,0.15,0.15,-0.0927010815233767,0.0091152850752569,,,,,2025-12-05 13:00:00+00:00,0.0181558928571428,原停損,0.0,-1.0,-1.0315891532043333,-9.905749073917894,0.0,0.0,LOSS,2026-07-29 23:45:00+00:00,0.006325,已平倉,,,核心,❌,C0020,V62_BASE,V65_CORE,FLEX_CORE,,,,,TP1_NOT_HIT,-9.905749073917892,0.0,,6.123912657554033,False,,2025-12-01 04:00:00+08:00,2025-12-05 21:00:00+08:00,False,,,,,-9.905749073917892,保留V94核心,,,,,CORE,1065.07497211,d63950eac31d7ed80b4ff6ad6c798207f9d73f5d7b2f3ccc8abfa1c750f4e020,2025-11-30 20:00:00+00:00,,0.0,,核心反彈失敗空單,-12.918634056502281,,,,,,,,,,,,,,,,,,,,,,
,,Binance,FLOW/USDT:USDT,FLOW,,,2025-12-08 16:00:00+00:00,0.211,0.2261964285714285,,0.07202098849018247,,,,,,,,,,,,,0.118,0.1028035714285715,0.0724107142857145,2026-01-03 12:15:00+00:00,0.092,5日線弱化退出,WIN,,,,,SHORT,SHORT,V72.8S核心,1069.44006229,9.505997072731684,只限BTCETH加大尾單,10,進場前歷史：10日均線持有品質較高,短線轉弱或趨勢不夠順（效率0.11），使用5日線,8,0,5.0,False,一般配置,0.5,0.2,0.15,0.15,-0.1787442623474855,-0.0697608113797457,2025-12-27 10:30:00+00:00,2025-12-27 11:00:00+00:00,,2026-01-04 00:00:00+00:00,2026-01-03 12:15:00+00:00,0.092,5日線弱化退出,0.0,6.773913043478292,6.778716186839043,64.21479809178588,0.0,0.0,WIN,2026-07-29 23:45:00+00:00,0.02791,已平倉,,,核心,✅,C0021,V62_BASE,V65_CORE,FLEX_CORE,2025-12-27T10:30:00+00:00,,,,NOT_USED,57.99181718128603,0.0,,6.119858989424236,False,,2025-12-09 00:00:00+08:00,2025-12-27 18:30:00+08:00,False,,,,,57.99181718128603,保留V94核心,,,,,CORE,1069.44006229,1234edd2dfb470a9dcc9a6b8edd0be1a9016edca7611694829389a8fcd261ae3,2025-12-08 16:00:00+00:00,,5.0,短線轉弱或趨勢不夠順（效率-0.11），使用5日線,核心反彈失敗空單,84.01442842635232,,,,,,,,,,,,,,,,,,,,,,
V84,壓縮早突破,Binance,SIGN/USDT:USDT,SIGN,小幣,2025-12-10 13:00:00+00:00,2025-12-10 13:15:00+00:00,0.03929559428571429,0.03865246428571428,0.0006431300000000056,0.016366465800819106,0.8983572895277181,0.8983572895277181,2.2975747482770106,1.7027716430529578,3.322957198443564,0.21358523859611,9.392105380267864,45.52089869502904,2.2894937674891924,False,2.771901847605956,3.9999999999999782,0.0418681142857143,0.0425101428571428,0.0431521714285714,2025-12-10 22:15:00+00:00,0.03865246428571428,原停損,敗,-1.0,-1.1082917590572685,-11.082917590572684,2025-12-10 13:15:00+00:00,LONG,LONG,V96強勢突破延續_驗證型,45.52089869502904,10.0,只限BTCETH加大尾單,10,進場前歷史：10日均線持有品質較高,進場前歷史：10日均線持有品質較高,0,0,,False,一般配置,0.5,0.2,0.15,0.15,-0.2677298607868382,-0.1129894210339659,,,,,2025-12-10 22:15:00+00:00,0.03865246428571428,原停損,0.0,-1.0,-1.1090809831826927,-11.082917590572638,0.0,0.0,LOSS,2026-07-29 23:45:00+00:00,0.00702,已平倉,,,,,,,,,,,,,,,,,3.9999999999999782,,,,,,,,,,,,,,當下已滿五倉,新增,CORE,45.52089869502904,6b233fb7f623e8724b3704b67994e0fd1afeb4cc072633cf26fea05fb1536655,2025-12-10 13:15:00+00:00,2025-12-10 13:00:00+00:00,0.0,,,-13.744071643713069,0.0393,0.03929559428571429,2025-12-10 13:15:00+00:00,2025-12-10 13:15:00+00:00,0.0386579714285714,0.03868,2025-12-10 10:30:00+00:00,0.00018357142857142926,0.15,0.03865246428571428,0.17155444795129426,0.0418681142857143,3.9999999999999782,0.03929559428571429,等回踩重新定價,,,,,,,
V84,壓縮早突破,Binance,TRADOOR/USDT:USDT,TRADOOR,小幣,2025-12-18 02:30:00+00:00,2025-12-18 02:45:00+00:00,1.221,1.1682514285714285,0.0527485714285715,0.04320112320112333,2.518891687657443,1.4119601328903777,2.2251627328434176,1.5650689722711884,2.9509803921568705,0.712916076283477,103.45303867403284,46.22023543572972,6.060606060606055,False,14.902179411590266,4.0,1.4319942857142864,1.484742857142858,1.5374914285714296,2025-12-18 04:00:00+00:00,1.1682514285714285,原停損,敗,-1.0,-1.040396188131016,-10.40396188131016,2025-12-18 02:45:00+00:00,LONG,LONG,V96強勢突破延續_驗證型,46.22023543572972,10.0,只限BTCETH加大尾單,5,進場前歷史：5日均線持有品質較高,進場前歷史：5日均線持有品質較高,0,0,,False,一般配置,0.5,0.2,0.15,0.15,0.0137257143987001,-0.0619791421995113,,,,,2025-12-18 04:00:00+00:00,1.1682514285714285,原停損,0.0,-1.0,-1.040765583360416,-10.40396188131016,0.0,0.0,LOSS,2026-07-29 23:45:00+00:00,0.5212,已平倉,,,,,,,,,,,,,,,,,4.0,,,,,,,,,,,,,,當下已滿五倉,新增,CORE,46.22023543572972,0441dbfa8609c8d9a877a0f87592eb27ca0745141f0c020cfccef079d20e229a,2025-12-18 02:45:00+00:00,2025-12-18 02:30:00+00:00,0.0,,,-12.754442692751429,,,,,,,,,,,,,,,,,,,,,,
V84,壓縮早突破,Binance,PROVE/USDT:USDT,PROVE,小幣,2025-12-26 13:45:00+00:00,2025-12-26 14:00:00+00:00,0.3941,0.3875805714285714,0.0065194285714286,0.016542574400986096,0.6641123882503264,1.337104654152732,2.98260940415697,2.2074470939162376,3.609374999999972,0.3430062849492179,18.16110088526588,50.94841771288291,1.4717076884039448,False,2.674253591595679,4.0,0.4201777142857145,0.4266971428571431,0.4332165714285717,2026-01-02 22:00:00+00:00,0.4332165714285717,TP3賣全部剩餘,勝,4.0,3.888608448889142,38.88608448889142,2025-12-26 14:00:00+00:00,LONG,LONG,V85暴漲前布局,0.2226874792424081,,只限BTCETH加大尾單,10,進場前歷史：10日均線持有品質較高,短線轉弱或趨勢不夠順（效率0.19），使用5日線,1,5,5.0,False,一般配置,0.5,0.2,0.15,0.15,-0.3169307019649556,-0.1808311863270049,2026-01-02 12:30:00+00:00,2026-01-02 16:45:00+00:00,2026-01-02 22:00:00+00:00,2026-01-08 00:00:00+00:00,2026-01-02 22:00:00+00:00,0.4332165714285717,TP3賣全部剩餘,0.0,4.992887194320264,4.636914850118326,48.80610142030973,0.0,0.0,WIN,2026-07-29 23:45:00+00:00,0.1654,已平倉,2.0,成交量瞬間過熱、量能堆積過頭,核心,,,,,,,,,,,,,,4.0,,,,,False,2025-12,0.2226874792424081,False,False,38.88608448889142,保留V94核心,,,,,CORE,0.2226874792424081,afd88d9b5a42c0e57c9268bc9114432a988bf6cbe98c2df6ce1eca5fffe48184,2025-12-26 14:00:00+00:00,2025-12-26 13:45:00+00:00,5.0,短線轉弱或趨勢不夠順（效率0.25），使用5日線,單標的量能堆積加高結構分,59.24479053461239,,,,,,,,,,,,,,,,,,,,,,
,,Binance,LQTY/USDT:USDT,LQTY,,,2025-12-29 12:00:00+00:00,0.3586,0.3787571428571428,,0.056210660505138926,,,,,,,,,,,,,0.2124,0.1922428571428572,0.1519285714285715,2025-12-31 21:00:00+00:00,0.3787571428571428,原停損,LOSS,,,,,SHORT,SHORT,V72.8S核心,1066.62260713,10.085898460672052,只限BTCETH加大尾單,5,進場前歷史：5日均線持有品質較高,進場前歷史：5日均線持有品質較高,0,0,,False,一般配置,0.5,0.2,0.15,0.15,-0.0533477461667946,-0.0749545021220741,,,,,2025-12-31 21:00:00+00:00,0.3787571428571428,原停損,0.0,-1.0,-1.0329223954642097,-10.4149415269121,0.0,0.0,LOSS,2026-07-29 23:45:00+00:00,0.1936,已平倉,,,核心,❌,C0023,V62_BASE,V65_CORE,FLEX_CORE,,,,,TP1_NOT_HIT,-10.4149415269121,0.0,,7.253012048192784,False,,2025-12-29 20:00:00+08:00,2026-01-01 05:00:00+08:00,False,,,,,-10.4149415269121,保留V94核心,,,,,CORE,1066.62260713,64ad5f607b0d737ad67c16fc29da26947e4b043f8934cd49b4e5a28006e96fff,2025-12-29 12:00:00+00:00,,0.0,,核心反彈失敗空單,-13.809186707335927,,,,,,,,,,,,,,,,,,,,,,
,,Binance,DOGS/USDT:USDT,DOGS,,,2026-01-01 00:00:00+00:00,3.82e-05,4.093928571428572e-05,,0.07170905011219167,,,,,,,,,,,,,2.22e-05,1.946071428571428e-05,1.3982142857142835e-05,2026-01-01 10:00:00+00:00,4.093928571428572e-05,原停損,LOSS,,,,,SHORT,SHORT,V72.8S核心,1064.37844183,9.981718956687992,只限BTCETH加大尾單,10,進場前歷史：10日均線持有品質較高,進場前歷史：10日均線持有品質較高,0,0,,False,一般配置,0.5,0.2,0.15,0.15,-0.0515200702093359,0.0152809248903311,,,,,2026-01-01 10:00:00+00:00,4.093928571428572e-05,原停損,0.0,-1.0,-1.0260014341590613,-10.238906165608116,0.0,0.0,LOSS,2026-07-29 23:45:00+00:00,3.379e-05,已平倉,,,核心,❌,C0024,V62_BASE,V65_CORE,FLEX_CORE,,,,,TP1_NOT_HIT,-10.238906165608116,0.0,,5.840938722294638,False,,2026-01-01 08:00:00+08:00,2026-01-01 18:00:00+08:00,False,,,,,-10.238906165608116,保留V94核心,,,,,CORE,1064.37844183,c6ce58e2653e5ee65a11bc82cf90cea9e19e8c515c5e27348ab6a444d4f395ae,2026-01-01 00:00:00+00:00,,0.0,,核心反彈失敗空單,-13.574977605711094,,,,,,,,,,,,,,,,,,,,,,
V84,壓縮早突破,Binance,LIT/USDT:USDT,LIT,小幣,2026-01-04 19:15:00+00:00,2026-01-04 19:30:00+00:00,2.67,2.575854285714286,0.0941457142857138,0.03526056714820743,2.024446142093206,1.7523809523809497,3.062215675859897,1.7855164102451593,2.899182561307891,0.4185464405490557,18.258929926254226,49.708317044157454,4.455260202171485,False,5.473204104903084,4.0,3.046582857142856,3.140728571428569,3.234874285714283,2026-01-05 19:00:00+00:00,3.234874285714283,TP3賣全部剩餘,勝,4.0,3.9458466682028592,39.45846668202859,2026-01-04 19:30:00+00:00,LONG,LONG,V96強勢突破延續_驗證型,49.708317044157454,10.0,只限BTCETH加大尾單,10,歷史不足，保守使用10日均線,短線轉弱或趨勢不夠順（效率0.51），使用5日線,5,0,5.0,False,一般配置,0.5,0.2,0.15,0.15,,,2026-01-05 16:00:00+00:00,2026-01-05 19:00:00+00:00,2026-01-05 19:00:00+00:00,2026-01-10 00:00:00+00:00,2026-01-05 19:00:00+00:00,3.234874285714283,TP3賣全部剩餘,0.0,4.382762283390493,4.694676473399902,43.28267587080908,0.0,0.0,WIN,2026-07-29 23:45:00+00:00,2.1794,已平倉,,,,,,,,,,,,,,,,,4.00000000000001,,,,,,,,,,,,,,當下已滿五倉,新增,CORE,49.708317044157454,abd8be1ff181ea638de61c1d50f41baf7326ed5916b6052a6e3bbef6c04cd74f,2026-01-04 19:30:00+00:00,2026-01-04 19:15:00+00:00,5.0,短線轉弱或趨勢不夠順（效率0.05），使用5日線,,65.43002741232463,,,,,,,,,,,,,,,,,,,,,,
V84,均線假跌破站回,Binance,IN/USDT:USDT,IN,小幣,2026-01-07 23:45:00+00:00,2026-01-08 00:00:00+00:00,0.07578,0.0742873999999999,0.0014926,0.01969648983900889,1.1074049366244232,1.6090104585679832,3.397072499738349,1.9757447084211728,3.206611570247917,0.2113424439978432,12.03269462682559,46.157023221783874,1.7286883082607618,False,2.72004600565486,4.0,0.0817504,0.083243,0.0847356,2026-01-08 07:00:00+00:00,0.0742873999999999,原停損,敗,-1.0,-1.089666899906815,-10.896668999068153,2026-01-08 00:00:00+00:00,LONG,LONG,V85暴漲前布局,0.2000026499194896,,只限BTCETH加大尾單,10,進場前歷史：10日均線持有品質較高,進場前歷史：10日均線持有品質較高,0,0,,False,一般配置,0.5,0.2,0.15,0.15,-0.1676891651985232,-0.0373308962446236,,,,,2026-01-08 07:00:00+00:00,0.0742873999999999,原停損,0.0,-1.0,-1.0904868417526405,-10.896668999068105,0.0,0.0,LOSS,2026-07-29 23:45:00+00:00,0.03386,已平倉,2.0,成交量瞬間過熱、八根已追高,核心,,,,,,,,,,,,,,3.999999999999749,,,,,False,2026-01,0.2000026499194896,False,False,-10.896668999068153,保留V94核心,,,,,CORE,0.2000026499194896,201f993342108d7449d9e1ba2e55e6c97b7b7257f19ba63ebc7f52c66b5ca1f6,2026-01-08 00:00:00+00:00,2026-01-07 23:45:00+00:00,0.0,,,-15.911695608883422,,,,,,,,,,,,,,,,,,,,,,
V84,均線假跌破站回,Binance,LQTY/USDT:USDT,LQTY,小幣,2026-01-11 03:45:00+00:00,2026-01-11 04:00:00+00:00,0.4041,0.4002037142857143,0.0038962857142857,0.009641884964824897,0.5971634735008724,0.4222553402881246,3.333540748988849,1.4655269722226636,3.484716157205225,0.3409797309157674,9.1882378822321,43.118702387033935,5.070492208755884,True,1.976644330985004,4.0,0.419685142857143,0.4235814285714287,0.4274777142857144,2026-01-11 21:00:00+00:00,0.4048280352317085,含成本保本,勝,4.0,3.8114387741169744,38.11438774116974,2026-01-11 04:00:00+00:00,LONG,LONG,V85暴漲前布局,0.2134645762140418,,只限BTCETH加大尾單,5,進場前歷史：5日均線持有品質較高,進場前歷史：5日均線持有品質較高,0,0,,False,一般配置,0.5,0.2,0.15,0.15,-0.2094156742898117,-0.2409136055156153,2026-01-11 11:00:00+00:00,2026-01-11 11:00:00+00:00,,,2026-01-11 21:00:00+00:00,0.4048280352317085,含成本保本,0.0,3.0,3.1070608839920792,28.1233061881343,0.0,0.0,WIN,2026-07-29 23:45:00+00:00,0.1936,已平倉,1.0,成交量瞬間過熱,核心,,,,,,,,,,,,,,4.0,,,,,False,2026-01,0.2134645762140418,False,False,38.11438774116974,保留V94核心,,,,,CORE,0.2134645762140418,d62b50fd788c0cdb5297c6b7543e1d66dbffd44cf999109971602119b0a4579c,2026-01-11 04:00:00+00:00,2026-01-11 03:45:00+00:00,5.0,短線轉弱或趨勢不夠順（效率-0.27），使用5日線,低追價窄停損早期趨勢,44.84188497076422,,,,,,,,,,,,,,,,,,,,,,
V84,壓縮早突破,Binance,ZKC/USDT:USDT,ZKC,小幣,2026-01-11 10:45:00+00:00,2026-01-11 11:00:00+00:00,0.1168,0.1154605714285714,0.0013394285714285,0.011467710371820226,0.6890611541774394,0.6890611541774394,1.7178245736841082,2.6975528290350668,3.956521739130464,0.4137868496658342,23.06953924914694,49.94382484741938,0.4277159965782706,False,4.913665474805794,4.0,0.1221577142857142,0.1234971428571428,0.1248365714285713,2026-01-11 18:30:00+00:00,0.1154605714285714,原停損,敗,-1.0,-1.1546483054362833,-11.546483054362833,2026-01-11 11:00:00+00:00,LONG,LONG,V85暴漲前布局,0.2004929283226179,,只限BTCETH加大尾單,10,進場前歷史：10日均線持有品質較高,進場前歷史：10日均線持有品質較高,0,0,,False,一般配置,0.5,0.2,0.15,0.15,-0.1783305365193598,-0.1493096735617826,,,,,2026-01-11 18:30:00+00:00,0.1154605714285714,原停損,0.0,-1.0,-1.1560624573378804,-11.546483054362788,0.0,0.0,LOSS,2026-07-29 23:45:00+00:00,0.03797,已平倉,2.0,量能堆積過頭、空間數值異常,核心,,,,,,,,,,,,,,3.9999999999998446,,,,,False,2026-01,0.2004929283226179,False,False,-11.546483054362833,保留V94核心,,,,,CORE,0.2004929283226179,44047fb3683e698facf145168cd9a26c72e17fe88e7eb9e9c6e5f1092be14e33,2026-01-11 11:00:00+00:00,2026-01-11 10:45:00+00:00,0.0,,單標的量能堆積加高結構分,-16.669010607706685,,,,,,,,,,,,,,,,,,,,,,
V84,壓縮早突破,Binance,ASR/USDT:USDT,ASR,小幣,2026-01-14 03:00:00+00:00,2026-01-14 03:15:00+00:00,1.6188474285714285,1.5980464285714286,0.020800999999999847,0.01284926524444366,0.6840796019900397,0.3097893432465914,2.37885989010989,2.084610805860805,3.617977528089848,0.5306231145881876,22.058621164166844,50.07886340949906,1.6059295861643008,False,5.460360109947804,4.000000000000021,1.7020514285714283,1.7228142857142854,1.7435771428571425,2026-01-15 05:45:00+00:00,1.7435771428571425,TP3賣全部剩餘,勝,4.0,3.857348047869828,38.57348047869828,2026-01-14 03:15:00+00:00,LONG,LONG,V85暴漲前布局,0.2017737029373556,,只限BTCETH加大尾單,5,進場前歷史：5日均線持有品質較高,趨勢完整且順暢（效率0.42），使用10日線,0,3,,False,一般配置,0.5,0.2,0.15,0.15,-0.1417838349941459,-0.1551279385380225,2026-01-15 05:45:00+00:00,2026-01-15 05:45:00+00:00,2026-01-15 05:45:00+00:00,,2026-01-15 05:45:00+00:00,1.7435771428571425,TP3賣全部剩餘,0.0,3.9,4.604265129423746,37.57437232339474,0.0,0.0,WIN,2026-07-29 23:45:00+00:00,0.817,已平倉,2.0,量能堆積過頭、空間數值異常,核心,,,,,,,,,,,,,,4.000000000000021,,,,,False,2026-01,0.2017737029373556,False,False,38.57348047869828,保留V94核心,,,,,CORE,0.2017737029373556,a007152d4835da471e447b0dd2eab21ef196efeeebf8f61e3f7d47757f033dcd,2026-01-14 03:15:00+00:00,2026-01-14 03:00:00+00:00,10.0,趨勢完整且順暢（效率0.59），使用10日線,單標的量能堆積加高結構分,67.74706743582489,1.619,1.6188474285714285,2026-01-14 03:15:00+00:00,2026-01-14 03:15:00+00:00,1.598237142857143,1.599,2026-01-14 02:00:00+00:00,0.006357142857142902,0.15,1.5980464285714286,0.18370716939546394,1.7020514285714283,4.000000000000021,1.6188474285714285,等回踩重新定價,,,,,,,
V84,壓縮早突破,Binance,PARTI/USDT:USDT,PARTI,小幣,2026-01-16 00:00:00+00:00,2026-01-16 00:15:00+00:00,0.10454,0.1018311428571428,0.0027088571428571,0.025912159392167528,1.0438816934080777,0.3262955854126614,3.21075542551949,1.5752017351632523,3.9108695652174017,0.4849930135952573,4.230566395949807,47.36631145171688,1.5209489190740388,False,3.457979352885887,4.0,0.1153754285714285,0.1180842857142856,0.1207931428571428,2026-01-16 04:45:00+00:00,0.1018311428571428,原停損,敗,-1.0,-1.0679441548787407,-10.679441548787407,2026-01-16 00:15:00+00:00,LONG,LONG,V96強勢突破延續_驗證型,47.36631145171688,10.0,只限BTCETH加大尾單,10,進場前歷史：10日均線持有品質較高,進場前歷史：10日均線持有品質較高,0,0,,False,一般配置,0.5,0.2,0.15,0.15,-0.0737388731254144,-0.0607548597632282,,,,,2026-01-16 04:45:00+00:00,0.1018311428571428,原停損,0.0,-1.0,-1.0685654572302488,-10.679441548787391,0.0,0.0,LOSS,2026-07-29 23:45:00+00:00,0.02507,已平倉,,,,,,,,,,,,,,,,,3.9999999999999027,,,,,,,,,,,,,,當下已滿五倉,新增,CORE,47.36631145171688,bbd96273b7a3895142e2e7f8632b3c69d155a43207194a92c139b53823382418,2026-01-16 00:15:00+00:00,2026-01-16 00:00:00+00:00,0.0,,,-16.446773085853422,,,,,,,,,,,,,,,,,,,,,,
V84,均線假跌破站回,Binance,EPIC/USDT:USDT,EPIC,小幣,2026-01-21 10:30:00+00:00,2026-01-21 10:45:00+00:00,0.5951,0.5854242857142857,0.0096757142857142,0.016258972081522823,0.4556962025316302,1.0526315789473717,1.21456926588259,1.71964859619055,2.5477477477477475,0.1735116481480543,28.556031300753148,37.49318589503471,0.772849462365599,False,3.6750605189560734,4.0,0.6338028571428569,0.6434785714285711,0.6531542857142854,2026-01-21 12:15:00+00:00,0.5854242857142857,原停損,敗,-1.0,-1.1088130852319664,-11.088130852319663,2026-01-21 10:45:00+00:00,LONG,LONG,V85暴漲前布局,0.2075161958230445,,只限BTCETH加大尾單,10,進場前歷史：10日均線持有品質較高,進場前歷史：10日均線持有品質較高,0,0,,False,一般配置,0.5,0.2,0.15,0.15,-0.1103659557474004,-0.0948854696226157,,,,,2026-01-21 12:15:00+00:00,0.5854242857142857,原停損,0.0,-1.0,-1.1098081057138645,-11.088130852319662,0.0,0.0,LOSS,2026-07-29 23:45:00+00:00,0.7237,已平倉,2.0,結構太窄、空間數值異常,,,,,,,,,,,,,,,4.0,,,,,False,2026-01,0.2075161958230445,False,False,-11.088130852319663,保留V94核心,,,LONG連敗冷卻中,核心,CORE,0.2075161958230445,d11e0cab0c763767e5e7dc5089ecba49aefcc777894e20fccd97cc5327b8b649,2026-01-21 10:45:00+00:00,2026-01-21 10:30:00+00:00,0.0,,,-16.899029676392487,,,,,,,,,,,,,,,,,,,,,,
V84,壓縮早突破,Binance,USTC/USDT:USDT,USTC,小幣,2026-01-25 00:30:00+00:00,2026-01-25 00:45:00+00:00,0.006614,0.0065131885714285,0.0001008114285714,0.015242127089733968,0.4709099194895927,0.8078036884621165,2.5605183367097544,2.628874214598216,3.969512195121958,0.591134792839412,12.76640970411519,54.69858184473848,0.8164499546416737,False,2.7811274907363868,4.0,0.0070172457142857,0.0071180571428571,0.0072188685714285,2026-01-25 08:30:00+00:00,0.0065131885714285,原停損,敗,-0.0198390205192039,-0.1368449802845558,-1.368449802845559,2026-01-25 00:45:00+00:00,LONG,LONG,V85暴漲前布局,0.2054669132141631,,只限BTCETH加大尾單,10,進場前歷史：10日均線持有品質較高,進場前歷史：10日均線持有品質較高,0,0,,False,一般配置,0.5,0.2,0.15,0.15,-0.1045696432090109,-0.0527392641170884,,,,,2026-01-25 08:30:00+00:00,0.0065131885714285,原停損,0.0,-0.0198390205192039,-1.117193753542598,-1.368449802845559,0.0,0.0,LOSS,2026-07-29 23:45:00+00:00,0.004884,已平倉,1.0,量能堆積過頭,核心,,,,,,,,,,,,,,3.999999999997006,,,,,True,2026-01,0.2054669132141631,False,False,-1.368449802845559,保留V94核心,,,,,CORE,0.2054669132141631,e59c9e949798ca1b70e8ca36c2bfbefde75d0fef2e57881ddc5c781807d154b2,2026-01-25 00:45:00+00:00,2026-01-25 00:30:00+00:00,0.0,,單標的量能堆積加高結構分,-16.822695909814037,,,,,,,,,,,,,,,,,,,,,,
,,Binance,KMNO/USDT:USDT,KMNO,,,2026-01-25 01:30:00+00:00,0.04539,0.0479783928571428,,0.05702561923645744,,,,,,,,,,,,,0.02889,0.0263016071428571,0.0211248214285715,2026-02-14 00:45:00+00:00,0.02961,10日線弱化退出,WIN,,,,,SHORT,SHORT,V72.8S核心,69.85460100820775,11.744353811646963,只限BTCETH加大尾單,5,進場前歷史：5日均線持有品質較高,短線轉弱或趨勢不夠順（效率0.14），使用5日線,5,4,5.0,False,一般配置,0.5,0.2,0.15,0.15,0.0013485010887926,-0.0212779452210866,2026-02-05 17:15:00+00:00,2026-02-06 00:00:00+00:00,,2026-02-14 00:00:00+00:00,2026-02-14 00:45:00+00:00,0.02961,10日線弱化退出,0.0,6.509706795446845,6.52940551741994,76.15313483023603,0.0,0.0,WIN,2026-07-29 23:45:00+00:00,0.01803,已平倉,,,核心,✅,C0028,V52,V52_FLEX,FLEX_V52,2026-02-05T17:15:00+00:00,,,,NOT_USED,74.56508926035121,0.0,"{""chase_penalty"": 0, ""freshness"": 14.0, ""own_volume"": 9.730765202757604, ""room"": 7.123835805450146, ""side_bonus"": 8, ""structure"": 31}",6.3746119351501855,False,,2026-01-25 09:30:00+08:00,2026-02-06 01:15:00+08:00,False,,,,,74.56508926035121,保留V94核心,,,,,CORE,69.85460100820775,32563969136b671fb9c33d8af70548ed6b2ce19ad42b2187c99fdccc52a1f0fe,2026-01-25 01:30:00+00:00,,10.0,趨勢完整且順暢（效率0.46），使用10日線,核心反彈失敗空單,98.2616889440865,,,,,,,,,,,,,,,,,,,,,,
,,Binance,STRK/USDT:USDT,STRK,,,2026-01-25 08:00:00+00:00,0.0702,0.0736035714285714,,0.048483923483923004,,,,,,,,,,,,,0.0375,0.0340964285714286,0.0272892857142858,2026-03-10 13:15:00+00:00,0.03969,10日線弱化退出,WIN,,,,,SHORT,SHORT,V72.8S核心,1079.0,10.37529204373737,只限BTCETH加大尾單,10,進場前歷史：10日均線持有品質較高,短線轉弱或趨勢不夠順（效率0.09），使用5日線,1,3,5.0,False,一般配置,0.5,0.2,0.15,0.15,-0.0601085925313525,-0.014234760912314,2026-03-07 22:30:00+00:00,,,2026-03-11 00:00:00+00:00,2026-03-10 13:15:00+00:00,0.03969,10日線弱化退出,0.0,9.294648478489076,9.25706575026242,96.1389974912456,0.0,0.0,WIN,2026-07-29 23:45:00+00:00,0.02641,已平倉,,,核心,✅,C0029,V62_BASE,V65_CORE,FLEX_CORE,2026-03-07T22:30:00+00:00,,,,NOT_USED,99.38839033125504,0.0,,9.60755508919212,False,,2026-01-25 16:00:00+08:00,2026-03-08 06:30:00+08:00,False,,,,,99.38839033125504,保留V94核心,,,,,CORE,1079.0,0b0c0eca63a5bb76a86acf75112ab370e53d95fa57494ed0d543795ca2bc05d0,2026-01-25 08:00:00+00:00,,10.0,趨勢完整且順暢（效率0.35），使用10日線,核心反彈失敗空單,139.2885392057799,,,,,,,,,,,,,,,,,,,,,,
V84,壓縮早突破,Binance,PUNDIX/USDT:USDT,PUNDIX,小幣,2026-02-13 03:45:00+00:00,2026-02-13 04:00:00+00:00,0.1658,0.1639177142857143,0.0018822857142856,0.011352748578321456,0.8510638297872353,0.4237288135592987,2.3083563803665124,1.6930221337675653,2.6250000000000027,0.4898486295821332,45.1047358834248,47.736997109935096,5.786618444846292,True,2.0253877979542767,4.0,0.1733291428571428,0.1752114285714285,0.1770937142857142,2026-02-14 19:00:00+00:00,0.1770937142857142,TP3賣全部剩餘,勝,4.0,3.839317418617542,38.393174186175415,2026-02-13 04:00:00+00:00,LONG,LONG,V96強勢突破延續_驗證型,47.736997109935096,10.0,只限BTCETH加大尾單,10,進場前歷史：10日均線持有品質較高,短線轉弱或趨勢不夠順（效率0.15），使用5日線,4,1,5.0,False,一般配置,0.5,0.2,0.15,0.15,-0.1677557546555963,-0.0540975028773737,2026-02-13 10:00:00+00:00,2026-02-13 10:15:00+00:00,2026-02-14 19:00:00+00:00,2026-02-18 00:00:00+00:00,2026-02-14 19:00:00+00:00,0.1770937142857142,TP3賣全部剩餘,0.0,4.0992258652094735,4.587173087431693,39.384547897653775,0.0,0.0,WIN,2026-07-29 23:45:00+00:00,0.07449,已平倉,,,,,,,,,,,,,,,,,4.0,,,,,,,,,,,,,,當下已滿五倉,新增,CORE,47.736997109935096,58442c016b2be354c98c3013a9242a6d3d34f9d5d5165d95a7896d54906cfba7,2026-02-13 04:00:00+00:00,2026-02-13 03:45:00+00:00,5.0,短線轉弱或趨勢不夠順（效率-0.17），使用5日線,,80.01235869020026,,,,,,,,,,,,,,,,,,,,,,
V84,壓縮早突破,Binance,GUA/USDT:USDT,GUA,小幣,2026-02-15 16:45:00+00:00,2026-02-15 17:00:00+00:00,0.14528,0.1409483428571428,0.0043316571428571,0.029815921963499362,0.6719312829038593,0.9376302264203272,3.3207750269106566,1.6602878443567357,4.934232715008403,0.7364316937087857,8.65257770038523,46.35956409967219,3.681277093511337,True,3.193263347083544,4.0,0.1626066285714285,0.1669382857142856,0.1712699428571427,2026-02-18 05:00:00+00:00,0.1409483428571428,原停損,敗,-1.0,-1.058931540778434,-10.58931540778434,2026-02-15 17:00:00+00:00,LONG,LONG,V96強勢突破延續_驗證型,46.35956409967219,10.0,只限BTCETH加大尾單,10,進場前歷史：10日均線持有品質較高,進場前歷史：10日均線持有品質較高,0,0,,False,一般配置,0.5,0.2,0.15,0.15,-0.2236806620006168,0.0206209974341531,,,,,2026-02-18 05:00:00+00:00,0.1409483428571428,原停損,0.0,-1.0,-1.0594704290011074,-10.589315407784332,0.0,0.0,LOSS,2026-07-29 23:45:00+00:00,0.04942,已平倉,,,新增,,,,,,,,,,,,,,3.9999999999999423,,,,,,,,,,,,,,,,CORE,46.35956409967219,5f44ecda19d659fa8a371408749981ba756c5d53b726d740cbb0c19b5e4c6141,2026-02-15 17:00:00+00:00,2026-02-15 16:45:00+00:00,0.0,,,-19.57025218546289,,,,,,,,,,,,,,,,,,,,,,
V84,壓縮早突破,Binance,XAG/USDT:USDT,XAG,小幣,2026-02-18 13:15:00+00:00,2026-02-18 13:30:00+00:00,76.35093142857143,75.25332142857143,1.097610000000003,0.014375856056541366,1.2193505632869472,0.8451076191733797,2.329486060346319,1.996910454751099,2.67296786389412,0.1530353046527538,41.42995017867871,47.833940526576576,2.566452795600349,False,3.602844358029369,3.9999999999999742,80.74137142857141,81.83671428571427,82.93205714285712,2026-02-20 19:00:00+00:00,82.93205714285712,TP3賣全部剩餘,勝,1.4059524741111828,1.2803516524340923,12.803516524340925,2026-02-18 13:30:00+00:00,LONG,LONG,V85暴漲前布局,0.2034766739344294,,只限BTCETH加大尾單,10,進場前歷史：10日均線持有品質較高,進場前歷史：10日均線持有品質較高,0,0,,False,一般配置,0.5,0.2,0.15,0.15,-0.1340407983483683,-0.0666376463505473,2026-02-20 09:00:00+00:00,2026-02-20 14:45:00+00:00,2026-02-20 19:00:00+00:00,,2026-02-20 19:00:00+00:00,82.93205714285712,TP3賣全部剩餘,0.0,1.4059524741111828,4.618967314307549,12.803516524340925,0.0,0.0,WIN,2026-07-29 23:45:00+00:00,58.3,已平倉,2.0,結構太窄、空間數值異常,核心,,,,,,,,,,,,,,3.9999999999999742,,,,,True,2026-02,0.2034766739344294,False,False,12.803516524340925,保留V94核心,,,,,CORE,0.2034766739344294,08801ffc0074be4078a8b00dc9731fa3e0a7734ad37f12b10548489478f1ad98,2026-02-18 13:30:00+00:00,2026-02-18 13:15:00+00:00,5.0,短線轉弱或趨勢不夠順（效率0.05），使用5日線,,84.41637564074438,76.36,76.35093142857143,2026-02-18 13:30:00+00:00,2026-02-18 13:30:00+00:00,75.26465714285715,75.31,2026-02-18 12:45:00+00:00,0.3778571428571423,0.15,75.25332142857143,0.20698020189438004,80.74137142857141,3.9999999999999742,76.35093142857143,等回踩重新定價,,,,,,,
V84,壓縮早突破,Binance,BTCDOM/USDT:USDT,BTCDOM,小幣,2026-02-18 20:00:00+00:00,2026-02-18 20:15:00+00:00,5068.020171428572,5027.801071428572,40.21910000000025,0.007935860284601689,0.5874764314776293,0.4857641367277399,2.47599664791093,2.7754499381459907,3.77269478198715,0.5020715781934519,5.146875910644864,54.97265675865492,0.1578500818847361,False,1.2,3.9999999999999547,5228.896571428571,5269.095714285714,5309.294857142857,2026-02-25 11:00:00+00:00,5027.801071428572,原停損,敗,-1.0,-1.2239864877680184,-12.239864877680183,2026-02-18 20:15:00+00:00,LONG,LONG,V85暴漲前布局,0.2134926135912438,,只限BTCETH加大尾單,5,進場前歷史：5日均線持有品質較高,進場前歷史：5日均線持有品質較高,0,0,,False,一般配置,0.5,0.2,0.15,0.15,-0.0541706223985119,-0.0827638964805321,,,,,2026-02-25 11:00:00+00:00,5027.801071428572,原停損,0.0,-1.0,-1.2259185093294322,-12.239864877680189,0.0,0.0,LOSS,2026-07-29 23:45:00+00:00,5505.4,已平倉,1.0,量能堆積過頭,核心,,,,,,,,,,,,,,3.9999999999999547,,,,,False,2026-02,0.2134926135912438,False,False,-12.239864877680183,保留V94核心,,,,,CORE,0.2134926135912438,2763ba507134a64a27bf4e411889419eef52639b4a5da446a9c98e9956e797bd,2026-02-18 20:15:00+00:00,2026-02-18 20:00:00+00:00,0.0,,單標的量能堆積加高結構分,-22.390894322094688,5068.1,5068.020171428572,2026-02-18 20:15:00+00:00,2026-02-18 20:15:00+00:00,5027.900857142858,5029.3,2026-02-18 18:45:00+00:00,9.992857142857051,0.15,5027.801071428572,0.04964569251741935,5228.896571428571,3.9999999999999547,5068.020171428572,等回踩重新定價,,,,,,,
,,Binance,SIGN/USDT:USDT,SIGN,,,2026-02-19 12:00:00+00:00,0.02567,0.0275455357142857,,0.0730633312927815,,,,,,,,,,,,,0.00685,0.0049744642857143,0.0012233928571428,2026-02-21 14:45:00+00:00,0.0275455357142857,原停損,LOSS,,,,,SHORT,SHORT,V72.8S核心,1073.87564777,11.260916258148416,只限BTCETH加大尾單,5,進場前歷史：5日均線持有品質較高,進場前歷史：5日均線持有品質較高,0,0,,False,一般配置,0.5,0.2,0.15,0.15,-0.0540911647676767,-0.0733568483853897,,,,,2026-02-21 14:45:00+00:00,0.0275455357142857,原停損,0.0,-1.0,-1.0255361610968297,-11.54587111453743,0.0,0.0,LOSS,2026-07-29 23:45:00+00:00,0.00702,已平倉,,,核心,❌,C0031,V62_BASE,V65_CORE,FLEX_CORE,,,,,TP1_NOT_HIT,-11.545871114537428,0.0,,10.034466342949703,False,,2026-02-19 20:00:00+08:00,2026-02-21 22:45:00+08:00,False,,,,,-11.545871114537428,保留V94核心,,,,,CORE,1073.87564777,299f8076fa5730b9aa57e9eb92530d07db3fd6bac4ef07e89b385253fdc2669a,2026-02-19 12:00:00+00:00,,0.0,,核心反彈失敗空單,-18.709750963956782,,,,,,,,,,,,,,,,,,,,,,
V84,壓縮早突破,Binance,IO/USDT:USDT,IO,小幣,2026-02-20 01:00:00+00:00,2026-02-20 01:15:00+00:00,0.1097,0.10774,0.00196,0.017866909753874234,1.105990783410138,1.105990783410138,2.645534815410357,1.6093097921813126,3.399999999999997,0.7683156810679183,32.29591836734687,48.7298803233636,4.19325432999087,True,3.5473188793137087,4.0,0.11754,0.1195,0.12146,2026-02-21 02:45:00+00:00,0.12146,TP3賣全部剩餘,勝,4.0,3.896600617947643,38.96600617947643,2026-02-20 01:15:00+00:00,LONG,LONG,V96強勢突破延續_驗證型,48.7298803233636,10.0,只限BTCETH加大尾單,10,進場前歷史：10日均線持有品質較高,短線轉弱或趨勢不夠順（效率-0.01），使用5日線,1,2,5.0,False,一般配置,0.5,0.2,0.15,0.15,-0.2560999043874843,-0.163279498019592,2026-02-20 12:15:00+00:00,2026-02-21 02:00:00+00:00,2026-02-21 02:45:00+00:00,2026-02-23 00:00:00+00:00,2026-02-21 02:45:00+00:00,0.12146,TP3賣全部剩餘,0.0,4.060714285714276,4.6449801020408055,39.57260755948206,0.0,0.0,WIN,2026-07-29 23:45:00+00:00,0.1287,已平倉,,,,,,,,,,,,,,,,,3.999999999999993,,,,,,,,,,,,,,當下已滿五倉,新增,CORE,48.7298803233636,0df6b84296477bef6d3b2b9d43db3928c81fdd1b1b83862fc1b63d54a9ef4a1a,2026-02-20 01:15:00+00:00,2026-02-20 01:00:00+00:00,5.0,短線轉弱或趨勢不夠順（效率-0.33），使用5日線,,84.73198609188793,,,,,,,,,,,,,,,,,,,,,,
,,Binance,TOWNS/USDT:USDT,TOWNS,,,2026-02-22 16:00:00+00:00,0.003525,0.0037500535714285,,0.06384498480241142,,,,,,,,,,,,,0.00231,0.0020849464285714,0.0016348392857144,2026-03-06 00:30:00+00:00,0.0037500535714285,原停損,LOSS,,,,,SHORT,SHORT,V72.8S核心,1056.17156683,11.14543148985027,只限BTCETH加大尾單,10,進場前歷史：10日均線持有品質較高,進場前歷史：10日均線持有品質較高,0,0,,False,一般配置,0.5,0.2,0.15,0.15,0.0505775782275913,0.0938406201791709,,,,,2026-03-06 00:30:00+00:00,0.0037500535714285,原停損,0.0,-1.0,-1.0290932873125536,-11.466750490158931,0.0,0.0,LOSS,2026-07-29 23:45:00+00:00,0.001975,已平倉,,,核心,❌,C0032,V62_BASE,V65_CORE,FLEX_CORE,,,,,TP1_NOT_HIT,-11.466750490158937,0.0,,5.3987145917655734,False,,2026-02-23 00:00:00+08:00,2026-03-06 08:30:00+08:00,False,,,,,-11.466750490158937,保留V94核心,,,,,CORE,1056.17156683,a66e954eb2dd154d452581c07f6dc9cfd87114561bc0d60ee4cddcf3405d7088,2026-02-22 16:00:00+00:00,,0.0,,核心反彈失敗空單,-20.334574944072592,,,,,,,,,,,,,,,,,,,,,,
V84,壓縮早突破,Binance,VELVET/USDT:USDT,VELVET,小幣,2026-02-23 16:00:00+00:00,2026-02-23 16:15:00+00:00,0.08075883999999997,0.07823275,0.002526089999999967,0.031279424023425394,1.6742195367573045,2.3052564914502804,2.636363636363636,1.6699217354219256,3.300699300699296,0.474612445189062,23.7588090901893,46.604657385965325,5.59613717964591,True,4.23969115321759,4.000000000000022,0.0908631999999999,0.0933889999999999,0.0959147999999999,2026-02-24 13:45:00+00:00,0.0959147999999999,TP3賣全部剩餘,勝,4.0,3.939400886567117,39.39400886567117,2026-02-23 16:15:00+00:00,LONG,LONG,V96強勢突破延續_驗證型,46.604657385965325,10.0,只限BTCETH加大尾單,10,進場前歷史：10日均線持有品質較高,短線轉弱或趨勢不夠順（效率0.21），使用5日線,2,2,5.0,False,一般配置,0.5,0.2,0.15,0.15,-0.3081601397592252,-0.182392868373632,2026-02-24 13:45:00+00:00,2026-02-24 13:45:00+00:00,2026-02-24 13:45:00+00:00,2026-02-28 00:00:00+00:00,2026-02-24 13:45:00+00:00,0.0959147999999999,TP3賣全部剩餘,0.0,4.171993031910657,4.688093159388653,41.11240527404436,0.0,0.0,WIN,2026-07-29 23:45:00+00:00,0.4457,已平倉,,,,,,,,,,,,,,,,,4.000000000000022,,,,,,,,,,,,,,當下已滿五倉,新增,CORE,46.604657385965325,99a9afa2aab167cef9fd4ab442e41f6d12ef504c7b15446ff5a1b4740934c81c,2026-02-23 16:15:00+00:00,2026-02-23 16:00:00+00:00,5.0,短線轉弱或趨勢不夠順（效率0.97），使用5日線,,92.62225736511832,0.08076,0.08075883999999997,2026-02-23 16:15:00+00:00,2026-02-23 16:15:00+00:00,0.0782342,0.07834,2026-02-23 14:15:00+00:00,0.0007150000000000013,0.15,0.07823275,0.011481510807365147,0.0908631999999999,4.000000000000022,0.08075883999999997,等回踩重新定價,,,,,,,
V84,均線假跌破站回_延後一根確認,Binance,A/USDT:USDT,A,小幣,2026-02-25 11:45:00+00:00,2026-02-25 12:00:00+00:00,0.0809928,0.08015499999999999,0.0008378000000000135,0.010344129354708239,0.3717472118959231,0.496277915632759,1.7308834624996183,1.6058574765981513,4.000000000000066,0.4795686304693252,42.79891304347823,38.688668184660855,4.691358024691361,True,2.576673650603627,3.999999999999934,0.084344,0.08518,0.086016,2026-02-26 10:45:00+00:00,0.08113871836652987,含成本保本,勝,4.0,3.800372197455276,38.00372197455276,2026-02-25 11:45:00+00:00,LONG,LONG,V85暴漲前布局,0.2018532939907971,,只限BTCETH加大尾單,5,進場前歷史：5日均線持有品質較高,短線轉弱或趨勢不夠順（效率0.09），使用5日線,1,0,,False,一般配置,0.5,0.2,0.15,0.15,-0.125147052292177,-0.2103428741551542,2026-02-25 16:15:00+00:00,2026-02-25 21:30:00+00:00,,,2026-02-26 10:45:00+00:00,0.08113871836652987,含成本保本,0.0,3.0,3.116029553592691,28.24502885975415,0.0,0.0,WIN,2026-07-29 23:45:00+00:00,0.05968,已平倉,1.0,空間數值異常,核心,,,,,,,,,,,,,,3.999999999999934,,,,,False,2026-02,0.2018532939907971,False,False,38.00372197455276,保留V94核心,0.0809,0.0811,,,CORE,0.2018532939907971,e86fb30a1c6c90777e5a0cc68d12d032eea7d29c1a1cdab619d89dcb45bafe2f,2026-02-25 12:00:00+00:00,2026-02-25 11:45:00+00:00,5.0,短線轉弱或趨勢不夠順（效率-0.55），使用5日線,,63.816105191152914,0.081,0.0809928,2026-02-25 12:00:00+00:00,2026-02-25 12:00:00+00:00,0.080164,0.0802,2026-02-25 11:00:00+00:00,0.0002999999999999967,0.15,0.08015499999999999,0.21531100478588971,0.084344,3.999999999999934,0.0809928,等回踩重新定價,,,,,,,
V84,壓縮早突破,Binance,SKYAI/USDT:USDT,SKYAI,小幣,2026-02-26 12:00:00+00:00,2026-02-26 12:15:00+00:00,0.04476,0.0429311428571428,0.0018288571428571,0.04085918549725651,2.075256556442429,2.075256556442429,2.66194335795008,1.519935014300933,3.8561403508772,0.7806247322819044,inf,46.274075547165936,0.4915102770330692,False,4.358186925699807,4.0,0.0520754285714285,0.0539042857142857,0.0557331428571428,2026-02-28 13:30:00+00:00,0.0557331428571428,TP3賣全部剩餘,勝,4.0,3.9527780703168895,39.527780703168894,2026-02-26 12:15:00+00:00,LONG,LONG,V96強勢突破延續_驗證型,46.274075547165936,10.0,只限BTCETH加大尾單,5,進場前歷史：5日均線持有品質較高,短線轉弱或趨勢不夠順（效率1.00），使用5日線,1,0,,False,一般配置,0.5,0.2,0.15,0.15,-0.1024172144265033,-0.1031015193882189,2026-02-28 00:00:00+00:00,2026-02-28 01:00:00+00:00,2026-02-28 13:30:00+00:00,,2026-02-28 13:30:00+00:00,0.0557331428571428,TP3賣全部剩餘,0.0,3.89999999999985,4.701671258396946,38.528672547863856,0.0,0.0,WIN,2026-07-29 23:45:00+00:00,0.02701,已平倉,,,新增,,,,,,,,,,,,,,3.999999999999833,,,,,,,,,,,,,,,,CORE,46.274075547165936,80c77c816c3f4137e0efde1e710e1198f68f6af2e8d59def6e6ba44dd0cc53b9,2026-02-26 12:15:00+00:00,2026-02-26 12:00:00+00:00,5.0,短線轉弱或趨勢不夠順（效率1.00），使用5日線,,99.29037915185111,,,,,,,,,,,,,,,,,,,,,,
V84,均線假跌破站回,Binance,M/USDT:USDT,M,小幣,2026-03-07 23:00:00+00:00,2026-03-07 23:15:00+00:00,1.5341,1.5203534285714284,0.0137465714285716,0.008960674942032206,0.7817118833344239,0.3007322175732074,2.1502570185844205,1.4061882166864372,2.764638346727917,0.1118210652583835,28.327063371645544,38.1728180688627,2.659366445052802,False,4.262013590045309,4.0,1.5890862857142865,1.602832857142858,1.6165794285714297,2026-03-08 04:00:00+00:00,1.5203534285714284,原停損,敗,-1.0,-1.1981656375189529,-11.981656375189528,2026-03-07 23:15:00+00:00,LONG,LONG,V85暴漲前布局,0.2257577726580691,,只限BTCETH加大尾單,10,進場前歷史：10日均線持有品質較高,進場前歷史：10日均線持有品質較高,0,0,,False,一般配置,0.5,0.2,0.15,0.15,-0.2175569547041266,-0.1312879396932148,,,,,2026-03-08 04:00:00+00:00,1.5203534285714284,原停損,0.0,-1.0,-1.1999777253548911,-11.981656375189528,0.0,0.0,LOSS,2026-07-29 23:45:00+00:00,1.145,已平倉,2.0,結構太窄、空間數值異常,核心,,,,,,,,,,,,,,4.0,,,,,False,2026-03,0.2257577726580691,False,False,-11.981656375189528,保留V94核心,,,,,CORE,0.2257577726580691,1d8c64dc3d5e166bf7969bb17a0b02cbc4ea910fb36a4d6e46d139fd8987ad24,2026-03-07 23:15:00+00:00,2026-03-07 23:00:00+00:00,0.0,,,-27.1585102966998,,,,,,,,,,,,,,,,,,,,,,
V84,均線假跌破站回_延後一根確認,Binance,SYN/USDT:USDT,SYN,小幣,2026-03-08 05:15:00+00:00,2026-03-08 05:30:00+00:00,0.047100005714285756,0.04620225,0.0008977557142857556,0.01906062856407383,0.8781323623902271,0.8565310492505418,1.7636951509619163,1.1617739528416529,2.943181818181818,0.0527258914488027,26.53003273869185,35.5598757923761,0.424628450106157,False,3.3563816707735685,4.000000000000023,0.0506910285714288,0.051586285714286,0.0524815428571432,2026-03-08 06:30:00+00:00,0.04620225,原停損,敗,-1.0,-1.0972754263115043,-10.972754263115045,2026-03-08 05:15:00+00:00,LONG,LONG,V85暴漲前布局,0.2054993544540941,,只限BTCETH加大尾單,5,進場前歷史：5日均線持有品質較高,進場前歷史：5日均線持有品質較高,0,0,,False,一般配置,0.5,0.2,0.15,0.15,-0.0637552139404347,-0.0645866006218334,,,,,2026-03-08 06:30:00+00:00,0.04620225,原停損,0.0,-1.0,-1.093535500589561,-10.929690174820772,0.0,0.0,LOSS,2026-07-29 23:45:00+00:00,0.132,已平倉,2.0,結構太窄、空間數值異常,核心,,,,,,,,,,,,,,4.000000000000023,,,,,False,2026-03,0.2054993544540941,False,False,-10.972754263115045,保留V94核心,0.04707,0.0471,,,CORE,0.2054993544540941,2422245811a38c556a2cb61d84524a291e72dc81ac431c14bac39751cd5e278c,2026-03-08 05:30:00+00:00,2026-03-08 05:15:00+00:00,0.0,,,-24.45246741339369,0.04711,0.047100005714285756,2026-03-08 05:30:00+00:00,2026-03-08 05:30:00+00:00,0.0462147428571428,0.04626,2026-03-08 04:30:00+00:00,0.0003849999999999999,0.15,0.04620225,0.2790898065978764,0.0506910285714288,4.000000000000023,0.047100005714285756,等回踩重新定價,,,,,,,
,,Binance,TRUMP/USDT:USDT,TRUMP,,,2026-03-10 00:00:00+00:00,2.88,3.0639107142857145,,0.06385788690476202,,,,,,,,,,,,,1.294,1.1100892857142854,0.7422678571428563,2026-03-12 19:30:00+00:00,3.0639107142857145,原停損,LOSS,,,,,SHORT,SHORT,V72.8S核心,1077.57394806,12.024591731363364,只限BTCETH加大尾單,10,進場前歷史：10日均線持有品質較高,進場前歷史：10日均線持有品質較高,0,0,,False,一般配置,0.5,0.2,0.15,0.15,0.1692027295184984,0.1767802768928235,,,,,2026-03-12 19:30:00+00:00,3.0639107142857145,原停損,0.0,-1.0,-1.029087591028255,-12.371188747688016,0.0,0.0,LOSS,2026-07-29 23:45:00+00:00,1.462,已平倉,,,核心,❌,C0033,V62_BASE,V65_CORE,CORE_PROTECTED,,,,,TP1_NOT_HIT,-12.371188747688016,0.0,,8.623749878628978,False,,2026-03-10 08:00:00+08:00,2026-03-13 03:30:00+08:00,False,,,,,-12.371188747688016,保留V94核心,,,,,CORE,1077.57394806,4b060df5a65403241bfab68b5c61965dd044552356ec495a6c2f4f0cfdfddc8c,2026-03-10 00:00:00+00:00,,0.0,,核心反彈失敗空單,-22.759715109678307,,,,,,,,,,,,,,,,,,,,,,
V84,壓縮早突破,Binance,SUPER/USDT:USDT,SUPER,小幣,2026-03-14 16:45:00+00:00,2026-03-14 17:00:00+00:00,0.11529279999999997,0.114355,0.0009377999999999748,0.008134072552665692,0.4351610095735481,0.5226480836237002,4.259523078497595,2.084904308668509,2.999999999999977,0.2226288270340998,29.59401709401732,51.569749777484446,1.6464471403812908,False,2.789885748820076,4.000000000000029,0.1190439999999999,0.1199799999999999,0.1209159999999999,2026-03-15 21:30:00+00:00,0.1209159999999999,TP3賣全部剩餘,勝,4.0,3.7767110539035857,37.767110539035855,2026-03-14 17:00:00+00:00,LONG,LONG,V85暴漲前布局,0.236798362581442,,只限BTCETH加大尾單,5,進場前歷史：5日均線持有品質較高,趨勢完整且順暢（效率0.64），使用10日線,1,2,,False,一般配置,0.5,0.2,0.15,0.15,-0.0517685560362368,-0.1073047321717558,2026-03-15 06:00:00+00:00,2026-03-15 06:00:00+00:00,2026-03-15 21:30:00+00:00,,2026-03-15 21:30:00+00:00,0.1209159999999999,TP3賣全部剩餘,0.0,3.899999999999885,4.522995393474133,36.7680023837312,0.0,0.0,WIN,2026-07-29 23:45:00+00:00,0.0812,已平倉,3.0,成交量瞬間過熱、結構太窄、空間數值異常,核心,,,,,,,,,,,,,,4.000000000000029,,,,,False,2026-03,0.236798362581442,True,True,37.767110539035855,保留V94核心,,,,,CORE,0.236798362581442,b5c9a7af6c0a4891a2ba3b9c6922552a65858a6b78f91a053b7b3e874942f7ef,2026-03-14 17:00:00+00:00,2026-03-14 16:45:00+00:00,5.0,短線轉弱或趨勢不夠順（效率0.95），使用5日線,單標的量能堆積加高結構分,102.0497141595609,0.1153,0.11529279999999997,2026-03-14 17:00:00+00:00,2026-03-14 17:00:00+00:00,0.114364,0.1144,2026-03-14 16:00:00+00:00,0.00030000000000000165,0.15,0.114355,0.19230769230431655,0.1190439999999999,4.000000000000029,0.11529279999999997,等回踩重新定價,,,,,,,
V84,壓縮早突破,Binance,XPD/USDT:USDT,XPD,小幣,2026-03-17 13:30:00+00:00,2026-03-17 13:45:00+00:00,1631.41,1607.6217142857142,23.78828571428585,0.014581426933931904,0.6335282651072083,0.6111851194000373,1.943446601941748,1.4147923408845786,2.6955010224948848,0.3644539164367429,10.038134015541806,43.43441399837248,0.2010604713887476,False,1.5889508869745903,4.0,1726.5631428571437,1750.351428571429,1774.1397142857152,2026-03-17 15:30:00+00:00,1607.6217142857142,原停損,敗,-1.0,-1.1214342761278977,-11.214342761278974,2026-03-17 13:45:00+00:00,LONG,LONG,V85暴漲前布局,0.2090972910782708,,只限BTCETH加大尾單,10,進場前歷史：10日均線持有品質較高,進場前歷史：10日均線持有品質較高,0,0,,False,一般配置,0.5,0.2,0.15,0.15,-0.2116662956305027,-0.1582626732256448,,,,,2026-03-17 15:30:00+00:00,1607.6217142857142,原停損,0.0,-1.0,-1.122544708680142,-11.214342761278974,0.0,0.0,LOSS,2026-07-29 23:45:00+00:00,1277.64,已平倉,1.0,結構太窄,核心,,,,,,,,,,,,,,4.00000000000001,,,,,False,2026-03,0.2090972910782708,False,False,-11.214342761278974,保留V94核心,,,,,CORE,0.2090972910782708,a243a1ce8ad3a46533e48f17875c0460abdc9c3c99785796708c5089f2fe5510,2026-03-17 13:45:00+00:00,2026-03-17 13:30:00+00:00,0.0,,,-26.47287697474732,,,,,,,,,,,,,,,,,,,,,,
,,Binance,SSV/USDT:USDT,SSV,,,2026-03-22 00:00:00+00:00,2.503,2.657392857142857,,0.06168312310941142,,,,,,,,,,,,,1.49,1.3356071428571432,1.02682142857143,2026-04-16 19:15:00+00:00,2.657392857142857,原停損,LOSS,,,,,SHORT,SHORT,V72.8S核心,1047.73250058,11.633959197929952,只限BTCETH加大尾單,10,進場前歷史：10日均線持有品質較高,進場前歷史：10日均線持有品質較高,0,0,,False,一般配置,0.5,0.2,0.15,0.15,-0.1593407964322123,-0.1440552441788715,,,,,2026-04-16 19:15:00+00:00,2.657392857142857,原停損,0.0,-1.0,-1.0300814018043025,-11.980753802094489,0.0,0.0,LOSS,2026-07-29 23:45:00+00:00,2.251,已平倉,,,核心,❌,C0035,V62_BASE,V65_CORE,CORE_PROTECTED,,,,,TP1_NOT_HIT,-11.980753802094489,0.0,,6.561184362711097,False,,2026-03-22 08:00:00+08:00,2026-04-17 03:15:00+08:00,False,,,,,-11.980753802094489,保留V94核心,,,,,CORE,1047.73250058,0edb111e3f87defb213f3a1319b0b31409649e3e6aabe9fe74e084abde014c82,2026-03-22 00:00:00+00:00,,0.0,,核心反彈失敗空單,-24.0196304424897,,,,,,,,,,,,,,,,,,,,,,
V84,壓縮早突破,Binance,B2/USDT:USDT,B2,小幣,2026-03-22 00:15:00+00:00,2026-03-22 00:30:00+00:00,0.7265526857142858,0.7183042857142857,0.008248400000000045,0.011352789910742548,0.3175041413583601,0.3175041413583601,3.1959633888758505,12.793084565438472,3.753623188405784,0.1745541650633544,15.382614125155987,56.70948880196035,0.454107609742671,False,2.086605040853068,4.0,0.759546285714286,0.7677828571428574,0.7760194285714289,2026-03-23 14:45:00+00:00,0.7278616586241904,含成本保本,勝,0.91057305397529,0.7524104544749601,7.524104544749601,2026-03-22 00:30:00+00:00,LONG,LONG,V85暴漲前布局,0.1980005246031912,,只限BTCETH加大尾單,10,進場前歷史：10日均線持有品質較高,進場前歷史：10日均線持有品質較高,0,0,,False,一般配置,0.5,0.2,0.15,0.15,-0.1060027211446221,-0.0828713743345815,2026-03-23 11:00:00+00:00,,,,2026-03-23 14:45:00+00:00,0.7278616586241904,含成本保本,0.0,0.91057305397529,1.9189243323380463,7.5241045447496,0.0,0.0,WIN,2026-07-29 23:45:00+00:00,0.4716,已平倉,2.0,成交量瞬間過熱、量能堆積過頭,核心,,,,,,,,,,,,,,4.0,,,,,True,2026-03,0.1980005246031912,False,False,7.524104544749601,保留V94核心,,,,,CORE,0.1980005246031912,51712636bb0abb55d7fbb37f0de3e582551263b827b012b87ae7a1f21c0b175e,2026-03-22 00:30:00+00:00,2026-03-22 00:15:00+00:00,10.0,趨勢完整且順暢（效率0.85），使用10日線,單標的量能堆積加高結構分,44.739307111730405,0.7266,0.7265526857142858,2026-03-22 00:30:00+00:00,2026-03-22 00:30:00+00:00,0.7183634285714285,0.7186,2026-03-21 23:45:00+00:00,0.0019714285714285684,0.15,0.7183042857142857,0.14361037879828675,0.759546285714286,4.0,0.7265526857142858,等回踩重新定價,,,,,,,
,,Binance,EDU/USDT:USDT,EDU,,,2026-03-23 00:00:00+00:00,0.0753,0.080025,,0.06274900398406365,,,,,,,,,,,,,0.04,0.035275,0.025825,2026-04-21 00:45:00+00:00,0.080025,原停損,LOSS,,,,,SHORT,SHORT,V72.8S核心,1066.36792089,11.633959197929952,只限BTCETH加大尾單,10,進場前歷史：10日均線持有品質較高,進場前歷史：10日均線持有品質較高,0,0,,False,一般配置,0.5,0.2,0.15,0.15,-0.0364466639487324,0.018079117598579,,,,,2026-04-21 00:45:00+00:00,0.080025,原停損,0.0,-1.0,-1.0295857142857143,-11.975039249364649,0.0,0.0,LOSS,2026-07-29 23:45:00+00:00,0.03127,已平倉,,,核心,❌,C0037,V62_BASE,V65_CORE,FLEX_CORE,,,,,TP1_NOT_HIT,-11.975039249364649,0.0,,7.470899470899483,False,,2026-03-23 08:00:00+08:00,2026-04-21 08:45:00+08:00,False,,,,,-11.975039249364649,保留V94核心,,,,,CORE,1066.36792089,6f34803595188195c62d7a43f71ee218639677af2f12855ce01f015b613d240c,2026-03-23 00:00:00+00:00,,0.0,,核心反彈失敗空單,-23.98553918010801,,,,,,,,,,,,,,,,,,,,,,
V84,壓縮早突破,Binance,PROM/USDT:USDT,PROM,小幣,2026-04-01 02:30:00+00:00,2026-04-01 02:45:00+00:00,0.988,0.9714257142857142,0.0165742857142857,0.016775592828224457,0.6109979633401208,1.1258955987717425,2.216270095286866,1.770183684791239,2.716417910447761,0.5536472184988898,15.324943975176648,46.99113873347294,5.870445344129549,True,2.8844201200552604,4.0,1.054297142857143,1.070871428571429,1.0874457142857146,2026-04-05 00:15:00+00:00,1.006,5日線弱化退出,勝,4.0,3.8901061616263743,38.90106161626375,2026-04-01 02:45:00+00:00,LONG,LONG,V96強勢突破延續_驗證型,46.99113873347294,10.0,只限BTCETH加大尾單,5,進場前歷史：5日均線持有品質較高,短線轉弱或趨勢不夠順（效率0.07），使用5日線,4,0,,False,一般配置,0.5,0.2,0.15,0.15,-0.1030156379355698,-0.1229528650258775,2026-04-03 23:00:00+00:00,,,,2026-04-05 00:15:00+00:00,1.006,5日線弱化退出,0.0,2.0,2.4334223754525075,18.91889851019286,0.0,0.0,WIN,2026-07-29 23:45:00+00:00,1.998,已平倉,,,,,,,,,,,,,,,,,4.0,,,,,,,,,,,,,,當下已滿五倉,新增,CORE,46.99113873347294,0533b278fd3347966c375b452a4649247e3126883fdc8af2a4e183d476bee734,2026-04-01 02:45:00+00:00,2026-04-01 02:30:00+00:00,5.0,短線轉弱或趨勢不夠順（效率0.16），使用5日線,,57.81528344870627,,,,,,,,,,,,,,,,,,,,,,
V84,壓縮早突破,Binance,DODOX/USDT:USDT,DODOX,小幣,2026-04-05 15:00:00+00:00,2026-04-05 15:15:00+00:00,0.015198059428571423,0.014927871428571429,0.00027018799999999413,0.01777779599229999,0.4297520661157072,1.138557826752784,2.4061280097201254,1.7145421603085529,3.0671378091872894,0.3398954158999655,15.324272214924378,46.908260629732126,1.3364055299539102,False,3.015223010394564,4.000000000000006,0.0162788114285714,0.0165485142857142,0.0168182171428571,2026-04-06 08:45:00+00:00,0.0168182171428571,TP3賣全部剩餘,勝,3.999999999999994,3.8959068831501646,38.95906883150165,2026-04-05 15:15:00+00:00,LONG,LONG,V96強勢突破延續_驗證型,46.908260629732126,10.0,只限BTCETH加大尾單,5,進場前歷史：5日均線持有品質較高,進場前歷史：5日均線持有品質較高,0,0,,False,一般配置,0.5,0.2,0.15,0.15,-0.1475400858948663,-0.2055896084792053,2026-04-06 08:45:00+00:00,2026-04-06 08:45:00+00:00,2026-04-06 08:45:00+00:00,,2026-04-06 08:45:00+00:00,0.0168182171428571,TP3賣全部剩餘,0.0,3.899999999999239,4.643129634392089,37.959960676190725,0.0,0.0,WIN,2026-07-29 23:45:00+00:00,0.019297,已平倉,,,,,,,,,,,,,,,,,4.000000000000006,,,,,,,,,,,,,,當下已滿五倉,新增,CORE,46.908260629732126,b442e381e2f88a08fe4c26f2e0aef68f5a3a698fe5a9e772b3b098644d6877c3,2026-04-05 15:15:00+00:00,2026-04-05 15:00:00+00:00,10.0,趨勢完整且順暢（效率0.88），使用10日線,,112.999794663829,0.0152,0.015198059428571423,2026-04-05 15:15:00+00:00,2026-04-05 15:15:00+00:00,0.0149302971428571,0.01494,2026-04-05 13:30:00+00:00,8.085714285714257e-05,0.15,0.014927871428571429,0.17988050339299289,0.0162788114285714,4.000000000000006,0.015198059428571423,等回踩重新定價,,,,,,,
V84,壓縮早突破,Binance,XMR/USDT:USDT,XMR,小幣,2026-04-16 15:15:00+00:00,2026-04-16 15:30:00+00:00,346.05721142857146,339.7925714285714,6.264640000000043,0.01810290262161783,0.6572442273018009,0.4585824577697739,2.872541341682444,1.7636742125054516,3.1017628205128007,0.170165147460953,5.198320602317151,47.87834690815362,0.5720559343580289,False,1.812325330546802,3.999999999999982,371.1157714285715,377.3697142857144,383.62365714285727,2026-04-21 18:30:00+00:00,383.62365714285727,TP3賣全部剩餘,勝,4.0,3.8977213101279817,38.977213101279816,2026-04-16 15:30:00+00:00,LONG,LONG,V96強勢突破延續_驗證型,47.87834690815362,10.0,只限BTCETH加大尾單,10,進場前歷史：10日均線持有品質較高,短線轉弱或趨勢不夠順（效率0.27），使用5日線,2,2,5.0,False,一般配置,0.5,0.2,0.15,0.15,-0.1133258943009162,-0.0859902746175022,2026-04-21 10:30:00+00:00,2026-04-21 14:15:00+00:00,2026-04-21 18:30:00+00:00,2026-04-25 00:00:00+00:00,2026-04-21 18:30:00+00:00,383.62365714285727,TP3賣全部剩餘,0.0,4.445176071781,4.645013926874811,43.42500353990374,0.0,0.0,WIN,2026-07-29 19:00:00+00:00,353.61,已平倉,,,,,,,,,,,,,,,,,3.999999999999982,,,,,,,,,,,,,,當下已滿五倉,新增,CORE,47.87834690815362,2c2034580b5ce05973724aa10cd7a7461dae1484817e4f3c1b7ab0de4f3de573,2026-04-16 15:30:00+00:00,2026-04-16 15:15:00+00:00,10.0,趨勢完整且順暢（效率0.58），使用10日線,,118.29450886865796,346.1,346.05721142857146,2026-04-16 15:30:00+00:00,2026-04-16 15:30:00+00:00,339.84605714285715,340.06,2026-04-16 14:00:00+00:00,1.7828571428571454,0.15,339.7925714285714,0.1710463798841877,371.1157714285715,3.999999999999982,346.05721142857146,等回踩重新定價,,,,,,,
V84,壓縮早突破,Binance,BNB/USDT:USDT,BNB,小幣,2026-04-17 09:00:00+00:00,2026-04-17 09:15:00+00:00,632.0462628571429,626.8091428571429,5.237120000000004,0.008285975739063447,0.5376258569406156,0.3859348198971046,1.9808396921778093,2.410755160134646,3.2652439024390554,0.0653121671417552,8.45336713951592,49.30127202458868,2.2038698245447463,True,1.2,4.000000000000065,652.9947428571433,658.223428571429,663.4521142857149,2026-04-19 02:15:00+00:00,626.8091428571429,原停損,敗,-1.0,-1.2147329706163503,-12.147329706163504,2026-04-17 09:15:00+00:00,LONG,LONG,V85暴漲前布局,0.2069098460155587,,只限BTCETH加大尾單,10,進場前歷史：10日均線持有品質較高,進場前歷史：10日均線持有品質較高,0,0,,False,一般配置,0.5,0.2,0.15,0.15,-0.117091804834025,-0.0732483928446627,,,,,2026-04-19 02:15:00+00:00,626.8091428571429,原停損,0.0,-1.0,-1.2163345245369317,-12.147329706163504,0.0,0.0,LOSS,2026-07-29 19:45:00+00:00,568.85,已平倉,1.0,量能堆積過頭,核心,,,,,,,,,,,,,,4.000000000000065,,,,,False,2026-04,0.2069098460155587,False,False,-12.147329706163504,保留V94核心,,,,,CORE,0.2069098460155587,85799d9c10841c479e31d6e5a0a0973da9b419041defa0f4298bd108884baaab,2026-04-17 09:15:00+00:00,2026-04-17 09:00:00+00:00,0.0,,單標的量能堆積加高結構分,-30.672954526861464,632.08,632.0462628571429,2026-04-17 09:15:00+00:00,2026-04-17 09:15:00+00:00,626.8513142857142,627.02,2026-04-17 07:45:00+00:00,1.4057142857142821,0.15,626.8091428571429,0.1613079495514036,652.9947428571433,4.000000000000065,632.0462628571429,等回踩重新定價,,,,,,,
V84,壓縮早突破,Binance,WAL/USDT:USDT,WAL,小幣,2026-04-18 12:00:00+00:00,2026-04-18 12:15:00+00:00,0.07422,0.0722687428571428,0.0019512571428571,0.02629017977441655,1.950281554731492,1.4902925895542871,2.886560258224797,1.7108893563081982,2.658227848101256,0.2032839345123289,11.14666002869946,48.26979259228792,0.5792806143068763,False,2.391850838147403,4.0,0.0820250285714285,0.0839762857142857,0.0859275428571428,2026-04-19 00:30:00+00:00,0.0722687428571428,原停損,敗,-1.0,-1.0669543780459017,-10.669543780459016,2026-04-18 12:15:00+00:00,LONG,LONG,V96強勢突破延續_驗證型,48.26979259228792,10.0,只限BTCETH加大尾單,10,進場前歷史：10日均線持有品質較高,進場前歷史：10日均線持有品質較高,0,0,,False,一般配置,0.5,0.2,0.15,0.15,-0.1765446565134228,-0.1650175857347041,,,,,2026-04-19 00:30:00+00:00,0.0722687428571428,原停損,0.0,-1.0,-1.067566629572142,-10.669543780458996,0.0,0.0,LOSS,2026-07-29 23:45:00+00:00,0.02508,已平倉,,,,,,,,,,,,,,,,,3.999999999999858,,,,,,,,,,,,,,同標的已有持倉,新增,CORE,48.26979259228792,e7fa48e0e4355a5c45ffdd97fec6529e8c6791c5fce6d6b650e511d78bc71868,2026-04-18 12:15:00+00:00,2026-04-18 12:00:00+00:00,0.0,,,-26.892154125179648,,,,,,,,,,,,,,,,,,,,,,
V84,壓縮早突破,Binance,SQD/USDT:USDT,SQD,小幣,2026-04-24 00:00:00+00:00,2026-04-24 00:15:00+00:00,0.03234,0.0318445714285714,0.0004954285714285,0.015319374503048796,0.7167341851044062,0.7481296758104827,2.850614198983111,1.5378896893449,3.2666666666666653,0.1710331842114248,17.257785467128073,46.356373714204025,0.587871287128694,False,3.1743231354975467,4.0,0.0343217142857142,0.0348171428571428,0.0353125714285714,2026-04-24 08:30:00+00:00,0.0318445714285714,原停損,敗,-1.0,-1.1155417206920497,-11.155417206920497,2026-04-24 00:15:00+00:00,LONG,LONG,V85暴漲前布局,0.1976365802170896,,只限BTCETH加大尾單,10,進場前歷史：10日均線持有品質較高,進場前歷史：10日均線持有品質較高,0,0,,False,一般配置,0.5,0.2,0.15,0.15,-0.0954823319475884,-0.0225842985862138,,,,,2026-04-24 08:30:00+00:00,0.0318445714285714,原停損,0.0,-1.0,-1.1165982698961874,-11.155417206920433,0.0,0.0,LOSS,2026-07-29 23:45:00+00:00,0.03087,已平倉,1.0,成交量瞬間過熱,核心,,,,,,,,,,,,,,3.999999999999608,,,,,False,2026-04,0.1976365802170896,False,False,-11.155417206920497,保留V94核心,,,,,CORE,0.1976365802170896,7288a37ceb518abdd11feb32221c95025d759491ab6c2806960d2137b593babc,2026-04-24 00:15:00+00:00,2026-04-24 00:00:00+00:00,0.0,,,-28.58600200004311,,,,,,,,,,,,,,,,,,,,,,
V84,壓縮早突破,Binance,ACH/USDT:USDT,ACH,小幣,2026-04-24 08:15:00+00:00,2026-04-24 08:30:00+00:00,0.006261,0.0061651628571428,9.583714285714332e-05,0.015307002532694408,0.6913183279742885,0.8859536082474362,3.1315012178557344,1.3848081145440774,3.425981873111791,0.557996653344433,5.258921384491525,45.708487783506826,0.1437011017084488,False,2.034871338250824,4.0,0.0066443485714285,0.0067401857142857,0.0068360228571428,2026-04-27 11:45:00+00:00,0.0068360228571428,TP3賣全部剩餘,勝,4.0,3.879904947745588,38.799049477455874,2026-04-24 08:30:00+00:00,LONG,LONG,V96強勢突破延續_驗證型,45.708487783506826,10.0,只限BTCETH加大尾單,10,進場前歷史：10日均線持有品質較高,短線轉弱或趨勢不夠順（效率0.32），使用5日線,2,5,5.0,False,一般配置,0.5,0.2,0.15,0.15,-0.0637277202242665,0.0224313273721598,2026-04-25 13:15:00+00:00,2026-04-27 07:45:00+00:00,2026-04-27 11:45:00+00:00,2026-05-02 00:00:00+00:00,2026-04-27 11:45:00+00:00,0.0068360228571428,TP3賣全部剩餘,0.0,5.236642518554668,4.6281317614670465,51.1544457322874,0.0,0.0,WIN,2026-07-29 23:45:00+00:00,0.004969,已平倉,,,,,,,,,,,,,,,,,3.9999999999968776,,,,,,,,,,,,,,LONG過去24小時已有2筆進場,新增,CORE,45.708487783506826,bdf93d23b09d7cd07f5f224d78bd7a4e35c4b0281d4657c90cce35e7d4df588e,2026-04-24 08:30:00+00:00,2026-04-24 08:15:00+00:00,10.0,趨勢完整且順暢（效率0.44），使用10日線,,118.41506688304139,,,,,,,,,,,,,,,,,,,,,,
V84,壓縮早突破,Binance,DRIFT/USDT:USDT,DRIFT,小幣,2026-04-28 15:00:00+00:00,2026-04-28 15:15:00+00:00,0.0362,0.0347489428571428,0.0014510571428571,0.04008445146014375,1.6858668165214974,2.812499999999996,2.8742480519685785,1.6081814685443636,3.3319415448851712,0.773872985748417,24.9680036229744,48.53815658303744,4.282951091461729,False,10.300953776954936,4.0,0.0420042285714285,0.0434552857142857,0.0449063428571428,2026-04-29 15:00:00+00:00,0.0347489428571428,原停損,敗,-1.0,-1.0436064414952673,-10.436064414952671,2026-04-28 15:15:00+00:00,LONG,LONG,V96強勢突破延續_驗證型,48.53815658303744,10.0,只限BTCETH加大尾單,5,進場前歷史：5日均線持有品質較高,進場前歷史：5日均線持有品質較高,0,0,,False,一般配置,0.5,0.2,0.15,0.15,-0.1354808591696005,-0.1529474173480354,,,,,2026-04-29 15:00:00+00:00,0.0347489428571428,原停損,0.0,0.1102644377498135,-1.0440051922736113,0.6566781280407747,0.0,0.0,LOSS,2026-07-29 23:45:00+00:00,0.01109,已平倉,,,新增,,,,,,,,,,,,,,3.99999999999978,,,,,,,,,,,,,,,,CORE,48.53815658303744,d4296deecdee1ded3f42f084c8d63b91b22f5b36c9d567a92e4f9b858fcad759,2026-04-28 15:15:00+00:00,2026-04-28 15:00:00+00:00,0.0,,,-27.665368691754036,,,,,,,,,,,,,,,,,,,,,,
V84,壓縮早突破,Binance,API3/USDT:USDT,API3,小幣,2026-04-28 15:15:00+00:00,2026-04-28 15:30:00+00:00,0.3571,0.3446548571428571,0.0124451428571428,0.03485058206984844,2.116704805491976,1.825442099258412,2.94743998980611,1.773482315480201,2.267295597484268,0.1867346859709451,11.78773130079438,49.09955722694984,1.4285714285714235,False,3.931380596964458,4.0,0.4068805714285712,0.4193257142857141,0.4317708571428569,2026-04-29 15:00:00+00:00,0.35774335902312077,含成本保本,勝,4.0,3.945251570942571,39.45251570942571,2026-04-28 15:30:00+00:00,LONG,LONG,V96強勢突破延續_驗證型,49.09955722694984,10.0,只限BTCETH加大尾單,10,進場前歷史：10日均線持有品質較高,進場前歷史：10日均線持有品質較高,0,0,,False,一般配置,0.5,0.2,0.15,0.15,-0.1957240443052083,-0.1478521303173798,2026-04-29 03:15:00+00:00,2026-04-29 03:30:00+00:00,,,2026-04-29 15:00:00+00:00,0.35774335902312077,含成本保本,0.0,2.9999999999999845,3.208338200789735,29.46143415639011,0.0,0.0,WIN,2026-07-29 23:45:00+00:00,0.199,已平倉,,,,,,,,,,,,,,,,,3.999999999999978,,,,,,,,,,,,,,當下已滿五倉,新增,CORE,49.09955722694984,5d4a10f759e40683bf5b4da0c4c2e4101def8b3180115211e94e3eb3a0315fa5,2026-04-28 15:30:00+00:00,2026-04-28 15:15:00+00:00,10.0,趨勢完整且順暢（效率0.37），使用10日線,,84.9995105165237,,,,,,,,,,,,,,,,,,,,,,
V84,壓縮早突破,Binance,PAYP/USDT:USDT,PAYP,小幣,2026-04-29 16:45:00+00:00,2026-04-29 17:00:00+00:00,20.37,19.92448571428572,0.4455142857142853,0.02187109895504574,1.596009975062351,0.9415262636273568,2.273479456278747,2.0177814322789587,2.784530386740334,0.0903504224431889,7.048034374398776,48.59757097311941,1.276386843397148,False,1.999436905545085,4.0,22.152057142857142,22.597571428571428,23.04308571428572,2026-05-04 15:30:00+00:00,21.46,5日線弱化退出,勝,4.0,3.91487799075972,39.1487799075972,2026-04-29 17:00:00+00:00,LONG,LONG,V85暴漲前布局,0.1919481856339553,,只限BTCETH加大尾單,5,進場前歷史：5日均線持有品質較高,短線轉弱或趨勢不夠順（效率0.38），使用5日線,2,3,5.0,False,一般配置,0.5,0.2,0.15,0.15,-0.32815635921303,-0.3838465728909958,2026-04-30 19:45:00+00:00,,,2026-05-05 00:00:00+00:00,2026-05-04 15:30:00+00:00,21.46,5日線弱化退出,0.0,2.98762265118966,3.138103963316899,29.03403525318728,0.0,0.0,WIN,2026-07-29 23:45:00+00:00,14.99,已平倉,1.0,結構太窄,核心,,,,,,,,,,,,,,4.000000000000032,,,,,False,2026-04,0.1919481856339553,False,False,39.1487799075972,保留V94核心,,,,,CORE,0.1919481856339553,777a77e102b0c5a81260948383552389ef31e90b487911b5dbd8bcabc0f934c1,2026-04-29 17:00:00+00:00,2026-04-29 16:45:00+00:00,5.0,短線轉弱或趨勢不夠順（效率0.28），使用5日線,單標的量能堆積加高結構分,84.95664881028489,,,,,,,,,,,,,,,,,,,True,2.187109895504574,2.0177814322789525,0.9415262636273569
V84,壓縮早突破,Binance,Q/USDT:USDT,Q,小幣,2026-04-30 19:30:00+00:00,2026-04-30 19:45:00+00:00,0.010058,0.0099127542857142,0.0001452457142857,0.014440814703300792,0.6203101550775303,0.9131045554886752,2.8844827354471043,1.596121019878765,3.133986928104576,0.2808816345786971,24.820009442127617,46.4200275404999,3.360843193795371,False,7.090187209335479,4.0,0.0106389828571428,0.0107842285714285,0.0109294742857142,2026-05-02 11:45:00+00:00,0.0109294742857142,TP3賣全部剩餘,敗,0.1101581556376752,-0.0134573156850742,-0.1345731568507428,2026-04-30 19:45:00+00:00,LONG,LONG,V85暴漲前布局,0.2004309143051779,,只限BTCETH加大尾單,10,進場前歷史：10日均線持有品質較高,進場前歷史：10日均線持有品質較高,0,0,,False,一般配置,0.5,0.2,0.15,0.15,-0.1270262952600747,-0.0755500829537134,2026-05-02 11:15:00+00:00,2026-05-02 11:45:00+00:00,2026-05-02 11:45:00+00:00,,2026-05-02 11:45:00+00:00,0.0109294742857142,TP3賣全部剩餘,0.0,0.1101581556376752,4.62107829293884,-0.1345731568507431,0.0,0.0,WIN,2026-07-29 23:45:00+00:00,0.021928,已平倉,2.0,成交量瞬間過熱、空間數值異常,,,,,,,,,,,,,,,3.999999999997265,,,,,True,2026-04,0.2004309143051779,False,False,-0.1345731568507428,保留V94核心,,,LONG過去24小時已有2筆進場,核心,CORE,0.2004309143051779,5263ffbadb51f930e2e6e63677dae5b5b8f4c84c670659b5193767f2dec95f4d,2026-04-30 19:45:00+00:00,2026-04-30 19:30:00+00:00,5.0,短線轉弱或趨勢不夠順（效率-0.18），使用5日線,,125.05314615033592,,,,,,,,,,,,,,,,,,,,,,
V84,壓縮早突破,Binance,OG/USDT:USDT,OG,小幣,2026-05-02 08:30:00+00:00,2026-05-02 08:45:00+00:00,2.9837891428571433,2.9456821428571427,0.03810700000000056,0.01277134481544195,1.0490693739424684,1.1175076193701503,2.459779284669592,1.6957724719990226,4.097560975609722,0.8023702303659059,17.21225317216002,45.75298921824806,1.0716677829872625,False,2.6993947942753027,3.999999999999965,3.136217142857144,3.174271428571429,3.212325714285715,2026-05-07 15:30:00+00:00,3.049,5日線弱化退出,勝,4.0,3.856565874314492,38.56565874314492,2026-05-02 08:45:00+00:00,LONG,LONG,V96強勢突破延續_驗證型,45.75298921824806,10.0,只限BTCETH加大尾單,10,進場前歷史：10日均線持有品質較高,短線轉弱或趨勢不夠順（效率-0.05），使用5日線,4,4,5.0,False,一般配置,0.5,0.2,0.15,0.15,-0.0976045822569481,-0.0661614290474662,2026-05-06 19:15:00+00:00,2026-05-07 00:15:00+00:00,,2026-05-14 00:00:00+00:00,2026-05-07 15:30:00+00:00,3.049,5日線弱化退出,0.0,4.621337938283658,3.5332180885401208,44.77349675653184,0.0,0.0,WIN,2026-07-29 23:45:00+00:00,2.48,已平倉,,,,,,,,,,,,,,,,,3.999999999999965,,,,,,,,,,,,,,當下已滿五倉,新增,CORE,45.75298921824806,1db45633aff8d51d49fc579aee020d42df5c8ffa8bbfd4852a1ffc9b6fdd94ec,2026-05-02 08:45:00+00:00,2026-05-02 08:30:00+00:00,5.0,短線轉弱或趨勢不夠順（效率0.65），使用5日線,,97.44613177079734,2.984,2.9837891428571433,2026-05-02 08:45:00+00:00,2026-05-02 08:45:00+00:00,2.945945714285714,2.947,2026-05-02 07:15:00+00:00,0.008785714285714365,0.15,2.9456821428571427,0.1385239132078775,3.136217142857144,3.999999999999965,2.9837891428571433,等回踩重新定價,,,,,,,
V84,壓縮早突破,Binance,BABA/USDT:USDT,BABA,小幣,2026-05-05 00:00:00+00:00,2026-05-05 00:15:00+00:00,134.37,133.47222857142856,0.8977714285714455,0.00668133830893388,0.3955519068587154,0.4030452306314602,4.214886731391586,2.533764832793957,3.975308641975208,0.2840258236526546,8.387435554706736,54.02703324444045,0.5947071067499143,False,1.4994066141030948,4.0,137.9610857142858,138.85885714285723,139.75662857142868,2026-05-05 01:30:00+00:00,133.47222857142856,原停損,敗,-1.0,-1.2660740400465142,-12.660740400465142,2026-05-05 00:15:00+00:00,LONG,LONG,V85暴漲前布局,0.2421196154539374,,只限BTCETH加大尾單,10,歷史不足，保守使用10日均線,歷史不足，保守使用10日均線,0,0,,False,一般配置,0.5,0.2,0.15,0.15,,,,,,,2026-05-05 01:30:00+00:00,133.47222857142856,原停損,0.0,-1.0,-1.268507103303413,-12.660740400465142,0.0,0.0,LOSS,2026-07-29 23:45:00+00:00,114.51,已平倉,2.0,成交量瞬間過熱、量能堆積過頭,核心,,,,,,,,,,,,,,4.0,,,,,False,2026-05,0.2421196154539374,False,False,-12.660740400465142,保留V94核心,,,,,CORE,0.2421196154539374,31c1de0f5b0fa6f82d64372e0fb4b7bf54b6f7b88c6d26433382695fe3e55565,2026-05-05 00:15:00+00:00,2026-05-05 00:00:00+00:00,0.0,,單標的量能堆積加高結構分,-36.98112650308526,,,,,,,,,,,,,,,,,,,,,,
V84,均線假跌破站回,Binance,EUL/USDT:USDT,EUL,小幣,2026-05-08 08:00:00+00:00,2026-05-08 08:15:00+00:00,1.4219,1.3939677142857143,0.0279322857142856,0.019644339063426143,1.477199743095703,0.9656347628514528,2.3984066834693407,2.5142417352579995,3.062831188493555,0.0864685279200975,15.666458680687011,48.55587152418831,3.424753867791841,False,5.630706799255238,4.0,1.5336291428571425,1.561561428571428,1.5894937142857135,2026-05-12 04:00:00+00:00,1.5894937142857135,TP3賣全部剩餘,勝,4.0,3.905633465938319,39.05633465938319,2026-05-08 08:15:00+00:00,LONG,LONG,V85暴漲前布局,0.2128928985966178,,只限BTCETH加大尾單,5,進場前歷史：5日均線持有品質較高,短線轉弱或趨勢不夠順（效率0.08），使用5日線,1,2,5.0,False,一般配置,0.5,0.2,0.15,0.15,-0.0584706673532198,-0.0745968377342775,2026-05-11 07:15:00+00:00,2026-05-11 08:30:00+00:00,2026-05-12 04:00:00+00:00,2026-05-14 00:00:00+00:00,2026-05-12 04:00:00+00:00,1.5894937142857135,TP3賣全部剩餘,0.0,4.222744801202909,4.654095549185272,41.281796133716114,0.0,0.0,WIN,2026-07-29 23:45:00+00:00,1.65,已平倉,1.0,量能堆積過頭,核心,,,,,,,,,,,,,,4.0,,,,,False,2026-05,0.2128928985966178,False,False,39.05633465938319,保留V94核心,,,,,CORE,0.2128928985966178,24f002a01f10bfc5ff438a67685a495465062c6737b861be2321a3b862d28c86,2026-05-08 08:15:00+00:00,2026-05-08 08:00:00+00:00,5.0,短線轉弱或趨勢不夠順（效率0.33），使用5日線,單標的量能堆積加高結構分,138.5866457221698,,,,,,,,,,,,,,,,,,,,,,
V84,壓縮早突破,Binance,CL/USDT:USDT,CL,小幣,2026-05-12 01:15:00+00:00,2026-05-12 01:30:00+00:00,96.7,95.78008571428572,0.9199142857142846,0.009513074309351444,0.3528435035284438,0.5302006445576435,2.90607290238444,3.542437249099242,3.449856733524372,0.3577558958955109,15.273162095847455,57.77629138124354,2.6370217166494347,True,2.38759429415104,4.0,100.37965714285714,101.29957142857144,102.21948571428572,2026-05-14 06:30:00+00:00,95.78008571428572,原停損,敗,-1.0,-1.186606889667287,-11.86606889667287,2026-05-12 01:30:00+00:00,LONG,LONG,V85暴漲前布局,0.2419438836759125,,只限BTCETH加大尾單,10,進場前歷史：10日均線持有品質較高,進場前歷史：10日均線持有品質較高,0,0,,False,一般配置,0.5,0.2,0.15,0.15,-0.17181792002704,0.1445283850328008,,,,,2026-05-14 06:30:00+00:00,95.78008571428572,原停損,0.0,-1.0,-1.188313280740442,-11.86606889667287,0.0,0.0,LOSS,2026-07-29 23:45:00+00:00,84.27,已平倉,1.0,量能堆積過頭,核心,,,,,,,,,,,,,,4.0,,,,,False,2026-05,0.2419438836759125,False,False,-11.86606889667287,保留V94核心,,,,,CORE,0.2419438836759125,1877e4cfc79c417b99eed985a2b76c82551d7ad9015674d9747b0cab88b5aaaf,2026-05-12 01:30:00+00:00,2026-05-12 01:15:00+00:00,0.0,,單標的量能堆積加高結構分,-36.505425665299256,,,,,,,,,,,,,,,,,,,,,,
V84,均線假跌破站回,Binance,CL/USDT:USDT,CL,小幣,2026-05-15 14:30:00+00:00,2026-05-15 15:00:00+00:00,100.04990285714285,99.08689285714286,0.963009999999997,0.009625296701937227,0.5426045016077241,0.1501351216094626,1.653513308710081,1.6389552144811994,5.4668930390492285,0.0007071232321338,11.12978552518076,32.640891211673825,1.3891665000999476,False,2.38759429415104,4.0,103.90194285714284,104.86242857142857,105.82291428571426,2026-05-18 11:30:00+00:00,100.2301549091325,含成本保本,勝,4.0,3.8106141774828544,38.106141774828544,2026-05-15 14:45:00+00:00,LONG,LONG,V85暴漲前布局,0.2251830251261415,,只限BTCETH加大尾單,10,進場前歷史：10日均線持有品質較高,進場前歷史：10日均線持有品質較高,0,0,,False,一般配置,0.5,0.2,0.15,0.15,-0.1497598254274315,0.1030129204071771,2026-05-18 01:15:00+00:00,,,,2026-05-18 11:30:00+00:00,100.2301549091325,含成本保本,0.0,1.9999999999999705,1.9046963888522108,18.123978668757395,0.0,0.0,WIN,2026-07-29 23:45:00+00:00,84.27,已平倉,0.0,,核心,,,,,,,,,,,,,,4.0,,,,,False,2026-05,0.2251830251261415,False,False,38.106141774828544,保留V94核心,,,,,CORE,0.2251830251261415,3252e00cb593f087394e71c5763250efba258bdbbc6adf933915293b95a9335e,2026-05-15 15:00:00+00:00,2026-05-15 14:30:00+00:00,10.0,趨勢完整且順暢（效率0.46），使用10日線,,58.66115390097664,100.06,100.04990285714285,2026-05-15 14:45:00+00:00,2026-05-15 15:00:00+00:00,99.09951428571428,99.15,2026-05-15 13:30:00+00:00,0.42071428571428576,0.15,99.08689285714286,0.2628134574755414,103.90194285714284,4.0,100.04990285714285,等回踩重新定價,,,,,,,
V84,壓縮早突破,Binance,GPS/USDT:USDT,GPS,小幣,2026-05-15 15:00:00+00:00,2026-05-15 15:15:00+00:00,0.008297,0.0080241514285714,0.0002728485714285,0.03288520807865491,1.0105929623767107,0.7162801991016154,2.539638955448213,1.735596755924383,2.2414943295530247,0.6410245000426216,8.770432579033875,49.11237836440792,7.135969141755072,True,4.601693776045152,4.0,0.0093883942857142,0.0096612428571428,0.0099340914285714,2026-05-16 05:45:00+00:00,0.0080241514285714,原停損,敗,-1.0,-1.0533480247501836,-10.533480247501837,2026-05-15 15:15:00+00:00,LONG,LONG,V96強勢突破延續_驗證型,49.11237836440792,10.0,只限BTCETH加大尾單,10,進場前歷史：10日均線持有品質較高,進場前歷史：10日均線持有品質較高,0,0,,False,一般配置,0.5,0.2,0.15,0.15,-0.1435182797709187,-0.0408285932423421,,,,,2026-05-16 05:45:00+00:00,0.0080241514285714,原停損,0.0,-1.0,-1.0538358555766092,-10.533480247501782,0.0,0.0,LOSS,2026-07-29 23:45:00+00:00,0.009653,已平倉,,,,,,,,,,,,,,,,,3.999999999999269,,,,,,,,,,,,,,當下已滿五倉,新增,CORE,49.11237836440792,4e6168dda7723565f4b108cd8c71e70a8b426a763fb0a64b81814a637cbe01e1,2026-05-15 15:15:00+00:00,2026-05-15 15:00:00+00:00,0.0,,,-32.42586296792745,,,,,,,,,,,,,,,,,,,,,,
V84,壓縮早突破,Binance,ARK/USDT:USDT,ARK,小幣,2026-05-23 05:45:00+00:00,2026-05-23 06:00:00+00:00,0.1628,0.159916,0.0028839999999999,0.0177149877149877,1.055245189323406,0.3699136868064112,3.2395367825880825,1.8644354501210136,4.714285714285722,0.3064823302422517,9.916782246879338,46.34920512972932,0.3685503685503688,False,1.8637187432760007,4.0,0.174336,0.17722,0.180104,2026-05-23 07:45:00+00:00,0.159916,原停損,敗,-1.0,-1.0997963082737294,-10.997963082737297,2026-05-23 06:00:00+00:00,LONG,LONG,V85暴漲前布局,0.2152489237665261,,只限BTCETH加大尾單,5,進場前歷史：5日均線持有品質較高,進場前歷史：5日均線持有品質較高,0,0,,False,一般配置,0.5,0.2,0.15,0.15,-0.1408228372854782,-0.1529703935471863,,,,,2026-05-23 07:45:00+00:00,0.159916,原停損,0.0,-1.0,-1.100708876560333,-10.997963082737297,0.0,0.0,LOSS,2026-07-29 23:45:00+00:00,0.0928,已平倉,1.0,成交量瞬間過熱,核心,,,,,,,,,,,,,,4.0,,,,,False,2026-05,0.2152489237665261,False,False,-10.997963082737297,保留V94核心,,,,,CORE,0.2152489237665261,b0aa097b01586676e42c78543873c89ba267ea6b8d51ca8f6c50fc04d56fd33e,2026-05-23 06:00:00+00:00,2026-05-23 05:45:00+00:00,0.0,,,-34.18858791332793,,,,,,,,,,,,,,,,,,,,,,
V84,均線假跌破站回,Binance,IDOL/USDT:USDT,IDOL,小幣,2026-05-26 17:00:00+00:00,2026-05-26 17:15:00+00:00,0.02591,0.025542,0.000368,0.014203010420687005,1.0920436817472678,0.4261913986826737,3.4232275496367057,1.8077425165455687,4.933333333333306,0.4585251448142627,17.907608695652165,42.17937404495497,2.9320987654321007,False,4.357931757882407,4.0,0.027382,0.02775,0.028118,2026-05-27 10:15:00+00:00,0.028118,TP3賣全部剩餘,勝,4.0,3.870847316403469,38.70847316403469,2026-05-26 17:15:00+00:00,LONG,LONG,V85暴漲前布局,0.2229160311888748,,只限BTCETH加大尾單,10,進場前歷史：10日均線持有品質較高,短線轉弱或趨勢不夠順（效率0.05），使用5日線,1,7,5.0,False,一般配置,0.5,0.2,0.15,0.15,-0.1842918041924866,-0.1391266721794583,2026-05-27 09:30:00+00:00,2026-05-27 09:30:00+00:00,2026-05-27 10:15:00+00:00,2026-06-04 00:00:00+00:00,2026-05-27 10:15:00+00:00,0.028118,TP3賣全部剩餘,0.0,4.829347826086956,4.618991304347826,46.99455493030213,0.0,0.0,WIN,2026-07-29 23:45:00+00:00,0.01529,已平倉,1.0,成交量瞬間過熱,核心,,,,,,,,,,,,,,4.0,,,,,False,2026-05,0.2229160311888748,False,False,38.70847316403469,保留V94核心,,,,,CORE,0.2229160311888748,594be9489011569e2d51cbdb377929d2e76e3e3f85607790f8489b43573b7dd8,2026-05-26 17:15:00+00:00,2026-05-26 17:00:00+00:00,5.0,短線轉弱或趨勢不夠順（效率0.18），使用5日線,,141.88909481629466,,,,,,,,,,,,,,,,,,,,,,
,,Binance,WAL/USDT:USDT,WAL,,,2026-05-29 02:45:00+00:00,0.06137,0.062572,,0.019586116995274593,,,,,,,,,,,,,0.0565619999999999,0.0541579999999999,0.0517539999999999,2026-06-01 07:00:00+00:00,0.061259633330003005,含成本保本,WIN,,,,,SHORT,SHORT,V72.8S核心,1092.073686787973,12.90203466514787,只限BTCETH加大尾單,5,進場前歷史：5日均線持有品質較高,趨勢完整且順暢（效率0.68），使用10日線,0,3,,False,一般配置,0.5,0.2,0.15,0.15,-0.0086958684818786,-0.0725177395663808,2026-05-29 21:30:00+00:00,,,,2026-06-01 07:00:00+00:00,0.061259633330003005,含成本保本,0.0,2.0000000000000404,1.9558490848586068,24.65210629858923,0.0,0.0,WIN,2026-07-29 23:45:00+00:00,0.02508,已平倉,,,核心,✅,C0045,V65_REENTRY,V65_CORE,CORE_PROTECTED,2026-05-29T21:30:00+00:00,,,,NOT_USED,50.479188851264695,0.0,,4.000000000000081,False,,2026-05-29 10:45:00+08:00,2026-05-30 05:30:00+08:00,False,,,,,50.479188851264695,保留V94核心,,,,,CORE,1092.073686787973,6e393fb87ffcea6a96e6b7199ca18d8c7e158d4c83389f98dcd9d1a373e220da,2026-05-29 02:45:00+00:00,,10.0,趨勢完整且順暢（效率0.58），使用10日線,核心反彈失敗空單,62.85614515555485,,,,,,,,,,,,,,,,,,,,,,
V84,均線假跌破站回,Binance,KAIA/USDT:USDT,KAIA,小幣,2026-05-29 20:15:00+00:00,2026-05-29 20:30:00+00:00,0.04903453142857143,0.04833582142857143,0.0006987099999999982,0.01424934591284529,0.7809288943690929,0.3478616738285423,3.314002637590167,2.3322491199551,5.705329153605005,0.3867209390578708,13.952964313516697,44.365646980090816,1.5089722675367012,False,2.704853383748808,3.9999999999999702,0.0518293714285714,0.0525267142857142,0.0532240571428571,2026-05-30 22:30:00+00:00,0.04833582142857143,原停損,敗,-1.0,-1.1245444839794791,-11.245444839794793,2026-05-29 20:30:00+00:00,LONG,LONG,V85暴漲前布局,0.2260456368728757,,只限BTCETH加大尾單,10,進場前歷史：10日均線持有品質較高,進場前歷史：10日均線持有品質較高,0,0,,False,一般配置,0.5,0.2,0.15,0.15,-0.2258380220994327,-0.1608130834799413,,,,,2026-05-30 22:30:00+00:00,0.04833582142857143,原停損,0.0,-1.0,-1.125421587742309,-11.245444839794702,0.0,0.0,LOSS,2026-07-29 23:45:00+00:00,0.02587,已平倉,2.0,成交量瞬間過熱、量能堆積過頭,核心,,,,,,,,,,,,,,3.9999999999999702,,,,,False,2026-05,0.2260456368728757,False,False,-11.245444839794793,保留V94核心,,,,,CORE,0.2260456368728757,b90af40ff8ffb0c77fc60605321ff5c8153b09e44fbfab0d159a2004635b6008,2026-05-29 20:30:00+00:00,2026-05-29 20:15:00+00:00,0.0,,,-36.151642632011985,0.04904,0.04903453142857143,2026-05-29 20:30:00+00:00,2026-05-29 20:30:00+00:00,0.0483426571428571,0.04837,2026-05-29 19:15:00+00:00,0.00022785714285714374,0.15,0.04833582142857143,0.19605031342797563,0.0518293714285714,3.9999999999999702,0.04903453142857143,等回踩重新定價,,,,,,,
V84,均線假跌破站回,Binance,CL/USDT:USDT,CL,小幣,2026-06-01 06:00:00+00:00,2026-06-01 06:15:00+00:00,89.99,89.15528571428571,0.8347142857142842,0.009275633800581001,0.3792949576082227,0.1112594570538583,1.6339155792439777,1.6976541158117235,3.8370370370370375,0.2114763214579323,21.06109875064183,37.88872645522743,4.689931095799071,True,2.1284947669454333,4.0,93.32885714285712,94.16357142857142,94.9982857142857,2026-06-02 08:45:00+00:00,90.1521279151236,含成本保本,勝,4.0,3.8041342369463647,38.04134236946365,2026-06-01 06:15:00+00:00,LONG,LONG,V85暴漲前布局,0.2395241939836017,,只限BTCETH加大尾單,10,進場前歷史：10日均線持有品質較高,趨勢完整且順暢（效率0.48），使用10日線,2,2,,False,一般配置,0.5,0.2,0.15,0.15,-0.1411466149076108,0.0816007230432967,2026-06-01 13:45:00+00:00,2026-06-01 14:00:00+00:00,,,2026-06-02 08:45:00+00:00,90.1521279151236,含成本保本,0.0,3.899999999999992,3.101532384905004,37.04223421416002,0.0,0.0,WIN,2026-07-29 23:45:00+00:00,84.27,已平倉,1.0,空間數值異常,核心,,,,,,,,,,,,,,3.999999999999983,,,,,False,2026-06,0.2395241939836017,False,False,38.04134236946365,保留V94核心,,,,,CORE,0.2395241939836017,175f420fbed5308dc981ce6b1a8f6256f25fd172b561aa5c63f50196950c79d6,2026-06-01 06:15:00+00:00,2026-06-01 06:00:00+00:00,5.0,短線轉弱或趨勢不夠順（效率-0.62），使用5日線,,100.48091655840952,,,,,,,,,,,,,,,,,,,,,,
V84,壓縮早突破,Binance,JPM/USDT:USDT,JPM,小幣,2026-06-03 16:30:00+00:00,2026-06-03 16:45:00+00:00,300.6,296.5472571428571,4.052742857142903,0.013482178500142723,0.9399127223900684,0.9534680722486976,3.064197530864197,1.3544581618655762,2.796857463524133,0.023810604609434,5.541925750461701,45.930907713362345,0.4323245759893623,False,1.2,4.0,316.81097142857163,320.86371428571454,324.91645714285744,2026-06-10 20:45:00+00:00,309.18,5日線弱化退出,勝,4.0,3.86413283057628,38.641328305762805,2026-06-03 16:45:00+00:00,LONG,LONG,V85暴漲前布局,0.2268263605966877,,只限BTCETH加大尾單,10,歷史不足，保守使用10日均線,短線轉弱或趨勢不夠順（效率0.42），使用5日線,3,5,5.0,False,一般配置,0.5,0.2,0.15,0.15,,,2026-06-08 13:30:00+00:00,,,2026-06-16 00:00:00+00:00,2026-06-10 20:45:00+00:00,309.18,5日線弱化退出,0.0,4.599526246774662,2.9222800939046447,44.6312439304737,0.0,0.0,WIN,2026-07-29 23:45:00+00:00,345.72,已平倉,2.0,成交量瞬間過熱、結構太窄,核心,,,,,,,,,,,,,,4.0,,,,,False,2026-06,0.2268263605966877,False,False,38.641328305762805,保留V94核心,,,,,CORE,0.2268263605966877,a17c5066c6fad2805f20e775ae26cd5549c1e0369ba1d8bf647e78c0cf80d3d6,2026-06-03 16:45:00+00:00,2026-06-03 16:30:00+00:00,5.0,短線轉弱或趨勢不夠順（效率0.28），使用5日線,,97.6315582228446,,,,,,,,,,,,,,,,,,,,,,
,,Binance,SONIC/USDT:USDT,SONIC,,,2026-06-04 16:30:00+00:00,0.03051,0.0310239285714285,,0.016844594278220323,,,,,,,,,,,,,0.0284542857142857,0.0274264285714289,0.0263985714285719,2026-06-06 04:00:00+00:00,0.0263985714285719,TP3賣全部剩餘,WIN,,,,,SHORT,SHORT,V72.8S核心,1016.6846136239576,14.247522801384653,只限BTCETH加大尾單,10,進場前歷史：10日均線持有品質較高,短線轉弱或趨勢不夠順（效率-0.18），使用5日線,3,4,5.0,False,一般配置,0.5,0.2,0.15,0.15,-0.0951251221684081,-0.0859554231769219,2026-06-05 06:00:00+00:00,2026-06-05 06:15:00+00:00,2026-06-06 04:00:00+00:00,2026-06-12 00:00:00+00:00,2026-06-06 04:00:00+00:00,0.0263985714285719,TP3賣全部剩餘,0.0,5.453648366921956,5.398090792217169,76.26159353033185,0.0,0.0,WIN,2026-07-29 23:45:00+00:00,0.01971,已平倉,,,核心,✅,C0048,V65_REENTRY,V65_CORE,CORE_PROTECTED,2026-06-05T06:00:00+00:00,,,,NOT_USED,55.53223438157654,0.0,,4.000000000000567,False,,2026-06-05 00:30:00+08:00,2026-06-05 14:00:00+08:00,False,,,,,55.53223438157654,保留V94核心,,,,,CORE,1016.6846136239576,3f691bb94be8c2da2bfde31b5a03051d7d3e7600f9f8b05fabd4b837248c73e0,2026-06-04 16:30:00+00:00,,10.0,趨勢完整且順暢（效率0.78），使用10日線,核心反彈失敗空單,180.22646179405444,,,,,,,,,,,,,,,,,,,,,,
V84,壓縮早突破,Binance,BTCDOM/USDT:USDT,BTCDOM,小幣,2026-06-04 21:15:00+00:00,2026-06-04 21:30:00+00:00,5422.62537142857,5380.083571428571,42.54179999999906,0.007845240466757816,0.6532066508313505,0.3422440107298197,1.7776029373196958,1.076405280181842,2.9887640449438075,0.1987639544542332,5.15619954794971,38.85881507170833,2.074115044247793,True,1.2,4.000000000000043,5592.792571428568,5635.265714285711,5677.738857142853,2026-06-05 19:15:00+00:00,5677.738857142853,TP3賣全部剩餘,勝,4.0,3.7686941361824777,37.68694136182478,2026-06-04 21:30:00+00:00,LONG,LONG,V85暴漲前布局,0.2275489857878936,,只限BTCETH加大尾單,10,進場前歷史：10日均線持有品質較高,短線轉弱或趨勢不夠順（效率0.45），使用5日線,3,1,5.0,False,一般配置,0.5,0.2,0.15,0.15,-0.0748636558051839,-0.0159712679755564,2026-06-05 06:15:00+00:00,2026-06-05 16:00:00+00:00,2026-06-05 19:15:00+00:00,2026-06-09 00:00:00+00:00,2026-06-05 19:15:00+00:00,5677.738857142853,TP3賣全部剩餘,0.0,4.36617694543107,4.515077209306116,41.34544508646799,0.0,0.0,WIN,2026-07-29 23:45:00+00:00,5505.4,已平倉,1.0,結構太窄,核心,,,,,,,,,,,,,,4.000000000000043,,,,,False,2026-06,0.2275489857878936,False,False,37.68694136182478,保留V94核心,,,,,CORE,0.2275489857878936,13f4007fbca929d93d03a1da595570a34ca7c714d51d496bf85615808c5ffa1b,2026-06-04 21:30:00+00:00,2026-06-04 21:15:00+00:00,5.0,短線轉弱或趨勢不夠順（效率-0.04），使用5日線,,150.6646785568757,5422.9,5422.62537142857,2026-06-04 21:30:00+00:00,2026-06-04 21:30:00+00:00,5380.426857142857,5381.8,2026-06-04 20:15:00+00:00,11.44285714285713,0.15,5380.083571428571,0.161648369389078,5592.792571428568,4.000000000000043,5422.62537142857,等回踩重新定價,,,,,,,
V84,均線假跌破站回,Binance,USTC/USDT:USDT,USTC,小幣,2026-06-08 02:30:00+00:00,2026-06-08 02:45:00+00:00,0.005914952571428557,0.005787453571428571,0.0001274989999999858,0.021555371486130567,1.283147989734812,0.5605571598437331,3.59488876801599,2.3362006669408,5.407528641571201,0.3542676964833212,16.8111288258145,45.79981555962876,2.195945945945943,False,3.85261594530358,4.0,0.0064249485714285,0.0065521857142857,0.0066794228571428,2026-06-08 14:15:00+00:00,0.0066794228571428,TP3賣全部剩餘,勝,4.0,3.913498454260169,39.13498454260169,2026-06-08 02:45:00+00:00,LONG,LONG,V85暴漲前布局,0.2198068772635115,,只限BTCETH加大尾單,10,進場前歷史：10日均線持有品質較高,短線轉弱或趨勢不夠順（效率0.25），使用5日線,2,0,,False,一般配置,0.5,0.2,0.15,0.15,-0.0849094717038129,0.0048020276375877,2026-06-08 14:00:00+00:00,2026-06-08 14:15:00+00:00,2026-06-08 14:15:00+00:00,,2026-06-08 14:15:00+00:00,0.0066794228571428,TP3賣全部剩餘,0.0,3.899999999997859,4.660680170376903,38.135876387277136,0.0,0.0,WIN,2026-07-29 23:45:00+00:00,0.004884,已平倉,2.0,成交量瞬間過熱、量能堆積過頭,核心,,,,,,,,,,,,,,4.0,,,,,False,2026-06,0.2198068772635115,False,False,39.13498454260169,保留V94核心,,,,,CORE,0.2198068772635115,1af459fa7036ae726438b2a9107745088d85dc3ad9181b8c87d914b1dddefb4f,2026-06-08 02:45:00+00:00,2026-06-08 02:30:00+00:00,5.0,短線轉弱或趨勢不夠順（效率-0.44），使用5日線,單標的量能堆積加高結構分,171.02825586753545,0.005916,0.005914952571428557,2026-06-08 02:45:00+00:00,2026-06-08 02:45:00+00:00,0.0057887628571428,0.005794,2026-06-08 01:15:00+00:00,4.364285714285711e-05,0.15,0.005787453571428571,0.2058024385843904,0.0064249485714285,4.0,0.005914952571428557,等回踩重新定價,,,,True,2.1507292572211045,2.3362006669407993,0.5605571598437331
V84,均線假跌破站回,Binance,LAYER/USDT:USDT,LAYER,小幣,2026-06-14 12:15:00+00:00,2026-06-14 12:30:00+00:00,0.06721,0.0659854285714285,0.0012245714285714,0.01822007779454702,1.2345679012345512,0.991288675277846,3.237473922297226,2.102912273554204,4.46923076923077,0.5196336218962831,26.11525898273462,46.23166382048399,1.2938726948245272,False,2.7530517610522964,4.0,0.0721082857142857,0.0733328571428571,0.0745574285714285,2026-06-14 13:30:00+00:00,0.0659854285714285,原停損,敗,-1.0,-1.097005069522296,-10.97005069522296,2026-06-14 12:30:00+00:00,LONG,LONG,V85暴漲前布局,0.226075048660251,,只限BTCETH加大尾單,5,進場前歷史：5日均線持有品質較高,進場前歷史：5日均線持有品質較高,0,0,,False,一般配置,0.5,0.2,0.15,0.15,-0.1269694947713138,-0.1304717169883376,,,,,2026-06-14 13:30:00+00:00,0.0659854285714285,原停損,0.0,-1.0,-1.0978921138590698,-10.970050695222891,0.0,0.0,LOSS,2026-07-29 23:45:00+00:00,0.05916,已平倉,2.0,成交量瞬間過熱、空間數值異常,核心,,,,,,,,,,,,,,3.999999999999728,,,,,False,2026-06,0.226075048660251,False,False,-10.97005069522296,保留V94核心,,,,,CORE,0.226075048660251,f2aedc00bf27f0d254af3de98d95291ccc91aa274926111417b63df98a7e3ee8,2026-06-14 12:30:00+00:00,2026-06-14 12:15:00+00:00,0.0,,單標的量能堆積加高結構分,-43.262314509972036,,,,,,,,,,,,,,,,,,,,,,
V84,壓縮早突破,Binance,ZM/USDT:USDT,ZM,小幣,2026-06-23 23:45:00+00:00,2026-06-24 00:00:00+00:00,86.44,85.35065714285714,1.089342857142853,0.012602300522244944,0.5467023380248959,0.6989748369058635,2.5174023203093743,2.0701426856914265,2.9281045751633865,0.2748432268263457,9.638838618302028,50.730123674074285,0.1966682091624205,False,1.303346850061723,4.0,90.7973714285714,91.88671428571426,92.97605714285712,2026-06-24 13:15:00+00:00,85.35065714285714,原停損,敗,-1.0,-1.1406449635841558,-11.406449635841556,2026-06-24 00:00:00+00:00,LONG,LONG,V85暴漲前布局,0.2232666442091923,,只限BTCETH加大尾單,10,歷史不足，保守使用10日均線,歷史不足，保守使用10日均線,0,0,,False,一般配置,0.5,0.2,0.15,0.15,,,,,,,2026-06-24 13:15:00+00:00,85.35065714285714,原停損,0.0,-1.0,-1.1419310645998904,-11.406449635841556,0.0,0.0,LOSS,2026-07-29 23:45:00+00:00,92.42,已平倉,1.0,結構太窄,核心,,,,,,,,,,,,,,3.999999999999987,,,,,False,2026-06,0.2232666442091923,False,False,-11.406449635841556,保留V94核心,,,,,CORE,0.2232666442091923,11d7dab44ff6111c5cd9e8173ae2afcd6515cb298017761ca35394b4530289da,2026-06-24 00:00:00+00:00,2026-06-23 23:45:00+00:00,0.0,,單標的量能堆積加高結構分,-44.5036385718453,,,,,,,,,,,,,,,,,,,,,,
V84,壓縮早突破,Binance,EWZ/USDT:USDT,EWZ,小幣,2026-06-24 20:30:00+00:00,2026-06-24 20:45:00+00:00,34.01,33.67894285714286,0.3310571428571407,0.009734111815852419,0.4431314623338123,0.591715976331364,3.2267579668159074,2.572908436484944,3.2558139534883668,0.4979952705228462,5.678777940795764,55.56362066699417,0.2647058823529447,False,1.2253560812351354,4.0,35.33422857142856,35.6652857142857,35.99634285714284,2026-07-05 17:45:00+00:00,34.77,5日線弱化退出,未平,0.5739190472080963,0.3901660968254427,3.9016609682544265,2026-06-24 20:45:00+00:00,LONG,LONG,V85暴漲前布局,0.2276902486321904,,只限BTCETH加大尾單,10,歷史不足，保守使用10日均線,短線轉弱或趨勢不夠順（效率0.54），使用5日線,2,2,5.0,False,一般配置,0.5,0.2,0.15,0.15,,,2026-07-03 12:45:00+00:00,,,2026-07-07 00:00:00+00:00,2026-07-05 17:45:00+00:00,34.77,5日線弱化退出,0.0,3.510313282126531,2.9600883231207527,33.239415241187615,0.0,0.0,WIN,2026-07-29 23:45:00+00:00,35.57,已平倉,2.0,成交量瞬間過熱、量能堆積過頭,核心,,,,,,,,,,,,,,4.0,,,,,False,2026-06,0.2276902486321904,False,False,0.0,保留V94核心,,,,,CORE,0.2276902486321904,544c0257dac71b29407138f83f70ee5907f590ae556c2f62fbc35c8957abdd3f,2026-06-24 20:45:00+00:00,2026-06-24 20:30:00+00:00,5.0,短線轉弱或趨勢不夠順（效率0.11），使用5日線,單標的量能堆積加高結構分,114.04399568235782,,,,,,,,,,,,,,,,,,,,,,
V84,壓縮早突破,Binance,ESP/USDT:USDT,ESP,小幣,2026-06-25 19:45:00+00:00,2026-06-25 20:00:00+00:00,0.059508942857142845,0.05772089285714286,0.0017880499999999855,0.030046744474899814,1.9701901661812733,1.3451387706453266,2.281879704862172,1.7629901145571008,2.995348837209296,0.1544167666392079,10.4633111946867,45.370233563025735,12.096774193548375,True,3.787644116599107,4.0000000000000036,0.0666611428571428,0.0684464285714286,0.0702317142857143,2026-06-27 00:00:00+00:00,0.0702317142857143,TP3賣全部剩餘,勝,4.0,3.93696584129398,39.3696584129398,2026-06-25 20:00:00+00:00,LONG,LONG,V96強勢突破延續_驗證型,45.370233563025735,10.0,只限BTCETH加大尾單,10,進場前歷史：10日均線持有品質較高,短線轉弱或趨勢不夠順（效率0.53），使用5日線,3,0,,False,一般配置,0.5,0.2,0.15,0.15,-0.2700260153743672,-0.2248810607441542,2026-06-26 03:45:00+00:00,2026-06-26 23:30:00+00:00,2026-06-27 00:00:00+00:00,,2026-06-27 00:00:00+00:00,0.0702317142857143,TP3賣全部剩餘,0.0,4.422605425301842,4.6846599036460645,43.59194368188575,0.0,0.0,WIN,2026-07-29 23:45:00+00:00,0.06525,已平倉,,,新增,,,,,,,,,,,,,,4.0000000000000036,,,,,,,,,,,,,,,,CORE,45.370233563025735,857de4814a691bca90efcf9ed7af63a49c8c6fd59d1036e33e516d949d288c41,2026-06-25 20:00:00+00:00,2026-06-25 19:45:00+00:00,5.0,短線轉弱或趨勢不夠順（效率0.19），使用5日線,,180.32008169977306,0.05952,0.059508942857142845,2026-06-25 20:00:00+00:00,2026-06-25 20:00:00+00:00,0.0577347142857142,0.05779,2026-06-25 18:30:00+00:00,0.0004607142857142865,0.15,0.05772089285714286,0.15483716091291289,0.0666611428571428,4.0000000000000036,0.059508942857142845,等回踩重新定價,,,,,,,
V84,壓縮早突破,Binance,XMR/USDT:USDT,XMR,小幣,2026-06-26 15:00:00+00:00,2026-06-26 15:15:00+00:00,316.88,303.47097142857143,13.409028571428564,0.04231579327009772,2.104076043177039,2.939934379365239,2.828514138374172,1.6695484299817156,3.254635911352327,0.4981981471402233,8.359293098892863,47.93585506678237,2.328957334006554,False,3.8474994729737566,4.0,370.5161142857143,383.9251428571428,397.3341714285714,2026-06-29 13:45:00+00:00,303.47097142857143,原停損,敗,-1.0,-1.041260015284675,-10.41260015284675,2026-06-26 15:15:00+00:00,LONG,LONG,V96強勢突破延續_驗證型,47.93585506678237,10.0,只限BTCETH加大尾單,10,進場前歷史：10日均線持有品質較高,進場前歷史：10日均線持有品質較高,0,0,,False,一般配置,0.5,0.2,0.15,0.15,-0.175876033433391,-0.1476742297665005,,,,,2026-06-29 13:45:00+00:00,303.47097142857143,原停損,0.0,-1.0,-1.0416373096165483,-10.41260015284675,0.0,0.0,LOSS,2026-07-29 19:00:00+00:00,353.61,已平倉,,,新增,,,,,,,,,,,,,,4.000000000000004,,,,,,,,,,,,,,,,CORE,47.93585506678237,47e474c15df9f06a33f366882f0dd35848b5b3b73ded167dbd1b3c3ba42e8e94,2026-06-26 15:15:00+00:00,2026-06-26 15:00:00+00:00,0.0,,,-40.87744236238011,,,,,,,,,,,,,,,,,,,,,,
V84,均線假跌破站回,BingX,CAT/USDT:USDT,CAT,小幣,2026-07-01 20:30:00+00:00,2026-07-01 20:45:00+00:00,992.0,978.4026732030279,1.7980999999991356e-05,0.013706982658237988,1.156515034695449,0.3825554705432221,1.266632189086233,1.220751274362335,3.467889908256897,0.1635601464042791,35.96463278636268,33.55099972034694,5.640243902439024,True,2.657148046240052,4.000000000000024,1046.3893071878886,1059.9513083962597,1073.5133096046309,2026-07-02 09:15:00+00:00,978.4026732030279,原停損,勝,4.0,3.865945100228832,38.65945100228831,2026-07-01 20:45:00+00:00,LONG,LONG,V85暴漲前布局,0.25104464480054,,只限BTCETH加大尾單,5,進場前歷史：5日均線持有品質較高,短線轉弱或趨勢不夠順（效率0.21），使用5日線,1,0,,False,一般配置,0.5,0.2,0.15,0.15,-0.1515353303004597,-0.1591256057145108,,,,,2026-07-02 09:15:00+00:00,978.4026732030279,原停損,0.0,1.9999999999972191,-1.130419929767197,18.677287896190663,0.0,0.0,LOSS,2026-07-29 23:45:00+00:00,779.7,已平倉,1.0,空間數值異常,核心,,,,,,,,,,,,,,4.000000000000017,,,,,False,2026-07,0.25104464480054,False,False,38.65945100228831,保留V94核心,,,,,CORE,-1.74895535519946,709b7d042dc79313d51cfcdaea2d8849e71b0f57b3fcf8ebafcbd30af87c5d21,2026-07-01 20:45:00+00:00,2026-07-01 20:30:00+00:00,0.0,,,-45.0879655614955,0.001312,0.001311813142857134,2026-07-01 20:45:00+00:00,2026-07-01 20:45:00+00:00,0.0012940657142857,0.001295,2026-07-01 19:45:00+00:00,7.785714285714282e-06,0.15,0.0012938321428571428,0.2604747489563186,0.0013837371428571,4.000000000000024,0.001311813142857134,等回踩重新定價,0.001311813142857134,1000CAT/USDT:USDT,756205.2609409143,,,,
V84,壓縮早突破,Binance,ALPINE/USDT:USDT,ALPINE,小幣,2026-07-01 21:45:00+00:00,2026-07-01 22:00:00+00:00,0.32084702857142855,0.3131689285714286,0.0076780999999999655,0.02393071874215793,1.16608887488181,1.7432646592709933,2.5222386333044726,1.4207599382037626,3.3074433656958,0.7815477513359118,13.81630446937787,45.2996716461334,1.183800623052944,False,2.632384784294969,4.000000000000021,0.3515594285714286,0.3592242857142857,0.3668891428571428,2026-07-06 12:00:00+00:00,0.3131689285714286,原停損,敗,-1.0,-1.073784814700745,-10.73784814700745,2026-07-01 22:00:00+00:00,LONG,LONG,V96強勢突破延續_驗證型,45.2996716461334,10.0,只限BTCETH加大尾單,10,進場前歷史：10日均線持有品質較高,進場前歷史：10日均線持有品質較高,0,0,,False,一般配置,0.5,0.2,0.15,0.15,-0.1488250132296493,-0.0546503855122604,,,,,2026-07-06 12:00:00+00:00,0.3131689285714286,原停損,0.0,-1.0,-1.0743171307261659,-10.737848147007448,0.0,0.0,LOSS,2026-07-29 23:45:00+00:00,0.3141,已平倉,,,,,,,,,,,,,,,,,4.000000000000021,,,,,,,,,,,,,,當下已滿五倉,新增,CORE,45.2996716461334,4cdcc601760132350b8ee7ea152dff5a350a4544594ee0be11f79930835504b0,2026-07-01 22:00:00+00:00,2026-07-01 21:45:00+00:00,0.0,,,-42.822112062738555,0.3209,0.32084702857142855,2026-07-01 22:00:00+00:00,2026-07-01 22:00:00+00:00,0.3132351428571429,0.3135,2026-07-01 19:15:00+00:00,0.002207142857142844,0.15,0.3131689285714286,0.1727736981395278,0.3515594285714286,4.000000000000021,0.32084702857142855,等回踩重新定價,,,,,,,
V84,壓縮早突破,Binance,GTC/USDT:USDT,GTC,小幣,2026-07-05 20:15:00+00:00,2026-07-05 20:30:00+00:00,0.07467293714285712,0.07393585714285715,0.0007370799999999733,0.00987077819893253,0.6195286195286309,0.4031716167181676,3.897139992418962,2.0877517332454323,2.00485436893203,0.2386433661815806,16.64594342555206,51.28561958875426,1.2581983670191257,False,2.942016248542949,3.9999999999999813,0.077621257142857,0.0783565714285713,0.0790918857142856,2026-07-06 04:15:00+00:00,0.07393585714285715,原停損,敗,-1.0,-1.180263242931478,-11.80263242931478,2026-07-05 20:30:00+00:00,LONG,LONG,V85暴漲前布局,0.2414942390351924,,只限BTCETH加大尾單,10,進場前歷史：10日均線持有品質較高,進場前歷史：10日均線持有品質較高,0,0,,False,一般配置,0.5,0.2,0.15,0.15,-0.0032924299835296,0.0135842710386622,,,,,2026-07-06 04:15:00+00:00,0.07393585714285715,原停損,0.0,-1.0,-1.1814564427974543,-11.802632429314713,0.0,0.0,LOSS,2026-07-29 23:45:00+00:00,0.07341,已平倉,2.0,成交量瞬間過熱、結構太窄,核心,,,,,,,,,,,,,,3.9999999999999813,,,,,False,2026-07,0.2414942390351924,False,False,-11.80263242931478,保留V94核心,,,,,CORE,0.2414942390351924,2bf9a46a7f84f915a5e40f0e0d35ca15caeaced6de91c4cc4e5268ca56e15bbd,2026-07-05 20:30:00+00:00,2026-07-05 20:15:00+00:00,0.0,,單標的量能堆積加高結構分,-47.96266955855821,0.07468,0.07467293714285712,2026-07-05 20:30:00+00:00,2026-07-05 20:30:00+00:00,0.0739446857142857,0.07398,2026-07-05 19:15:00+00:00,0.0002942857142857122,0.15,0.07393585714285715,0.2401305564134093,0.077621257142857,3.9999999999999813,0.07467293714285712,等回踩重新定價,,,,,,,
V84,壓縮早突破,Binance,IMX/USDT:USDT,IMX,小幣,2026-07-06 04:15:00+00:00,2026-07-06 04:30:00+00:00,0.1394,0.1364945714285714,0.0029054285714285,0.020842385734781827,1.381818181818173,1.6034985422740622,2.367260439670912,1.605560906322661,2.845528455284548,0.5542740522401809,4.956239551578347,45.99216367976407,3.658536585365857,True,2.8437259515231808,4.0,0.1510217142857142,0.1539271428571428,0.1568325714285713,2026-07-06 12:00:00+00:00,0.1364945714285714,原停損,敗,-1.0,-1.0846880603877795,-10.846880603877796,2026-07-06 04:30:00+00:00,LONG,LONG,V96強勢突破延續_驗證型,45.99216367976407,10.0,只限BTCETH加大尾單,10,進場前歷史：10日均線持有品質較高,進場前歷史：10日均線持有品質較高,0,0,,False,一般配置,0.5,0.2,0.15,0.15,-0.1213736491194309,0.0296261281310806,,,,,2026-07-06 12:00:00+00:00,0.1364945714285714,原停損,0.0,-1.0,-1.085462474186252,-10.84688060387779,0.0,0.0,LOSS,2026-07-29 23:45:00+00:00,0.1085,已平倉,,,新增,,,,,,,,,,,,,,3.999999999999952,,,,,,,,,,,,,,,,CORE,45.99216367976407,219bd61b05d99258044a28de7679844eddb6ae5b1c047ac68ab4f9616b982f7f,2026-07-06 04:30:00+00:00,2026-07-06 04:15:00+00:00,0.0,,,-43.54506019470181,,,,,,,,,,,,,,,,,,,,,,
V84,均線假跌破站回,Binance,TSM/USDT:USDT,TSM,小幣,2026-07-06 12:00:00+00:00,2026-07-06 12:15:00+00:00,447.49,444.3897142857143,3.1002857142857465,0.006928167588740954,0.4173866211879762,0.2307037584554194,2.3809785596481587,1.5662818398387424,3.030263157894724,0.3204842841898697,10.176481430282822,41.778067340461696,2.976602829113495,True,1.836110829680571,4.0,459.891142857143,462.9914285714288,466.0917142857145,2026-07-07 01:15:00+00:00,448.2962075868281,含成本保本,勝,4.0,3.738977908973917,37.38977908973917,2026-07-06 12:15:00+00:00,LONG,LONG,V85暴漲前布局,0.2399138154810355,,只限BTCETH加大尾單,5,進場前歷史：5日均線持有品質較高,短線轉弱或趨勢不夠順（效率0.08），使用5日線,1,0,,False,一般配置,0.5,0.2,0.15,0.15,-0.0362846655273581,-0.1043108590970417,2026-07-06 14:15:00+00:00,,,,2026-07-07 01:15:00+00:00,448.2962075868281,含成本保本,0.0,2.000000000000037,1.8682955211501475,17.4076159836686,0.0,0.0,WIN,2026-07-29 23:45:00+00:00,375.12,已平倉,1.0,結構太窄,核心,,,,,,,,,,,,,,4.000000000000074,,,,,False,2026-07,0.2399138154810355,False,False,37.38977908973917,保留V94核心,,,,,CORE,0.2399138154810355,b8f79a9af4496b55368260a843e381c617d3db219529cda21fdd2d7fa8ebd73c,2026-07-06 12:15:00+00:00,2026-07-06 12:00:00+00:00,5.0,短線轉弱或趨勢不夠順（效率-0.50），使用5日線,低追價窄停損早期趨勢,73.36407081489408,,,,,,,,,,,,,,,,,,,,,,
V84,壓縮早突破,Binance,BZ/USDT:USDT,BZ,小幣,2026-07-06 13:15:00+00:00,2026-07-06 13:30:00+00:00,72.25,71.34922857142857,0.9007714285714314,0.012467424616905625,0.865438302624244,0.3889969435954432,1.3892328640481235,2.410683053651626,3.119777158774347,0.2949373439354333,27.876106194690177,48.64370205470978,0.456684195959034,False,1.400905459057534,4.0,75.85308571428573,76.75385714285716,77.65462857142859,2026-07-08 08:15:00+00:00,77.65462857142859,TP3賣全部剩餘,勝,4.0,3.853364630212011,38.53364630212011,2026-07-06 13:30:00+00:00,LONG,LONG,V85暴漲前布局,0.2270895281272574,,只限BTCETH加大尾單,10,進場前歷史：10日均線持有品質較高,短線轉弱或趨勢不夠順（效率0.23），使用5日線,3,16,5.0,False,一般配置,0.5,0.2,0.15,0.15,-0.1450133168338398,0.0461518758029578,2026-07-07 19:00:00+00:00,2026-07-08 08:15:00+00:00,2026-07-08 08:15:00+00:00,2026-07-26 00:00:00+00:00,2026-07-08 08:15:00+00:00,77.65462857142859,TP3賣全部剩餘,0.0,6.810838329051281,4.601348751070511,66.61696128006933,0.0,0.0,WIN,2026-07-29 23:45:00+00:00,87.67,已平倉,2.0,量能堆積過頭、空間數值異常,核心,,,,,,,,,,,,,,4.0,,,,,False,2026-07,0.2270895281272574,False,False,38.53364630212011,保留V94核心,,,,,CORE,0.2270895281272574,750f7befe5488b7ba74e67c89ee84a1cb472201876b4d9f3fdebca1640c08186,2026-07-06 13:30:00+00:00,2026-07-06 13:15:00+00:00,5.0,短線轉弱或趨勢不夠順（效率0.54），使用5日線,單標的量能堆積加高結構分,180.4506559465342,,,,,,,,,,,,,,,,,,,,,,
V84,均線假跌破站回,Binance,BZ/USDT:USDT,BZ,小幣,2026-07-08 14:00:00+00:00,2026-07-08 17:15:00+00:00,78.45734857142857,77.03092857142857,1.4264199999999931,0.018180833611798165,0.8482200231332726,0.7446398767492646,1.5847458954264428,1.4091352012703582,3.869918699186976,0.0879209671715893,13.27237322840972,35.139165899469134,2.54874474321396,True,1.4956646484717788,4.00000000000001,84.16302857142855,85.5862857142857,87.00954285714283,2026-07-09 07:30:00+00:00,77.03092857142857,原停損,敗,-1.0,-1.0974502626059526,-10.974502626059524,2026-07-08 14:15:00+00:00,LONG,LONG,V85暴漲前布局,0.2234533807033312,,只限BTCETH加大尾單,10,進場前歷史：10日均線持有品質較高,進場前歷史：10日均線持有品質較高,0,0,,False,一般配置,0.5,0.2,0.15,0.15,-0.1147838245823048,0.0453535710059772,,,,,2026-07-09 07:30:00+00:00,77.03092857142857,原停損,0.0,-1.0,-1.0981053612740792,-10.974502626059524,0.0,0.0,LOSS,2026-07-29 23:45:00+00:00,87.67,已平倉,0.0,,核心,,,,,,,,,,,,,,4.00000000000001,,,,,False,2026-07,0.2234533807033312,False,False,-10.974502626059524,保留V94核心,,,,,CORE,0.2234533807033312,f12eadb7ecd8c7d351b4d2d590fe4647ba1e041b858a3aba463a69ca0bb2b38a,2026-07-08 17:15:00+00:00,2026-07-08 14:00:00+00:00,0.0,,,-45.90746175370773,78.47,78.45734857142857,2026-07-08 14:15:00+00:00,2026-07-08 17:15:00+00:00,77.04674285714286,77.11,2026-07-08 12:45:00+00:00,0.5271428571428609,0.15,77.03092857142857,0.22222668326152828,84.16302857142855,4.00000000000001,78.45734857142857,等回踩重新定價,,,,,,,
V84,均線假跌破站回,Binance,ANKR/USDT:USDT,ANKR,小幣,2026-07-12 23:45:00+00:00,2026-07-13 00:00:00+00:00,0.0037,0.0036573942857142,4.260571428571459e-05,0.011515057915081088,0.434074877916446,0.461329715061054,2.490581996918536,1.6019466115484011,2.532894736842098,0.0880295699041526,10.655847639484891,41.33001915967795,2.0259319286871857,False,2.09131549651644,4.0,0.0038704228571428,0.0039130285714285,0.0039556342857142,2026-07-13 00:00:00+00:00,0.0036573942857142,原停損,敗,-1.0,-1.1540087564181196,-11.540087564181196,2026-07-13 00:00:00+00:00,LONG,LONG,V85暴漲前布局,0.2378454338061129,,只限BTCETH加大尾單,5,進場前歷史：5日均線持有品質較高,進場前歷史：5日均線持有品質較高,0,0,,False,一般配置,0.5,0.2,0.15,0.15,-0.0931833491283262,-0.1489751010461305,,,,,2026-07-13 00:00:00+00:00,0.0036573942857142,原停損,0.0,-1.0,-1.1554170600855223,-11.54008756417809,0.0,0.0,LOSS,2026-07-29 23:45:00+00:00,0.003281,已平倉,1.0,結構太窄,,,,,,,,,,,,,,,3.999999999990605,,,,,False,2026-07,0.2378454338061129,False,False,-11.540087564181196,保留V94核心,,,LONG過去24小時已有2筆進場,核心,CORE,0.2378454338061129,c930ecbd653fdfb02c8dfe9126ba9ac91865fb8b217651197e2e1e33058a954d,2026-07-13 00:00:00+00:00,2026-07-12 23:45:00+00:00,0.0,,,-47.77301559153226,,,,,,,,,,,,,,,,,,,,,,
V84,均線假跌破站回_延後一根確認,Binance,AIA/USDT:USDT,AIA,小幣,2026-07-15 12:45:00+00:00,2026-07-15 13:00:00+00:00,0.05446,0.0534507428571428,0.0010092571428572,0.01853208121294904,0.3328402366863825,0.7988110718929908,2.401775232015391,1.7164423942312248,3.515283842794754,0.2213027977304667,6.783999435108024,41.37933009887162,2.2852930335421906,False,2.446197406762322,4.0,0.0584970285714288,0.059506285714286,0.0605155428571432,2026-07-16 12:15:00+00:00,0.0545581163046742,含成本保本,勝,4.0,3.876837771402057,38.76837771402057,2026-07-15 12:45:00+00:00,LONG,LONG,V85暴漲前布局,0.2225310978372991,,只限BTCETH加大尾單,5,進場前歷史：5日均線持有品質較高,進場前歷史：5日均線持有品質較高,0,0,,False,一般配置,0.5,0.2,0.15,0.15,-0.1214044469373729,-0.2017564676139856,2026-07-16 10:15:00+00:00,2026-07-16 12:00:00+00:00,,,2026-07-16 12:15:00+00:00,0.0545581163046742,含成本保本,0.0,3.0,3.1742283518287704,29.01075729872,0.0,0.0,WIN,2026-07-29 23:45:00+00:00,0.06535,已平倉,0.0,,核心,,,,,,,,,,,,,,3.9999999999999796,,,,,False,2026-07,0.2225310978372991,False,False,38.76837771402057,保留V94核心,0.05426,0.05444,,,CORE,0.2225310978372991,76f58d5fd0f103610379b2a0aed8e093fa1952311058df3d550a4b79be8369f0,2026-07-15 13:00:00+00:00,2026-07-15 12:45:00+00:00,5.0,短線轉弱或趨勢不夠順（效率0.07），使用5日線,,129.7283577173922,,,,,,,,,,,,,,,,,,,,,,
V84,壓縮早突破,Binance,BE/USDT:USDT,BE,小幣,2026-07-21 13:15:00+00:00,2026-07-21 13:30:00+00:00,211.96,206.00977142857144,5.950228571428568,0.028072412584584674,2.06518076349107,1.1642332283614776,3.218424125296936,1.574814456925819,3.263846928499491,0.8504579055676128,23.417587799748404,49.16923461725925,8.480332044146778,True,4.545770996840131,4.0,235.76091428571428,241.71114285714285,247.6613714285714,2026-07-24 13:30:00+00:00,206.00977142857144,原停損,敗,-1.0,-1.0626470259844027,-10.626470259844028,2026-07-21 13:30:00+00:00,LONG,LONG,V96強勢突破延續_驗證型,49.16923461725925,10.0,只限BTCETH加大尾單,10,進場前歷史：10日均線持有品質較高,進場前歷史：10日均線持有品質較高,0,0,,False,一般配置,0.5,0.2,0.15,0.15,-0.1714330346371364,-0.0223000432495848,,,,,2026-07-24 13:30:00+00:00,206.00977142857144,原停損,0.0,-1.0,-1.0632198897521343,-10.626470259844028,0.0,0.0,LOSS,2026-07-29 23:45:00+00:00,166.78,已平倉,,,,,,,,,,,,,,,,,4.0,,,,,,,,,,,,,,LONG連敗冷卻中,新增,CORE,49.16923461725925,7461ab9a973b9c1345e9f085b9b250715b9701176faf17b1c8ff0ecc94207fff,2026-07-21 13:30:00+00:00,2026-07-21 13:15:00+00:00,0.0,,,-44.83230577252162,,,,,,,,,,,,,,,,,,,,,,
V84,壓縮早突破,Bitget,SQQQ/USDT:USDT,SQQQ,小幣,2026-07-24 13:15:00+00:00,2026-07-24 13:30:00+00:00,43.66,43.0115203777173,0.6471428571428604,0.014852945998229504,1.2784751278475115,0.8098102730217605,1.5408734602463603,1.7421923603334577,3.99000000000003,0.1894257119948448,60.31125827814539,41.09748557163247,3.5345421161349533,True,2.6905199027338624,4.0,46.2539184891308,46.9023981114135,47.550877733696204,2026-07-26 22:30:00+00:00,43.0115203777173,原停損,敗,-1.0,-1.1191980952470575,-11.191980952470576,2026-07-24 13:30:00+00:00,LONG,LONG,V85暴漲前布局,0.2609950775999595,,只限BTCETH加大尾單,10,進場前歷史：10日均線持有品質較高,進場前歷史：10日均線持有品質較高,0,0,,False,一般配置,0.5,0.2,0.15,0.15,-0.1094979370549968,-0.1046263647192295,,,,,2026-07-26 22:30:00+00:00,43.0115203777173,原停損,0.0,-1.0,-1.1202880794701982,-11.191980952470576,0.0,0.0,LOSS,2026-07-29 23:45:00+00:00,48.5,已平倉,1.0,空間數值異常,,,,,,,,,,,,,,,4.0,,,,,False,2026-07,0.2609950775999595,False,False,-11.191980952470576,保留V94核心,,,LONG連敗冷卻中,核心,CORE,-1.7390049224000406,72bba732cf984740bf38d3e0c612868522618001771e5bf9da908c932884dcd7,2026-07-24 13:30:00+00:00,2026-07-24 13:15:00+00:00,0.0,,,-47.22352927876203,,,,,,,,,,,,,,,,43.57,SQQQ/USDT:USDT,1.0020656414964424,,,,
V84,均線假跌破站回,Binance,ACU/USDT:USDT,ACU,小幣,2026-07-26 12:30:00+00:00,2026-07-26 12:45:00+00:00,0.07537,0.0747909714285714,0.0005790285714285,0.007682480714191429,0.3596164091635767,0.3863575806021924,1.9624886717364751,3.2390427781499143,4.0990990990991625,0.2091387841013959,23.867561432941503,48.29783543467703,1.1811546118115412,False,2.436307711565437,4.0,0.0776861142857143,0.0782651428571429,0.0788441714285714,2026-07-27 00:30:00+00:00,0.0788441714285714,TP3賣全部剩餘,勝,4.0,3.7642563933433006,37.64256393343301,2026-07-26 12:45:00+00:00,LONG,LONG,V85暴漲前布局,0.238004720081138,,只限BTCETH加大尾單,10,進場前歷史：10日均線持有品質較高,進場前歷史：10日均線持有品質較高,0,0,,False,一般配置,0.5,0.2,0.15,0.15,-0.2048715233571667,-0.1292180370340553,2026-07-27 00:00:00+00:00,2026-07-27 00:30:00+00:00,2026-07-27 00:30:00+00:00,,2026-07-27 00:30:00+00:00,0.0788441714285714,TP3賣全部剩餘,0.0,3.8999999999997614,4.511425680943173,36.643455778127205,0.0,0.0,WIN,2026-07-29 23:45:00+00:00,0.07179,已平倉,2.0,量能堆積過頭、空間數值異常,核心,,,,,,,,,,,,,,3.99999999999976,,,,,False,2026-07,0.238004720081138,False,False,37.64256393343301,保留V94核心,,,,,CORE,0.238004720081138,ca3dd94049f9a6fb440b3ec729711c5d880af5603962acaae2a4f18a1d968681,2026-07-26 12:45:00+00:00,2026-07-26 12:30:00+00:00,10.0,趨勢完整且順暢（效率0.50），使用10日線,單標的量能堆積加高結構分,188.09341092982982,,,,,,,,,,,,,,,,,,,,,,
V84,均線假跌破站回,Binance,BROCCOLIF3B/USDT:USDT,BROCCOLIF3B,小幣,2026-07-27 14:15:00+00:00,2026-07-27 14:30:00+00:00,0.005721,0.0056093857142857,0.0001116142857142,0.019509576247911314,1.006178287731685,1.3101983002832718,4.358639911657035,2.1410415763235475,3.612213740458012,0.2561731028721283,24.862408805836385,47.92859754116088,71.19888150996154,True,6.903907154591496,4.0,0.0061674571428571,0.0062790714285714,0.0063906857142857,2026-07-27 14:45:00+00:00,0.0063906857142857,TP3賣全部剩餘,勝,4.0,3.905006268829776,39.05006268829776,2026-07-27 14:30:00+00:00,LONG,LONG,V85暴漲前布局,0.2293285709015486,,只限BTCETH加大尾單,10,進場前歷史：10日均線持有品質較高,進場前歷史：10日均線持有品質較高,0,0,,False,一般配置,0.5,0.2,0.15,0.15,-0.083834187883086,-0.0502234886790556,2026-07-27 14:45:00+00:00,2026-07-27 14:45:00+00:00,2026-07-27 14:45:00+00:00,,2026-07-27 14:45:00+00:00,0.0063906857142857,TP3賣全部剩餘,0.0,3.899999999999213,4.653462616791612,38.05095453298648,0.0,0.0,WIN,2026-07-29 23:45:00+00:00,0.00556,已平倉,2.0,成交量瞬間過熱、空間數值異常,核心,,,,,,,,,,,,,,3.9999999999990754,,,,,False,2026-07,0.2293285709015486,False,False,39.05006268829776,保留V94核心,,,,,CORE,0.2293285709015486,4d1252cbba1c41ac6372de29c0056dd7c79cdf1a7e28264377f9ec3b22fad16e,2026-07-27 14:30:00+00:00,2026-07-27 14:15:00+00:00,5.0,短線轉弱或趨勢不夠順（效率-0.04），使用5日線,單標的量能堆積加高結構分,200.68949797504374,,,,,,,,,,,,,,,,,,,,,,
V84,均線假跌破站回,Bitget,FORM/USDT:USDT,FORM,小幣,2026-07-28 05:30:00+00:00,2026-07-28 05:45:00+00:00,0.1964,0.1926563804461661,0.003743099999999999,0.01906119935760641,1.814411612234324,1.0808028821410076,2.9901188095518174,1.8863270987726928,5.811320754716967,0.5253802988608229,33.32186281257165,42.52997171439818,3.105906313645624,False,4.577232943199875,3.9999999999999853,0.21137447821533561,0.21511128253761144,0.2188480868598872,2026-07-28 17:30:00+00:00,0.1926563804461661,原停損,敗,-1.0,-1.09286881055226,-10.9286881055226,2026-07-28 05:45:00+00:00,LONG,LONG,V85暴漲前布局,0.2218277759644575,,只限BTCETH加大尾單,10,進場前歷史：10日均線持有品質較高,進場前歷史：10日均線持有品質較高,0,0,,False,一般配置,0.5,0.2,0.15,0.15,-0.1419946926492705,-0.1048442426458872,,,,,2026-07-28 17:30:00+00:00,0.1926563804461661,原停損,0.0,-1.0,-1.0935326726891772,-10.928688105522577,0.0,0.0,LOSS,2026-07-29 23:45:00+00:00,0.2002,已平倉,2.0,成交量瞬間過熱、空間數值異常,,,,,,,,,,,,,,,4.000000000000007,,,,,False,2026-07,0.2218277759644575,False,False,-10.9286881055226,保留V94核心,,,LONG過去24小時已有3筆進場,核心,CORE,-1.7781722240355424,1fd1b5f001a085e97a9358e9c0fa45656d72be7e6153a4dab1c47a30f1b754b4,2026-07-28 05:45:00+00:00,2026-07-28 05:30:00+00:00,0.0,,,-49.355298498300606,0.1964,0.19637274285714285,2026-07-28 05:45:00+00:00,2026-07-28 05:45:00+00:00,0.1926637142857142,0.1928,2026-07-28 04:15:00+00:00,0.0011357142857142874,0.15,0.19262964285714285,0.18238128010772403,0.2113451428571428,3.9999999999999853,0.19637274285714285,等回踩重新定價,0.19637274285714285,FORM/USDT:USDT,1.0001388030867246,,,,
V84,壓縮早突破,Binance,ZEST/USDT:USDT,ZEST,小幣,2026-07-30 18:00:00+00:00,2026-07-30 18:15:00+00:00,0.25261,0.2498625714285714,0.0027474285714285,0.0108761671011779,0.6453411942795695,0.5172070817584862,1.5022152663498165,1.1423102446958275,2.503649635036493,0.4309123430735317,7.130303660565733,38.23941344789143,0.0752028497922108,False,3.9259397081237415,4.0,0.2635997142857142,0.2663471428571428,0.2690945714285714,2026-07-31 02:15:00+00:00,0.2498625714285714,停損,敗,-1.0,-1.1631079703411824,-11.631079703411825,2026-07-30 18:15:00+00:00,LONG,LONG,V85暴漲前布局,0.2236793163366763,,只限BTCETH加大尾單,5,進場前歷史：5日均線持有品質較高,進場前歷史：5日均線持有品質較高,0,0,,False,一般配置,0.5,0.2,0.15,0.15,-0.2466157867180478,-0.265255883356984,,,,,2026-07-31 02:15:00+00:00,0.2498625714285714,資料不足,100.0,-1.0,-1.1631079703411806,-11.631079703411809,0.0,0.0,OPEN,2026-07-31 19:00:00+00:00,0.25065,已平倉,1.0,結構太窄,核心,,,,,,,,,,,,,,,,,,,False,2026-07,0.2236793163366763,False,False,-11.631079703411825,保留V94核心,,,,,CORE,0.2236793163366763,d821960852f884f9a4242fe2c09c75fa6be2084308f4f0bba3a77e2fc63f2144,2026-07-30 18:15:00+00:00,2026-07-30 18:00:00+00:00,,,,0.0,,,,,,,,,,,,,,,,,,,,,,
V84,壓縮早突破,Binance,BTC/USDT:USDT,BTC,BTC,2026-08-13 14:30:00+00:00,2026-08-13 14:45:00+00:00,63933.1,63299.18628571429,633.9137142857144,0.0099152663375577,0.2402010664801945,0.5870044052863399,2.277003450141117,1.4625955775572943,3.4381401250793417,0.5586014008884145,4.718307764283388,44.19870157303172,0.0148592825938376,False,1.2,4.0,66468.75485714286,67102.66857142857,67736.58228571428,2026-08-13 16:15:00+00:00,63299.18628571429,停損,敗,-1.0,-1.1790013959072023,-11.790013959072024,2026-08-13 14:45:00+00:00,LONG,LONG,V85暴漲前布局,44.19870157303172,,只限BTCETH加大尾單,10,進場前歷史：10日均線持有品質較高,進場前歷史：10日均線持有品質較高,0,0,,False,一般配置,0.5,0.2,0.15,0.15,-0.2049290957871328,-0.0892583991072307,,,,,2026-08-13 16:15:00+00:00,63299.18628571429,資料不足,100.0,-1.0,-1.1790013959072043,-11.790013959072043,0.0,0.0,OPEN,2026-08-21 16:45:00+00:00,77462.3,已平倉,0.0,,核心,,,,,,,,,,,,,,,,,,,False,2026-08,,False,False,-11.790013959072024,保留V94核心,,,,,CORE,44.19870157303172,20b223d8815e2593c12fc84967011a636d2337124b0d30c16fda04e7274169ee,2026-08-13 14:45:00+00:00,2026-08-13 14:30:00+00:00,,,,0.0,,,,,,,,,,,,,,,,,,,,,,
V84,壓縮早突破,Binance,BTC/USDT:USDT,BTC,BTC,2026-08-17 01:30:00+00:00,2026-08-17 01:45:00+00:00,63191.4,62664.36171428571,527.0382857142904,0.0083403483023685,0.4212864891150358,0.5037002164622661,2.3572015415755714,2.6497219829553345,3.576710364604675,0.175498092755677,7.082407675452095,51.69848955546148,0.7940953990574595,False,1.2,4.0,65299.55314285716,65826.59142857145,66353.62971428575,2026-08-19 14:00:00+00:00,65299.55314285716,TP1_4R,勝,4.0,3.782569922889565,37.82569922889565,2026-08-17 01:45:00+00:00,LONG,LONG,V85暴漲前布局,51.69848955546148,,只限BTCETH加大尾單,10,進場前歷史：10日均線持有品質較高,趨勢完整且順暢（效率0.97），使用10日線,0,2,,True,BTC核心資產,0.25,0.2,0.15,0.4,-0.2002963037895557,-0.0790322662912129,2026-08-19 14:00:00+00:00,2026-08-19 14:45:00+00:00,2026-08-19 15:00:00+00:00,,,,資料不足,100.0,2.900000000000002,2.7263234917205903,27.263234917205903,10.778583676760512,107.78583676760512,OPEN,2026-08-21 16:45:00+00:00,77462.3,仍持有,0.0,,核心,,,,,,,,,,,,,,,,,,,False,2026-08,,False,False,37.82569922889565,保留V94核心,,,,,CORE,51.69848955546148,63386dc32f77f891917cb4da3ed30dad896ca9ad25ea72739913d6883ebfa008,2026-08-17 01:45:00+00:00,2026-08-17 01:30:00+00:00,,,單標的量能堆積加高結構分,0.0,,,,,,,,,,,,,,,,,,,,,,
V84,均線假跌破站回,Binance,ETH/USDT:USDT,ETH,ETH,2026-08-18 11:15:00+00:00,2026-08-18 11:30:00+00:00,1903.84,1893.774942857143,10.065057142856858,0.0052867137694642,0.4187984598343686,0.4511182985189599,2.2076733295104427,1.713862334262786,4.460671519135983,0.0196797954894934,7.765480005791125,37.1737691968379,0.9916799731069847,False,1.2,4.0,1944.100228571428,1954.165285714284,1964.230342857141,2026-08-18 13:30:00+00:00,1893.774942857143,停損,敗,-1.0,-1.336499107545769,-13.364991075457691,2026-08-18 11:30:00+00:00,LONG,LONG,V88_ETH暴漲前布局,0.371737691968379,,只限BTCETH加大尾單,10,進場前歷史：10日均線持有品質較高,進場前歷史：10日均線持有品質較高,0,0,,False,一般配置,0.5,0.2,0.15,0.15,-0.1963552023697463,-0.1224151081618124,,,,,2026-08-18 13:30:00+00:00,1893.774942857143,資料不足,100.0,-1.0,-1.336499107545769,-13.364991075457691,0.0,0.0,OPEN,2026-08-21 17:00:00+00:00,2414.95,已平倉,0.0,,核心,,,,,,,,,,,,,,,,,,,False,2026-08,,False,False,-13.364991075457691,保留V94核心,,,,,CORE,0.371737691968379,d1cc77108a9a39491a7e25f83d13280462d90b6c6b7a326f4c0426ec06e3439f,2026-08-18 11:30:00+00:00,2026-08-18 11:15:00+00:00,,,,0.0,,,,,,,,,,,,,,,,,,,,,,
